position_id,date,cash_balance,committed_funds,facility_drawn,cost_of_funds
TRS-20240801,2024-08-01,6600000000.00,0.00,6600000000.00,5.18
TRS-20240802,2024-08-02,6600000000.00,0.00,6600000000.00,5.18
TRS-20240803,2024-08-03,6600000000.00,33850000.00,6600000000.00,5.18
TRS-20240804,2024-08-04,6600000000.00,71230000.00,6600000000.00,5.18
TRS-20240805,2024-08-05,6600000000.00,149460000.00,6600000000.00,5.18
TRS-20240806,2024-08-06,6600000000.00,225960000.00,6600000000.00,5.18
TRS-20240807,2024-08-07,6558570000.00,301430000.00,6600000000.00,5.18
TRS-20240808,2024-08-08,6507310000.00,432170000.00,6600000000.00,5.18
TRS-20240809,2024-08-09,6473030000.00,454430000.00,6600000000.00,5.18
TRS-20240810,2024-08-10,6372460000.00,521610000.00,6600000000.00,5.18
TRS-20240811,2024-08-11,6284090000.00,601170000.00,6600000000.00,5.18
TRS-20240812,2024-08-12,6179320000.00,616660000.00,6600000000.00,5.18
TRS-20240813,2024-08-13,6050880000.00,639730000.00,6600000000.00,5.18
TRS-20240814,2024-08-14,5873610000.00,620420000.00,6600000000.00,5.18
TRS-20240815,2024-08-15,5754940000.00,657590000.00,6600000000.00,5.18
TRS-20240816,2024-08-16,5628510000.00,688640000.00,6600000000.00,5.18
TRS-20240817,2024-08-17,5457120000.00,620800000.00,6600000000.00,5.18
TRS-20240818,2024-08-18,5291960000.00,629400000.00,6600000000.00,5.18
TRS-20240819,2024-08-19,5166690000.00,684160000.00,6600000000.00,5.18
TRS-20240820,2024-08-20,5002280000.00,676090000.00,6600000000.00,5.18
TRS-20240821,2024-08-21,4807920000.00,685560000.00,6600000000.00,5.18
TRS-20240822,2024-08-22,4667480000.00,698200000.00,6600000000.00,5.18
TRS-20240823,2024-08-23,4477260000.00,736420000.00,6600000000.00,5.18
TRS-20240824,2024-08-24,4351580000.00,643270000.00,6600000000.00,5.18
TRS-20240825,2024-08-25,4173580000.00,660806000.00,6600000000.00,5.18
TRS-20240826,2024-08-26,3911410000.00,646786000.00,6600000000.00,5.18
TRS-20240827,2024-08-27,3767730000.00,680526000.00,6600000000.00,5.18
TRS-20240828,2024-08-28,3654670000.00,641496000.00,6600000000.00,5.18
TRS-20240829,2024-08-29,3446500000.00,666446000.00,6600000000.00,5.18
TRS-20240830,2024-08-30,3281950000.00,708355000.00,6600000000.00,5.18
TRS-20240831,2024-08-31,3116470000.00,747745000.00,6600000000.00,5.18
TRS-20240901,2024-09-01,7361140000.00,729157000.00,11000000000.00,5.29
TRS-20240902,2024-09-02,7170037508.33,679097000.00,11000000000.00,5.29
TRS-20240903,2024-09-03,7007872408.33,671559000.00,11000000000.00,5.29
TRS-20240904,2024-09-04,6831325752.78,620369000.00,11000000000.00,5.29
TRS-20240905,2024-09-05,6678158963.89,583729000.00,11000000000.00,5.29
TRS-20240906,2024-09-06,6563975080.55,603529000.00,11000000000.00,5.29
TRS-20240907,2024-09-07,6465271183.35,668028000.00,11000000000.00,5.29
TRS-20240908,2024-09-08,6329820694.46,737511000.00,11000000000.00,5.29
TRS-20240909,2024-09-09,6236017716.67,784188000.00,11000000000.00,5.29
TRS-20240910,2024-09-10,6105036822.23,822798000.00,11000000000.00,5.29
TRS-20240911,2024-09-11,5950365980.56,843318000.00,11000000000.00,5.29
TRS-20240912,2024-09-12,5809442886.11,895130000.00,11000000000.00,5.29
TRS-20240913,2024-09-13,5687295425.00,923545000.00,11000000000.00,5.29
TRS-20240914,2024-09-14,5574565375.01,1008264000.00,11000000000.00,5.29
TRS-20240915,2024-09-15,5350494797.22,1013529000.00,11000000000.00,5.29
TRS-20240916,2024-09-16,5190016002.78,1047449000.00,11000000000.00,5.29
TRS-20240917,2024-09-17,5076726536.10,1113576000.00,11000000000.00,5.29
TRS-20240918,2024-09-18,4978823672.20,1138216000.00,11000000000.00,5.29
TRS-20240919,2024-09-19,4832324666.64,1153016000.00,11000000000.00,5.29
TRS-20240920,2024-09-20,4705080638.85,1123036000.00,11000000000.00,5.29
TRS-20240921,2024-09-21,4524113797.19,1116496000.00,11000000000.00,5.29
TRS-20240922,2024-09-22,4416999952.74,1274525000.00,11000000000.00,5.29
TRS-20240923,2024-09-23,4310415683.31,1332431000.00,11000000000.00,5.29
TRS-20240924,2024-09-24,4127462719.43,1382456000.00,11000000000.00,5.29
TRS-20240925,2024-09-25,3974822333.30,1429287000.00,11000000000.00,5.29
TRS-20240926,2024-09-26,3834167416.66,1466352000.00,11000000000.00,5.29
TRS-20240927,2024-09-27,3722483666.68,1505512000.00,11000000000.00,5.29
TRS-20240928,2024-09-28,3572517680.57,1529176000.00,11000000000.00,5.29
TRS-20240929,2024-09-29,3408217233.36,1470558000.00,11000000000.00,5.29
TRS-20240930,2024-09-30,3233779119.48,1447528000.00,11000000000.00,5.29
TRS-20241001,2024-10-01,6764526688.90,1430916000.00,14699999999.99,5.26
TRS-20241002,2024-10-02,6625402433.36,1445683000.00,14699999999.99,5.26
TRS-20241003,2024-10-03,6480117177.81,1430446000.00,14699999999.99,5.26
TRS-20241004,2024-10-04,6357276086.13,1406318000.00,14699999999.99,5.26
TRS-20241005,2024-10-05,6199457438.90,1385733000.00,14699999999.99,5.26
TRS-20241006,2024-10-06,6076099236.14,1472629000.00,14699999999.99,5.26
TRS-20241007,2024-10-07,5966292050.03,1534423000.00,14699999999.99,5.26
TRS-20241008,2024-10-08,5898822297.28,1580126000.00,14699999999.99,5.26
TRS-20241009,2024-10-09,5796151605.56,1714485000.00,14699999999.99,5.26
TRS-20241010,2024-10-10,5715661844.46,1803907000.00,14699999999.99,5.26
TRS-20241011,2024-10-11,5631837661.09,1818937000.00,14699999999.99,5.26
TRS-20241012,2024-10-12,5491275613.87,1814159000.00,14699999999.99,5.26
TRS-20241013,2024-10-13,5373331852.77,1841096000.00,14699999999.99,5.26
TRS-20241014,2024-10-14,5212951613.87,1871413000.00,14699999999.99,5.26
TRS-20241015,2024-10-15,5114693699.99,1845365000.00,14699999999.99,5.26
TRS-20241016,2024-10-16,4992427994.43,1929103000.00,14699999999.99,5.26
TRS-20241017,2024-10-17,4803539502.76,1808435000.00,14699999999.99,5.26
TRS-20241018,2024-10-18,4670333827.72,1812061000.00,14699999999.99,5.26
TRS-20241019,2024-10-19,4533127752.72,1846061000.00,14699999999.99,5.26
TRS-20241020,2024-10-20,4414879597.17,1952494000.00,14699999999.99,5.26
TRS-20241021,2024-10-21,4334909986.07,2031264000.00,14699999999.99,5.26
TRS-20241022,2024-10-22,4268680827.78,1987544000.00,14699999999.99,5.26
TRS-20241023,2024-10-23,4133003874.98,1927074000.00,14699999999.99,5.26
TRS-20241024,2024-10-24,3982760197.16,1933744000.00,14699999999.99,5.26
TRS-20241025,2024-10-25,3862642872.18,1984125000.00,14699999999.99,5.26
TRS-20241026,2024-10-26,3765990394.40,1983025000.00,14699999999.99,5.26
TRS-20241027,2024-10-27,3665002780.52,2016709000.00,14699999999.99,5.26
TRS-20241028,2024-10-28,3542990158.33,2044319000.00,14699999999.99,5.26
TRS-20241029,2024-10-29,3400674963.90,2025399000.00,14699999999.99,5.26
TRS-20241030,2024-10-30,3301942363.91,2064414000.00,14699999999.99,5.26
TRS-20241031,2024-10-31,3186080511.13,2101200000.00,14699999999.99,5.26
TRS-20241101,2024-11-01,6061738877.83,2106787000.00,17699999999.99,5.27
TRS-20241102,2024-11-02,5952279841.69,2089477000.00,17699999999.99,5.27
TRS-20241103,2024-11-03,5839253247.19,2060027000.00,17699999999.99,5.27
TRS-20241104,2024-11-04,5680153477.75,2049785000.00,17699999999.99,5.27
TRS-20241105,2024-11-05,5560117691.66,2042935000.00,17699999999.99,5.27
TRS-20241106,2024-11-06,5427674555.54,2045385000.00,17699999999.99,5.27
TRS-20241107,2024-11-07,5353989408.33,2047465000.00,17699999999.99,5.27
TRS-20241108,2024-11-08,5303822094.43,2035425000.00,17699999999.99,5.27
TRS-20241109,2024-11-09,5226520511.10,2100291000.00,17699999999.99,5.27
TRS-20241110,2024-11-10,5142167061.12,2215529000.00,17699999999.99,5.27
TRS-20241111,2024-11-11,5094416225.01,2278726000.00,17699999999.99,5.27
TRS-20241112,2024-11-12,5030530880.58,2310773000.00,17699999999.99,5.27
TRS-20241113,2024-11-13,4967150341.65,2331958000.00,17699999999.99,5.27
TRS-20241114,2024-11-14,4852030177.71,2307678000.00,17699999999.99,5.27
TRS-20241115,2024-11-15,4764007388.85,2395441000.00,17699999999.99,5.27
TRS-20241116,2024-11-16,4643586766.63,2356671000.00,17699999999.99,5.27
TRS-20241117,2024-11-17,4536786672.16,2328121000.00,17699999999.99,5.27
TRS-20241118,2024-11-18,4377783938.83,2328618000.00,17699999999.99,5.27
TRS-20241119,2024-11-19,4247469152.72,2363174000.00,17699999999.99,5.27
TRS-20241120,2024-11-20,4182959930.51,2439384000.00,17699999999.99,5.27
TRS-20241121,2024-11-21,4087465372.11,2467495000.00,17699999999.99,5.27
TRS-20241122,2024-11-22,3966491627.64,2438498000.00,17699999999.99,5.27
TRS-20241123,2024-11-23,3890509813.76,2410438000.00,17699999999.99,5.27
TRS-20241124,2024-11-24,3755562377.65,2393458000.00,17699999999.99,5.27
TRS-20241125,2024-11-25,3602543108.22,2395017000.00,17699999999.99,5.27
TRS-20241126,2024-11-26,3499766477.67,2372417000.00,17699999999.99,5.27
TRS-20241127,2024-11-27,3387410202.68,2384507000.00,17699999999.99,5.27
TRS-20241128,2024-11-28,3333586819.36,2443007000.00,17699999999.99,5.27
TRS-20241129,2024-11-29,3247184319.37,2483255000.00,17699999999.99,5.27
TRS-20241130,2024-11-30,3160302333.21,2519612000.00,17699999999.99,5.27
TRS-20241201,2024-12-01,6105449269.34,2429172000.00,20799999999.98,5.31
TRS-20241202,2024-12-02,6011155933.23,2437310000.00,20799999999.98,5.31
TRS-20241203,2024-12-03,5875936394.31,2476342000.00,20799999999.98,5.31
TRS-20241204,2024-12-04,5767880544.32,2500413000.00,20799999999.98,5.31
TRS-20241205,2024-12-05,5682608602.66,2430503000.00,20799999999.98,5.31
TRS-20241206,2024-12-06,5600946741.52,2527267000.00,20799999999.98,5.31
TRS-20241207,2024-12-07,5541222291.51,2502920000.00,20799999999.98,5.31
TRS-20241208,2024-12-08,5437432744.29,2471699000.00,20799999999.98,5.31
TRS-20241209,2024-12-09,5374607860.91,2558589000.00,20799999999.98,5.31
TRS-20241210,2024-12-10,5305174416.48,2554949000.00,20799999999.98,5.31
TRS-20241211,2024-12-11,5276257305.35,2637493000.00,20799999999.98,5.31
TRS-20241212,2024-12-12,5235137180.40,2726757000.00,20799999999.98,5.31
TRS-20241213,2024-12-13,5116718060.95,2792111000.00,20799999999.98,5.31
TRS-20241214,2024-12-14,5042694202.58,2814911000.00,20799999999.98,5.31
TRS-20241215,2024-12-15,4933293871.99,2793224000.00,20799999999.98,5.31
TRS-20241216,2024-12-16,4830327796.98,2829220000.00,20799999999.98,5.31
TRS-20241217,2024-12-17,4775439472.01,2857299000.00,20799999999.98,5.31
TRS-20241218,2024-12-18,4639945144.22,2854346000.00,20799999999.98,5.31
TRS-20241219,2024-12-19,4528279046.95,2865946000.00,20799999999.98,5.31
TRS-20241220,2024-12-20,4472708763.55,2852426000.00,20799999999.98,5.31
TRS-20241221,2024-12-21,4365793394.15,2812811000.00,20799999999.98,5.31
TRS-20241222,2024-12-22,4305941738.58,2886391000.00,20799999999.98,5.31
TRS-20241223,2024-12-23,4174893471.88,2910048000.00,20799999999.98,5.31
TRS-20241224,2024-12-24,4094404149.75,2857437000.00,20799999999.98,5.31
TRS-20241225,2024-12-25,3899292791.40,2850597000.00,20799999999.98,5.31
TRS-20241226,2024-12-26,3822877552.56,2942690000.00,20799999999.98,5.31
TRS-20241227,2024-12-27,3694317122.00,2980824000.00,20799999999.98,5.31
TRS-20241228,2024-12-28,3633605521.96,2937361000.00,20799999999.98,5.31
TRS-20241229,2024-12-29,3444733472.01,2923381000.00,20799999999.98,5.31
TRS-20241230,2024-12-30,3310480424.80,2952381000.00,20799999999.98,5.31
TRS-20241231,2024-12-31,3206069974.75,2952781000.00,20799999999.98,5.31
TRS-20250101,2025-01-01,5805048958.10,2921631000.00,23499999999.99,5.31
TRS-20250102,2025-01-02,5691327385.89,2932272000.00,23499999999.99,5.31
TRS-20250103,2025-01-03,5588199224.81,2917872000.00,23499999999.99,5.31
TRS-20250104,2025-01-04,5439654102.60,2926108000.00,23499999999.99,5.31
TRS-20250105,2025-01-05,5360827366.49,2903568000.00,23499999999.99,5.31
TRS-20250106,2025-01-06,5282930641.47,2907886000.00,23499999999.99,5.31
TRS-20250107,2025-01-07,5190055024.78,2885568000.00,23499999999.99,5.31
TRS-20250108,2025-01-08,5159296024.73,2957383000.00,23499999999.99,5.31
TRS-20250109,2025-01-09,5063679494.24,2943382000.00,23499999999.99,5.31
TRS-20250110,2025-01-10,4943296666.44,2994626000.00,23499999999.99,5.31
TRS-20250111,2025-01-11,4842649983.05,2962805000.00,23499999999.99,5.31
TRS-20250112,2025-01-12,4744423688.56,2965150000.00,23499999999.99,5.31
TRS-20250113,2025-01-13,4705724671.89,2952007000.00,23499999999.99,5.31
TRS-20250114,2025-01-14,4613188505.20,2942997000.00,23499999999.99,5.31
TRS-20250115,2025-01-15,4524504771.86,2980300000.00,23499999999.99,5.31
TRS-20250116,2025-01-16,4472047077.43,3063735000.00,23499999999.99,5.31
TRS-20250117,2025-01-17,4365123205.18,3117995000.00,23499999999.99,5.31
TRS-20250118,2025-01-18,4363495496.85,3116823000.00,23499999999.99,5.31
TRS-20250119,2025-01-19,4261892391.31,3183233000.00,23499999999.99,5.31
TRS-20250120,2025-01-20,4219295780.17,3145039000.00,23499999999.99,5.31
TRS-20250121,2025-01-21,4175186902.35,3080470000.00,23499999999.99,5.31
TRS-20250122,2025-01-22,4140067591.31,3077813000.00,23499999999.99,5.31
TRS-20250123,2025-01-23,4096148177.39,3013042000.00,23499999999.99,5.31
TRS-20250124,2025-01-24,4016681158.01,3012402000.00,23499999999.99,5.31
TRS-20250125,2025-01-25,3964184385.76,3066775000.00,23499999999.99,5.31
TRS-20250126,2025-01-26,3822715980.16,3029961000.00,23499999999.99,5.31
TRS-20250127,2025-01-27,3694907205.15,3050974000.00,23499999999.99,5.31
TRS-20250128,2025-01-28,3630309082.90,3097003000.00,23499999999.99,5.31
TRS-20250129,2025-01-29,3438336607.86,3028674000.00,23499999999.99,5.31
TRS-20250130,2025-01-30,3358078599.54,3068014000.00,23499999999.99,5.31
TRS-20250131,2025-01-31,3261728196.79,3078654000.00,23499999999.99,5.31
TRS-20250201,2025-02-01,4743453630.13,3148993000.00,24999999999.99,5.30
TRS-20250202,2025-02-02,4699800019.02,3148686000.00,24999999999.99,5.30
TRS-20250203,2025-02-03,4622598046.85,3052362000.00,24999999999.99,5.30
TRS-20250204,2025-02-04,4522409632.95,3055302000.00,24999999999.99,5.30
TRS-20250205,2025-02-05,4411727894.06,3039162000.00,24999999999.99,5.30
TRS-20250206,2025-02-06,4338262869.02,3118413000.00,24999999999.99,5.30
TRS-20250207,2025-02-07,4249369519.00,3138453000.00,24999999999.99,5.30
TRS-20250208,2025-02-08,4168769021.77,3154163000.00,24999999999.99,5.30
TRS-20250209,2025-02-09,4106286041.11,3230888000.00,24999999999.99,5.30
TRS-20250210,2025-02-10,4014807085.52,3264385000.00,24999999999.99,5.30
TRS-20250211,2025-02-11,3917347291.13,3211355000.00,24999999999.99,5.30
TRS-20250212,2025-02-12,3890002671.70,3123840000.00,24999999999.99,5.30
TRS-20250213,2025-02-13,3698105671.69,3105280000.00,24999999999.99,5.30
TRS-20250214,2025-02-14,3580837027.30,3069916000.00,24999999999.99,5.30
TRS-20250215,2025-02-15,3524518841.12,3038958000.00,24999999999.99,5.30
TRS-20250216,2025-02-16,3472941355.00,3015720000.00,24999999999.99,5.30
TRS-20250217,2025-02-17,3406256580.10,2996132000.00,24999999999.99,5.30
TRS-20250218,2025-02-18,3353243205.16,3067792000.00,24999999999.99,5.30
TRS-20250219,2025-02-19,3333088024.53,3050682000.00,24999999999.99,5.30
TRS-20250220,2025-02-20,3266869546.69,3014164000.00,24999999999.99,5.30
TRS-20250221,2025-02-21,3256762677.13,3053168000.00,24999999999.99,5.30
TRS-20250222,2025-02-22,3237229157.72,3069432000.00,24999999999.99,5.30
TRS-20250223,2025-02-23,3166065966.08,3037351000.00,24999999999.99,5.30
TRS-20250224,2025-02-24,3146691846.61,3098563000.00,24999999999.99,5.30
TRS-20250225,2025-02-25,3193036654.91,3061352000.00,24999999999.99,5.30
TRS-20250226,2025-02-26,3154489815.90,3094615000.00,24999999999.99,5.30
TRS-20250227,2025-02-27,3163412121.41,3104958000.00,24999999999.99,5.30
TRS-20250228,2025-02-28,3177365826.91,3114847000.00,24999999999.99,5.30
TRS-20250301,2025-03-01,4912040715.84,3054065000.00,26799999999.99,5.30
TRS-20250302,2025-03-02,4829435974.15,3028192000.00,26799999999.99,5.30
TRS-20250303,2025-03-03,4722547338.05,3105930000.00,26799999999.99,5.30
TRS-20250304,2025-03-04,4666908368.65,3044779000.00,26799999999.99,5.30
TRS-20250305,2025-03-05,4613973638.05,3115865000.00,26799999999.99,5.30
TRS-20250306,2025-03-06,4538976651.96,3146990000.00,26799999999.99,5.30
TRS-20250307,2025-03-07,4507263963.07,3131685000.00,26799999999.99,5.30
TRS-20250308,2025-03-08,4458842151.83,3144715000.00,26799999999.99,5.30
TRS-20250309,2025-03-09,4423842629.62,3202755000.00,26799999999.99,5.30
TRS-20250310,2025-03-10,4362576249.08,3109588000.00,26799999999.99,5.30
TRS-20250311,2025-03-11,4305947110.09,3087228000.00,26799999999.99,5.30
TRS-20250312,2025-03-12,4246627812.82,3087648000.00,26799999999.99,5.30
TRS-20250313,2025-03-13,4183155218.36,3062139000.00,26799999999.99,5.30
TRS-20250314,2025-03-14,4085118712.88,3050768000.00,26799999999.99,5.30
TRS-20250315,2025-03-15,4022281426.70,3092353000.00,26799999999.99,5.30
TRS-20250316,2025-03-16,4047091074.01,3129498000.00,26799999999.99,5.30
TRS-20250317,2025-03-17,3996116524.04,3064530000.00,26799999999.99,5.30
TRS-20250318,2025-03-18,3966195865.74,3016560000.00,26799999999.99,5.30
TRS-20250319,2025-03-19,3896762596.31,2992312000.00,26799999999.99,5.30
TRS-20250320,2025-03-20,3804865024.06,2922292000.00,26799999999.99,5.30
TRS-20250321,2025-03-21,3786135463.01,2944660000.00,26799999999.99,5.30
TRS-20250322,2025-03-22,3794972140.78,2979992000.00,26799999999.99,5.30
TRS-20250323,2025-03-23,3772732493.56,2978264000.00,26799999999.99,5.30
TRS-20250324,2025-03-24,3829895935.19,3062444000.00,26799999999.99,5.30
TRS-20250325,2025-03-25,3687865490.69,3016664000.00,26799999999.99,5.30
TRS-20250326,2025-03-26,3679728404.67,3013424000.00,26799999999.99,5.30
TRS-20250327,2025-03-27,3645404568.63,2916698000.00,26799999999.99,5.30
TRS-20250328,2025-03-28,3522031107.54,3017570000.00,26799999999.99,5.30
TRS-20250329,2025-03-29,3401046854.72,3048267000.00,26799999999.99,5.30
TRS-20250330,2025-03-30,3335566221.41,2953856000.00,26799999999.99,5.30
TRS-20250331,2025-03-31,3190854468.59,2940387000.00,26799999999.99,5.30
TRS-20250401,2025-04-01,4136834518.57,2994627000.00,27799999999.99,5.30
TRS-20250402,2025-04-02,4087111315.81,2942252000.00,27799999999.99,5.30
TRS-20250403,2025-04-03,4069451096.34,2938530000.00,27799999999.99,5.30
TRS-20250404,2025-04-04,4022351493.50,2968618000.00,27799999999.99,5.30
TRS-20250405,2025-04-05,3977459026.91,3026833000.00,27799999999.99,5.30
TRS-20250406,2025-04-06,3920579454.62,3099532000.00,27799999999.99,5.30
TRS-20250407,2025-04-07,3916933212.91,3121757000.00,27799999999.99,5.30
TRS-20250408,2025-04-08,3859130179.58,3071337000.00,27799999999.99,5.30
TRS-20250409,2025-04-09,3774591424.04,3092773000.00,27799999999.99,5.30
TRS-20250410,2025-04-10,3745590307.33,3021339000.00,27799999999.99,5.30
TRS-20250411,2025-04-11,3713732935.13,2970560000.00,27799999999.99,5.30
TRS-20250412,2025-04-12,3646188068.48,2877833000.00,27799999999.99,5.30
TRS-20250413,2025-04-13,3628729318.46,2852906000.00,27799999999.99,5.30
TRS-20250414,2025-04-14,3590976815.63,2879583000.00,27799999999.99,5.30
TRS-20250415,2025-04-15,3559754657.38,2978706000.00,27799999999.99,5.30
TRS-20250416,2025-04-16,3561314679.57,2892310000.00,27799999999.99,5.30
TRS-20250417,2025-04-17,3539162732.41,2882863000.00,27799999999.99,5.30
TRS-20250418,2025-04-18,3454310701.83,2897182000.00,27799999999.99,5.30
TRS-20250419,2025-04-19,3495690437.99,2878144000.00,27799999999.99,5.30
TRS-20250420,2025-04-20,3433386046.32,2894894000.00,27799999999.99,5.30
TRS-20250421,2025-04-21,3368695926.84,2896744000.00,27799999999.99,5.30
TRS-20250422,2025-04-22,3346569946.25,2901913000.00,27799999999.99,5.30
TRS-20250423,2025-04-23,3363099704.63,2927544000.00,27799999999.99,5.30
TRS-20250424,2025-04-24,3408916851.92,2858504000.00,27799999999.99,5.30
TRS-20250425,2025-04-25,3431534740.80,2905466000.00,27799999999.99,5.30
TRS-20250426,2025-04-26,3382245854.74,2911047000.00,27799999999.99,5.30
TRS-20250427,2025-04-27,3335652224.26,2852277000.00,27799999999.99,5.30
TRS-20250428,2025-04-28,3334263788.11,2866447000.00,27799999999.99,5.30
TRS-20250429,2025-04-29,3275659840.70,2862991000.00,27799999999.99,5.30
TRS-20250430,2025-04-30,3155489146.13,2900382000.00,27799999999.99,5.30
TRS-20250501,2025-05-01,4360465937.84,2797552000.00,28999999999.99,5.29
TRS-20250502,2025-05-02,4311249987.82,2780042000.00,28999999999.99,5.29
TRS-20250503,2025-05-03,4272485218.43,2708331000.00,28999999999.99,5.29
TRS-20250504,2025-05-04,4165377960.04,2650650000.00,28999999999.99,5.29
TRS-20250505,2025-05-05,4104901090.65,2686586000.00,28999999999.99,5.29
TRS-20250506,2025-05-06,4089495979.61,2757310000.00,28999999999.99,5.29
TRS-20250507,2025-05-07,4104471029.65,2771637000.00,28999999999.99,5.29
TRS-20250508,2025-05-08,4060246874.28,2799853000.00,28999999999.99,5.29
TRS-20250509,2025-05-09,4085147232.46,2768355000.00,28999999999.99,5.29
TRS-20250510,2025-05-10,4029993868.67,2674346000.00,28999999999.99,5.29
TRS-20250511,2025-05-11,3975091632.44,2687685000.00,28999999999.99,5.29
TRS-20250512,2025-05-12,3918640854.54,2731215000.00,28999999999.99,5.29
TRS-20250513,2025-05-13,3865120099.21,2682648000.00,28999999999.99,5.29
TRS-20250514,2025-05-14,3838163307.43,2698988000.00,28999999999.99,5.29
TRS-20250515,2025-05-15,3849049412.86,2734378000.00,28999999999.99,5.29
TRS-20250516,2025-05-16,3822607268.54,2831411000.00,28999999999.99,5.29
TRS-20250517,2025-05-17,3752449643.58,2925658000.00,28999999999.99,5.29
TRS-20250518,2025-05-18,3718221615.74,2929838000.00,28999999999.99,5.29
TRS-20250519,2025-05-19,3681009485.38,2880541000.00,28999999999.99,5.29
TRS-20250520,2025-05-20,3636462346.50,2838414000.00,28999999999.99,5.29
TRS-20250521,2025-05-21,3605808507.42,2809244000.00,28999999999.99,5.29
TRS-20250522,2025-05-22,3574726362.84,2742755000.00,28999999999.99,5.29
TRS-20250523,2025-05-23,3512868648.86,2728718000.00,28999999999.99,5.29
TRS-20250524,2025-05-24,3578008504.14,2892308000.00,28999999999.99,5.29
TRS-20250525,2025-05-25,3612947734.64,2821556000.00,28999999999.99,5.29
TRS-20250526,2025-05-26,3582628912.53,2765006000.00,28999999999.99,5.29
TRS-20250527,2025-05-27,3489373959.91,2719240000.00,28999999999.99,5.29
TRS-20250528,2025-05-28,3470304187.68,2711812000.00,28999999999.99,5.29
TRS-20250529,2025-05-29,3341226907.13,2650921000.00,28999999999.99,5.29
TRS-20250530,2025-05-30,3302465748.71,2564501000.00,28999999999.99,5.29
TRS-20250531,2025-05-31,3194822543.30,2550740000.00,28999999999.99,5.29
TRS-20250601,2025-06-01,3759800184.90,2502270000.00,29599999999.99,5.29
TRS-20250602,2025-06-02,3782413504.48,2512830000.00,29599999999.99,5.29
TRS-20250603,2025-06-03,3725448287.85,2481073000.00,29599999999.99,5.29
TRS-20250604,2025-06-04,3733163015.58,2397512000.00,29599999999.99,5.29
TRS-20250605,2025-06-05,3718999893.39,2416113000.00,29599999999.99,5.29
TRS-20250606,2025-06-06,3726517787.55,2460563000.00,29599999999.99,5.29
TRS-20250607,2025-06-07,3708976629.13,2457647000.00,29599999999.99,5.29
TRS-20250608,2025-06-08,3673383881.87,2461681000.00,29599999999.99,5.29
TRS-20250609,2025-06-09,3666428693.28,2387109000.00,29599999999.99,5.29
TRS-20250610,2025-06-10,3606472560.06,2478263000.00,29599999999.99,5.29
TRS-20250611,2025-06-11,3559907443.31,2520669000.00,29599999999.99,5.29
TRS-20250612,2025-06-12,3567638032.23,2490184000.00,29599999999.99,5.29
TRS-20250613,2025-06-13,3499861046.16,2492271000.00,29599999999.99,5.29
TRS-20250614,2025-06-14,3431154865.68,2504401000.00,29599999999.99,5.29
TRS-20250615,2025-06-15,3427916985.15,2500781000.00,29599999999.99,5.29
TRS-20250616,2025-06-16,3414585340.64,2544549000.00,29599999999.99,5.29
TRS-20250617,2025-06-17,3385657682.29,2523119000.00,29599999999.99,5.29
TRS-20250618,2025-06-18,3334138049.09,2474159000.00,29599999999.99,5.29
TRS-20250619,2025-06-19,3319434749.06,2462266000.00,29599999999.99,5.29
TRS-20250620,2025-06-20,3276233512.81,2318129000.00,29599999999.99,5.29
TRS-20250621,2025-06-21,3206441965.78,2322019000.00,29599999999.99,5.29
TRS-20250622,2025-06-22,3183747054.57,2317472000.00,29599999999.99,5.29
TRS-20250623,2025-06-23,3238176385.27,2411132000.00,29599999999.99,5.29
TRS-20250624,2025-06-24,3295458941.01,2465802000.00,29599999999.99,5.29
TRS-20250625,2025-06-25,3327155979.97,2489628000.00,29599999999.99,5.29
TRS-20250626,2025-06-26,3351734666.21,2431879000.00,29599999999.99,5.29
TRS-20250627,2025-06-27,3344950471.63,2309439000.00,29599999999.99,5.29
TRS-20250628,2025-06-28,3302301724.35,2276490000.00,29599999999.99,5.29
TRS-20250629,2025-06-29,3183455635.49,2190714000.00,29599999999.99,5.29
TRS-20250630,2025-06-30,3177860474.56,2280939000.00,29599999999.99,5.29
TRS-20250701,2025-07-01,3592908577.27,2236789000.00,29999999999.98,5.29
TRS-20250702,2025-07-02,3572151463.46,2160833000.00,29999999999.98,5.29
TRS-20250703,2025-07-03,3590872246.82,2126386000.00,29999999999.98,5.29
TRS-20250704,2025-07-04,3615876313.47,2233305000.00,29999999999.98,5.29
TRS-20250705,2025-07-05,3641129157.99,2297206000.00,29999999999.98,5.29
TRS-20250706,2025-07-06,3646894610.68,2273308000.00,29999999999.98,5.29
TRS-20250707,2025-07-07,3591586571.71,2293295000.00,29999999999.98,5.29
TRS-20250708,2025-07-08,3567281466.35,2307341000.00,29999999999.98,5.29
TRS-20250709,2025-07-09,3542111421.91,2413481000.00,29999999999.98,5.29
TRS-20250710,2025-07-10,3541516949.66,2257329000.00,29999999999.98,5.29
TRS-20250711,2025-07-11,3492688405.43,2233871000.00,29999999999.98,5.29
TRS-20250712,2025-07-12,3510257299.73,2236046000.00,29999999999.98,5.29
TRS-20250713,2025-07-13,3453950196.79,2212276000.00,29999999999.98,5.29
TRS-20250714,2025-07-14,3465478557.82,2276536000.00,29999999999.98,5.29
TRS-20250715,2025-07-15,3465885769.18,2274892000.00,29999999999.98,5.29
TRS-20250716,2025-07-16,3458985166.38,2233672000.00,29999999999.98,5.29
TRS-20250717,2025-07-17,3414154149.54,2191122000.00,29999999999.98,5.29
TRS-20250718,2025-07-18,3341979249.52,2244050000.00,29999999999.98,5.29
TRS-20250719,2025-07-19,3362219305.02,2222424000.00,29999999999.98,5.29
TRS-20250720,2025-07-20,3307918346.77,2182281000.00,29999999999.98,5.29
TRS-20250721,2025-07-21,3305613580.20,2215091000.00,29999999999.98,5.29
TRS-20250722,2025-07-22,3265316569.04,2168088000.00,29999999999.98,5.29
TRS-20250723,2025-07-23,3268569052.54,2101698000.00,29999999999.98,5.29
TRS-20250724,2025-07-24,3375596296.96,2141568000.00,29999999999.98,5.29
TRS-20250725,2025-07-25,3387009924.68,2207242000.00,29999999999.98,5.29
TRS-20250726,2025-07-26,3410356291.39,2225402000.00,29999999999.98,5.29
TRS-20250727,2025-07-27,3395169355.37,2166423000.00,29999999999.98,5.29
TRS-20250728,2025-07-28,3390963361.14,2183695000.00,29999999999.98,5.29
TRS-20250729,2025-07-29,3334365497.41,2186743000.00,29999999999.98,5.29
TRS-20250730,2025-07-30,3262671575.26,2184800000.00,29999999999.98,5.29
TRS-20250731,2025-07-31,3181985558.53,2140230000.00,29999999999.98,5.29
TRS-20250801,2025-08-01,3390199589.16,2108205000.00,30299999999.98,5.29
TRS-20250802,2025-08-02,3388363780.70,2078347000.00,30299999999.98,5.29
TRS-20250803,2025-08-03,3388055480.68,2138497000.00,30299999999.98,5.29
TRS-20250804,2025-08-04,3411771733.44,2183387000.00,30299999999.98,5.29
TRS-20250805,2025-08-05,3410985186.17,2211204000.00,30299999999.98,5.29
TRS-20250806,2025-08-06,3433318680.63,2203124000.00,30299999999.98,5.29
TRS-20250807,2025-08-07,3384546144.72,2176750000.00,30299999999.98,5.29
TRS-20250808,2025-08-08,3400672505.86,2207702000.00,30299999999.98,5.29
TRS-20250809,2025-08-09,3411823605.80,2152540000.00,30299999999.98,5.29
TRS-20250810,2025-08-10,3401541480.83,2191380000.00,30299999999.98,5.29
TRS-20250811,2025-08-11,3418032139.34,2308717000.00,30299999999.98,5.29
TRS-20250812,2025-08-12,3407856350.43,2250746000.00,30299999999.98,5.29
TRS-20250813,2025-08-13,3364692191.98,2259396000.00,30299999999.98,5.29
TRS-20250814,2025-08-14,3358300922.55,2251176000.00,30299999999.98,5.29
TRS-20250815,2025-08-15,3311364358.73,2272820000.00,30299999999.98,5.29
TRS-20250816,2025-08-16,3309725683.70,2281167000.00,30299999999.98,5.29
TRS-20250817,2025-08-17,3303225294.77,2277489000.00,30299999999.98,5.29
TRS-20250818,2025-08-18,3323574992.00,2288956000.00,30299999999.98,5.29
TRS-20250819,2025-08-19,3312911108.92,2305867000.00,30299999999.98,5.29
TRS-20250820,2025-08-20,3237140408.89,2369797000.00,30299999999.98,5.29
TRS-20250821,2025-08-21,3271462153.41,2331157000.00,30299999999.98,5.29
TRS-20250822,2025-08-22,3259577346.98,2394367000.00,30299999999.98,5.29
TRS-20250823,2025-08-23,3284379902.29,2449194000.00,30299999999.98,5.29
TRS-20250824,2025-08-24,3331658865.98,2442325000.00,30299999999.98,5.29
TRS-20250825,2025-08-25,3359315213.04,2456906000.00,30299999999.98,5.29
TRS-20250826,2025-08-26,3324762018.75,2381726000.00,30299999999.98,5.29
TRS-20250827,2025-08-27,3337153501.80,2329344000.00,30299999999.98,5.29
TRS-20250828,2025-08-28,3342599146.20,2395954000.00,30299999999.98,5.29
TRS-20250829,2025-08-29,3303872670.26,2398187000.00,30299999999.98,5.29
TRS-20250830,2025-08-30,3265869059.84,2421352000.00,30299999999.98,5.29
TRS-20250831,2025-08-31,3210111738.93,2337499000.00,30299999999.98,5.29
TRS-20250901,2025-09-01,3325650122.34,2324545000.00,30399999999.98,5.29
TRS-20250902,2025-09-02,3325882697.34,2328286000.00,30399999999.98,5.29
TRS-20250903,2025-09-03,3320033011.46,2423055000.00,30399999999.98,5.29
TRS-20250904,2025-09-04,3303864481.83,2457511000.00,30399999999.98,5.29
TRS-20250905,2025-09-05,3335659221.27,2502033000.00,30399999999.98,5.29
TRS-20250906,2025-09-06,3323820973.96,2499507000.00,30399999999.98,5.29
TRS-20250907,2025-09-07,3330794901.74,2512580000.00,30399999999.98,5.29
TRS-20250908,2025-09-08,3304639362.56,2512360000.00,30399999999.98,5.29
TRS-20250909,2025-09-09,3317937956.52,2497872000.00,30399999999.98,5.29
TRS-20250910,2025-09-10,3306363787.13,2502472000.00,30399999999.98,5.29
TRS-20250911,2025-09-11,3295152501.15,2540350000.00,30399999999.98,5.29
TRS-20250912,2025-09-12,3303553806.07,2530436000.00,30399999999.98,5.29
TRS-20250913,2025-09-13,3293674511.58,2496943000.00,30399999999.98,5.29
TRS-20250914,2025-09-14,3276378354.35,2463593000.00,30399999999.98,5.29
TRS-20250915,2025-09-15,3290493853.91,2553714000.00,30399999999.98,5.29
TRS-20250916,2025-09-16,3235739856.65,2521594000.00,30399999999.98,5.29
TRS-20250917,2025-09-17,3223511118.46,2575934000.00,30399999999.98,5.29
TRS-20250918,2025-09-18,3254087988.45,2644061000.00,30399999999.98,5.29
TRS-20250919,2025-09-19,3247568989.29,2618761000.00,30399999999.98,5.29
TRS-20250920,2025-09-20,3253646261.92,2673428000.00,30399999999.98,5.29
TRS-20250921,2025-09-21,3234908379.70,2690230000.00,30399999999.98,5.29
TRS-20250922,2025-09-22,3241369896.85,2672380000.00,30399999999.98,5.29
TRS-20250923,2025-09-23,3206896307.87,2714502000.00,30399999999.98,5.29
TRS-20250924,2025-09-24,3270313925.62,2749139000.00,30399999999.98,5.29
TRS-20250925,2025-09-25,3290518256.81,2778497000.00,30399999999.98,5.29
TRS-20250926,2025-09-26,3330160869.04,2702107000.00,30399999999.98,5.29
TRS-20250927,2025-09-27,3351955617.15,2667178000.00,30399999999.98,5.29
TRS-20250928,2025-09-28,3327430998.52,2717589000.00,30399999999.98,5.29
TRS-20250929,2025-09-29,3239293550.06,2700293000.00,30399999999.98,5.29
TRS-20250930,2025-09-30,3189127799.80,2687272000.00,30399999999.98,5.29
TRS-20251001,2025-10-01,3374996632.18,2621081000.00,30599999999.98,5.29
TRS-20251002,2025-10-02,3352501040.68,2593734000.00,30599999999.98,5.29
TRS-20251003,2025-10-03,3315405936.39,2633236000.00,30599999999.98,5.29
TRS-20251004,2025-10-04,3284508938.93,2680412000.00,30599999999.98,5.29
TRS-20251005,2025-10-05,3313232316.14,2706162000.00,30599999999.98,5.29
TRS-20251006,2025-10-06,3355330481.62,2720554000.00,30599999999.98,5.29
TRS-20251007,2025-10-07,3372020006.51,2745138000.00,30599999999.98,5.29
TRS-20251008,2025-10-08,3420051030.30,2805310000.00,30599999999.98,5.29
TRS-20251009,2025-10-09,3347993355.59,2800627000.00,30599999999.98,5.29
TRS-20251010,2025-10-10,3348130046.08,2765187000.00,30599999999.98,5.29
TRS-20251011,2025-10-11,3375582373.68,2804077000.00,30599999999.98,5.29
TRS-20251012,2025-10-12,3406374500.06,2839518000.00,30599999999.98,5.29
TRS-20251013,2025-10-13,3418116461.71,2884482000.00,30599999999.98,5.29
TRS-20251014,2025-10-14,3370671673.30,2914476000.00,30599999999.98,5.29
TRS-20251015,2025-10-15,3311093709.71,2839314000.00,30599999999.98,5.29
TRS-20251016,2025-10-16,3309585033.49,2820156000.00,30599999999.98,5.29
TRS-20251017,2025-10-17,3336748663.94,2919614000.00,30599999999.98,5.29
TRS-20251018,2025-10-18,3328493476.21,2923155000.00,30599999999.98,5.29
TRS-20251019,2025-10-19,3301434665.60,2936335000.00,30599999999.98,5.29
TRS-20251020,2025-10-20,3321265803.00,2930892000.00,30599999999.98,5.29
TRS-20251021,2025-10-21,3287567142.63,2898673000.00,30599999999.98,5.29
TRS-20251022,2025-10-22,3292530361.27,2961770000.00,30599999999.98,5.29
TRS-20251023,2025-10-23,3332547326.48,2918299000.00,30599999999.98,5.29
TRS-20251024,2025-10-24,3386285567.56,2898196000.00,30599999999.98,5.29
TRS-20251025,2025-10-25,3440193130.84,2956165000.00,30599999999.98,5.29
TRS-20251026,2025-10-26,3409902779.36,2888247000.00,30599999999.98,5.29
TRS-20251027,2025-10-27,3390543263.92,2876487000.00,30599999999.98,5.29
TRS-20251028,2025-10-28,3414949883.14,2840027000.00,30599999999.98,5.29
TRS-20251029,2025-10-29,3300452263.11,2798493000.00,30599999999.98,5.29
TRS-20251030,2025-10-30,3236116551.07,2744018000.00,30599999999.98,5.29
TRS-20251031,2025-10-31,3186990500.08,2674760000.00,30599999999.98,5.29
TRS-20251101,2025-11-01,3413919925.17,2649486000.00,30899999999.97,5.30
TRS-20251102,2025-11-02,3362734063.92,2700328000.00,30899999999.97,5.30
TRS-20251103,2025-11-03,3372953903.04,2762634000.00,30899999999.97,5.30
TRS-20251104,2025-11-04,3370472405.20,2826831000.00,30899999999.97,5.30
TRS-20251105,2025-11-05,3442960395.69,2761324000.00,30899999999.97,5.30
TRS-20251106,2025-11-06,3418789776.14,2749113000.00,30899999999.97,5.30
TRS-20251107,2025-11-07,3360715621.50,2730987000.00,30899999999.97,5.30
TRS-20251108,2025-11-08,3385307429.01,2710582000.00,30899999999.97,5.30
TRS-20251109,2025-11-09,3362751856.41,2705931000.00,30899999999.97,5.30
TRS-20251110,2025-11-10,3370002355.81,2745540000.00,30899999999.97,5.30
TRS-20251111,2025-11-11,3338437882.53,2645984000.00,30899999999.97,5.30
TRS-20251112,2025-11-12,3384078030.68,2639244000.00,30899999999.97,5.30
TRS-20251113,2025-11-13,3328568654.95,2724434000.00,30899999999.97,5.30
TRS-20251114,2025-11-14,3299386607.31,2646954000.00,30899999999.97,5.30
TRS-20251115,2025-11-15,3309301244.18,2720914000.00,30899999999.97,5.30
TRS-20251116,2025-11-16,3312500907.08,2691621000.00,30899999999.97,5.30
TRS-20251117,2025-11-17,3303422782.88,2730505000.00,30899999999.97,5.30
TRS-20251118,2025-11-18,3292055649.91,2756099000.00,30899999999.97,5.30
TRS-20251119,2025-11-19,3319674186.34,2762081000.00,30899999999.97,5.30
TRS-20251120,2025-11-20,3268815579.35,2711121000.00,30899999999.97,5.30
TRS-20251121,2025-11-21,3209671308.27,2691017000.00,30899999999.97,5.30
TRS-20251122,2025-11-22,3141905125.29,2699663000.00,30899999999.97,5.30
TRS-20251123,2025-11-23,3179126309.51,2824138000.00,30899999999.97,5.30
TRS-20251124,2025-11-24,3287807048.15,2820108000.00,30899999999.97,5.30
TRS-20251125,2025-11-25,3380348798.78,2767552000.00,30899999999.97,5.30
TRS-20251126,2025-11-26,3398477008.49,2692939000.00,30899999999.97,5.30
TRS-20251127,2025-11-27,3375648417.69,2714115000.00,30899999999.97,5.30
TRS-20251128,2025-11-28,3373001242.09,2650069000.00,30899999999.97,5.30
TRS-20251129,2025-11-29,3325792165.86,2679221000.00,30899999999.97,5.30
TRS-20251130,2025-11-30,3253028848.32,2726183000.00,30899999999.97,5.30
TRS-20251201,2025-12-01,3482180298.57,2693233000.00,31099999999.97,5.30
TRS-20251202,2025-12-02,3464333436.14,2717273000.00,31099999999.97,5.30
TRS-20251203,2025-12-03,3461648200.60,2737989000.00,31099999999.97,5.30
TRS-20251204,2025-12-04,3455029077.66,2714722000.00,31099999999.97,5.30
TRS-20251205,2025-12-05,3439972116.64,2806074000.00,31099999999.97,5.30
TRS-20251206,2025-12-06,3393938684.73,2825037000.00,31099999999.97,5.30
TRS-20251207,2025-12-07,3407997870.14,2904363000.00,31099999999.97,5.30
TRS-20251208,2025-12-08,3424489129.77,2867373000.00,31099999999.97,5.30
TRS-20251209,2025-12-09,3426800735.82,2856040000.00,31099999999.97,5.30
TRS-20251210,2025-12-10,3373003242.70,2799280000.00,31099999999.97,5.30
TRS-20251211,2025-12-11,3339558285.50,2755989000.00,31099999999.97,5.30
TRS-20251212,2025-12-12,3337643898.33,2746700000.00,31099999999.97,5.30
TRS-20251213,2025-12-13,3270876066.92,2799828000.00,31099999999.97,5.30
TRS-20251214,2025-12-14,3265591150.99,2787614000.00,31099999999.97,5.30
TRS-20251215,2025-12-15,3246478177.40,2732267000.00,31099999999.97,5.30
TRS-20251216,2025-12-16,3274286524.63,2813944000.00,31099999999.97,5.30
TRS-20251217,2025-12-17,3291301832.10,2826314000.00,31099999999.97,5.30
TRS-20251218,2025-12-18,3325573778.72,2859803000.00,31099999999.97,5.30
TRS-20251219,2025-12-19,3291066065.70,2824063000.00,31099999999.97,5.30
TRS-20251220,2025-12-20,3288668361.86,2862947000.00,31099999999.97,5.30
TRS-20251221,2025-12-21,3255516807.40,2775330000.00,31099999999.97,5.30
TRS-20251222,2025-12-22,3183925663.67,2736130000.00,31099999999.97,5.30
TRS-20251223,2025-12-23,3150449019.22,2757783000.00,31099999999.97,5.30
TRS-20251224,2025-12-24,3226062450.59,2766723000.00,31099999999.97,5.30
TRS-20251225,2025-12-25,3266406607.08,2683792000.00,31099999999.97,5.30
TRS-20251226,2025-12-26,3260836723.84,2653201000.00,31099999999.97,5.30
TRS-20251227,2025-12-27,3290623471.52,2655359000.00,31099999999.97,5.30
TRS-20251228,2025-12-28,3313180565.93,2636300000.00,31099999999.97,5.30
TRS-20251229,2025-12-29,3236613156.92,2581429000.00,31099999999.97,5.30
TRS-20251230,2025-12-30,3190635625.19,2583637000.00,31099999999.97,5.30
TRS-20251231,2025-12-31,3188860758.58,2659625000.00,31099999999.97,5.30
TRS-20260101,2026-01-01,3412147193.69,2736376000.00,31299999999.98,5.30
TRS-20260102,2026-01-02,3439161422.05,2738923000.00,31299999999.98,5.30
TRS-20260103,2026-01-03,3489418755.37,2723431000.00,31299999999.98,5.30
TRS-20260104,2026-01-04,3420978186.41,2694402000.00,31299999999.98,5.30
TRS-20260105,2026-01-05,3428526032.20,2797163000.00,31299999999.98,5.30
TRS-20260106,2026-01-06,3444414011.73,2671295000.00,31299999999.98,5.30
TRS-20260107,2026-01-07,3498986661.56,2711351000.00,31299999999.98,5.30
TRS-20260108,2026-01-08,3496360713.94,2601456000.00,31299999999.98,5.30
TRS-20260109,2026-01-09,3468736529.20,2614579000.00,31299999999.98,5.30
TRS-20260110,2026-01-10,3483226969.16,2528154000.00,31299999999.98,5.30
TRS-20260111,2026-01-11,3504499384.99,2561279000.00,31299999999.98,5.30
TRS-20260112,2026-01-12,3482417642.69,2613507000.00,31299999999.98,5.30
TRS-20260113,2026-01-13,3500234094.54,2579873000.00,31299999999.98,5.30
TRS-20260114,2026-01-14,3465696535.94,2619329000.00,31299999999.98,5.30
TRS-20260115,2026-01-15,3392337593.13,2657054000.00,31299999999.98,5.30
TRS-20260116,2026-01-16,3356278866.08,2573430000.00,31299999999.98,5.30
TRS-20260117,2026-01-17,3294239169.52,2586710000.00,31299999999.98,5.30
TRS-20260118,2026-01-18,3255614605.37,2643733000.00,31299999999.98,5.30
TRS-20260119,2026-01-19,3259721830.44,2758686000.00,31299999999.98,5.30
TRS-20260120,2026-01-20,3302860845.42,2750756000.00,31299999999.98,5.30
TRS-20260121,2026-01-21,3292636435.88,2783886000.00,31299999999.98,5.30
TRS-20260122,2026-01-22,3303990413.31,2794644000.00,31299999999.98,5.30
TRS-20260123,2026-01-23,3318799215.31,2742827000.00,31299999999.98,5.30
TRS-20260124,2026-01-24,3371462756.71,2724937000.00,31299999999.98,5.30
TRS-20260125,2026-01-25,3371841447.39,2636717000.00,31299999999.98,5.30
TRS-20260126,2026-01-26,3341215902.46,2551610000.00,31299999999.98,5.30
TRS-20260127,2026-01-27,3306993652.76,2517703000.00,31299999999.98,5.30
TRS-20260128,2026-01-28,3334106485.03,2450402000.00,31299999999.98,5.30
TRS-20260129,2026-01-29,3238398883.22,2507296000.00,31299999999.98,5.30
TRS-20260130,2026-01-30,3212762256.35,2551875000.00,31299999999.98,5.30
TRS-20260131,2026-01-31,3236953845.16,2690198000.00,31299999999.98,5.30
TRS-20260201,2026-02-01,3636201056.83,2736828000.00,31799999999.98,5.30
TRS-20260202,2026-02-02,3640267433.01,2680059000.00,31799999999.98,5.30
TRS-20260203,2026-02-03,3608453157.22,2760720000.00,31799999999.98,5.30
TRS-20260204,2026-02-04,3561161740.91,2764910000.00,31799999999.98,5.30
TRS-20260205,2026-02-05,3492736953.81,2739135000.00,31799999999.98,5.30
TRS-20260206,2026-02-06,3530231173.62,2719858000.00,31799999999.98,5.30
TRS-20260207,2026-02-07,3547816618.45,2717515000.00,31799999999.98,5.30
TRS-20260208,2026-02-08,3543119561.31,2781245000.00,31799999999.98,5.30
TRS-20260209,2026-02-09,3535736849.09,2867254000.00,31799999999.98,5.30
TRS-20260210,2026-02-10,3543841442.68,2836610000.00,31799999999.98,5.30
TRS-20260211,2026-02-11,3498006130.56,2778578000.00,31799999999.98,5.30
TRS-20260212,2026-02-12,3442769171.73,2751598000.00,31799999999.98,5.30
TRS-20260213,2026-02-13,3328813589.02,2795433000.00,31799999999.98,5.30
TRS-20260214,2026-02-14,3295794045.55,2839802000.00,31799999999.98,5.30
TRS-20260215,2026-02-15,3252604273.44,2722713000.00,31799999999.98,5.30
TRS-20260216,2026-02-16,3219263613.12,2684973000.00,31799999999.98,5.30
TRS-20260217,2026-02-17,3149565467.41,2700793000.00,31799999999.98,5.30
TRS-20260218,2026-02-18,3112662772.85,2664387000.00,31799999999.98,5.30
TRS-20260219,2026-02-19,3163282086.57,2679485000.00,31799999999.98,5.30
TRS-20260220,2026-02-20,3116137932.06,2755024000.00,31799999999.98,5.30
TRS-20260221,2026-02-21,3132347709.22,2717576000.00,31799999999.98,5.30
TRS-20260222,2026-02-22,3103243560.96,2677466000.00,31799999999.98,5.30
TRS-20260223,2026-02-23,3046461834.60,2657706000.00,31799999999.98,5.30
TRS-20260224,2026-02-24,3069567616.85,2647627000.00,31799999999.98,5.30
TRS-20260225,2026-02-25,3129220697.04,2622947000.00,31799999999.98,5.30
TRS-20260226,2026-02-26,3188619524.57,2590761000.00,31799999999.98,5.30
TRS-20260227,2026-02-27,3119341645.17,2542711000.00,31799999999.98,5.30
TRS-20260228,2026-02-28,3211774159.91,2452747000.00,31799999999.98,5.30
TRS-20260301,2026-03-01,4338556060.35,2469007000.00,32999999999.98,5.30
TRS-20260302,2026-03-02,4309222464.93,2362483000.00,32999999999.98,5.30
TRS-20260303,2026-03-03,4271620029.55,2359433000.00,32999999999.98,5.30
TRS-20260304,2026-03-04,4256292358.85,2416893000.00,32999999999.98,5.30
TRS-20260305,2026-03-05,4293176023.87,2495137000.00,32999999999.98,5.30
TRS-20260306,2026-03-06,4253968021.05,2558275000.00,32999999999.98,5.30
TRS-20260307,2026-03-07,4212317957.28,2555990000.00,32999999999.98,5.30
TRS-20260308,2026-03-08,4243899562.00,2594519000.00,32999999999.98,5.30
TRS-20260309,2026-03-09,4242366892.25,2558769000.00,32999999999.98,5.30
TRS-20260310,2026-03-10,4192248715.32,2572009000.00,32999999999.98,5.30
TRS-20260311,2026-03-11,4145674637.64,2527829000.00,32999999999.98,5.30
TRS-20260312,2026-03-12,4151907292.61,2616962000.00,32999999999.98,5.30
TRS-20260313,2026-03-13,4108714748.13,2676559000.00,32999999999.98,5.30
TRS-20260314,2026-03-14,4059582461.21,2627349000.00,32999999999.98,5.30
TRS-20260315,2026-03-15,4052633965.84,2548869000.00,32999999999.98,5.30
TRS-20260316,2026-03-16,4007353719.41,2583589000.00,32999999999.98,5.30
TRS-20260317,2026-03-17,3957541593.79,2576072000.00,32999999999.98,5.30
TRS-20260318,2026-03-18,3892231059.50,2536474000.00,32999999999.98,5.30
TRS-20260319,2026-03-19,3894895334.88,2566277000.00,32999999999.98,5.30
TRS-20260320,2026-03-20,3861479716.56,2522537000.00,32999999999.98,5.30
TRS-20260321,2026-03-21,3805289935.20,2676238000.00,32999999999.98,5.30
TRS-20260322,2026-03-22,3753275145.66,2671748000.00,32999999999.98,5.30
TRS-20260323,2026-03-23,3803771670.01,2669267000.00,32999999999.98,5.30
TRS-20260324,2026-03-24,3831919406.72,2699777000.00,32999999999.98,5.30
TRS-20260325,2026-03-25,3810162187.87,2630675000.00,32999999999.98,5.30
TRS-20260326,2026-03-26,3765479006.97,2622911000.00,32999999999.98,5.30
TRS-20260327,2026-03-27,3606414685.25,2535585000.00,32999999999.98,5.30
TRS-20260328,2026-03-28,3505776113.43,2558906000.00,32999999999.98,5.30
TRS-20260329,2026-03-29,3440734877.07,2579137000.00,32999999999.98,5.30
TRS-20260330,2026-03-30,3349931443.62,2658884000.00,32999999999.98,5.30
TRS-20260331,2026-03-31,3284464951.12,2680715000.00,32999999999.98,5.30
TRS-20260401,2026-04-01,4306538814.12,2786541000.00,33999999999.98,5.30
TRS-20260402,2026-04-02,4277450102.99,2857233000.00,33999999999.98,5.30
TRS-20260403,2026-04-03,4240963853.31,2806009000.00,33999999999.98,5.30
TRS-20260404,2026-04-04,4239726110.15,2716955000.00,33999999999.98,5.30
TRS-20260405,2026-04-05,4195629040.78,2674115000.00,33999999999.98,5.30
TRS-20260406,2026-04-06,4117265136.00,2590947000.00,33999999999.98,5.30
TRS-20260407,2026-04-07,4018845354.79,2572345000.00,33999999999.98,5.30
TRS-20260408,2026-04-08,3888621848.96,2621341000.00,33999999999.98,5.30
TRS-20260409,2026-04-09,3811017646.68,2642651000.00,33999999999.98,5.30
TRS-20260410,2026-04-10,3858082784.88,2638149000.00,33999999999.98,5.30
TRS-20260411,2026-04-11,3829548707.08,2666098000.00,33999999999.98,5.30
TRS-20260412,2026-04-12,3788434075.78,2680433000.00,33999999999.98,5.30
TRS-20260413,2026-04-13,3775704590.11,2747552000.00,33999999999.98,5.30
TRS-20260414,2026-04-14,3712125002.90,2727052000.00,33999999999.98,5.30
TRS-20260415,2026-04-15,3695799286.51,2698558000.00,33999999999.98,5.30
TRS-20260416,2026-04-16,3680181497.82,2726204000.00,33999999999.98,5.30
TRS-20260417,2026-04-17,3634160575.53,2742086000.00,33999999999.98,5.30
TRS-20260418,2026-04-18,3630350314.39,2811131000.00,33999999999.98,5.30
TRS-20260419,2026-04-19,3643066396.33,2861748000.00,33999999999.98,5.30
TRS-20260420,2026-04-20,3540506307.82,2808532000.00,33999999999.98,5.30
TRS-20260421,2026-04-21,3506941332.81,2729900000.00,33999999999.98,5.30
TRS-20260422,2026-04-22,3487775003.03,2753544000.00,33999999999.98,5.30
TRS-20260423,2026-04-23,3422638935.32,2736340000.00,33999999999.98,5.30
TRS-20260424,2026-04-24,3433092538.51,2768881000.00,33999999999.98,5.30
TRS-20260425,2026-04-25,3427570534.39,2711781000.00,33999999999.98,5.30
TRS-20260426,2026-04-26,3448269065.48,2688151000.00,33999999999.98,5.30
TRS-20260427,2026-04-27,3437699390.85,2674651000.00,33999999999.98,5.30
TRS-20260428,2026-04-28,3458790242.51,2677057000.00,33999999999.98,5.30
TRS-20260429,2026-04-29,3302560630.31,2652435000.00,33999999999.98,5.30
TRS-20260430,2026-04-30,3260470415.82,2679405000.00,33999999999.98,5.30
TRS-20260501,2026-05-01,5030165846.20,2795541000.00,35799999999.99,5.30
TRS-20260502,2026-05-02,4979320916.55,2792619000.00,35799999999.99,5.30
TRS-20260503,2026-05-03,4930644332.21,2833229000.00,35799999999.99,5.30
TRS-20260504,2026-05-04,4820728787.39,2853859000.00,35799999999.99,5.30
TRS-20260505,2026-05-05,4811030990.72,2839792000.00,35799999999.99,5.30
TRS-20260506,2026-05-06,4767663091.90,2809872000.00,35799999999.99,5.30
TRS-20260507,2026-05-07,4673080501.17,2859414000.00,35799999999.99,5.30
TRS-20260508,2026-05-08,4569822931.07,2885756000.00,35799999999.99,5.30
TRS-20260509,2026-05-09,4536783677.31,2918477000.00,35799999999.99,5.30
TRS-20260510,2026-05-10,4458471567.92,2871787000.00,35799999999.99,5.30
TRS-20260511,2026-05-11,4368698148.29,2927849000.00,35799999999.99,5.30
TRS-20260512,2026-05-12,4301375691.24,2836700000.00,35799999999.99,5.30
TRS-20260513,2026-05-13,4234500747.15,2768530000.00,35799999999.99,5.30
TRS-20260514,2026-05-14,4111447904.22,2748723000.00,35799999999.99,5.30
TRS-20260515,2026-05-15,4084161020.39,2693552000.00,35799999999.99,5.30
TRS-20260516,2026-05-16,4024025173.81,2686212000.00,35799999999.99,5.30
TRS-20260517,2026-05-17,3920019972.85,2685128000.00,35799999999.99,5.30
TRS-20260518,2026-05-18,3881721248.16,2705936000.00,35799999999.99,5.30
TRS-20260519,2026-05-19,3883965018.90,2828697000.00,35799999999.99,5.30
TRS-20260520,2026-05-20,3863092215.31,2841047000.00,35799999999.99,5.30
TRS-20260521,2026-05-21,3771870858.05,2720196000.00,35799999999.99,5.30
TRS-20260522,2026-05-22,3730644543.58,2655826000.00,35799999999.99,5.30
TRS-20260523,2026-05-23,3632286057.97,2679251000.00,35799999999.99,5.30
TRS-20260524,2026-05-24,3667291548.26,2661167000.00,35799999999.99,5.30
TRS-20260525,2026-05-25,3639957405.38,2653344000.00,35799999999.99,5.30
TRS-20260526,2026-05-26,3631826848.67,2740640000.00,35799999999.99,5.30
TRS-20260527,2026-05-27,3590310350.06,2675642000.00,35799999999.99,5.30
TRS-20260528,2026-05-28,3462180646.75,2674232000.00,35799999999.99,5.30
TRS-20260529,2026-05-29,3359946069.87,2670450000.00,35799999999.99,5.30
TRS-20260530,2026-05-30,3324589523.81,2690980000.00,35799999999.99,5.30
TRS-20260531,2026-05-31,3260906533.11,2693592000.00,35799999999.99,5.30
TRS-20260601,2026-06-01,4440904424.72,2692845000.00,36999999999.99,5.30
TRS-20260602,2026-06-02,4430377546.35,2693568000.00,36999999999.99,5.30
TRS-20260603,2026-06-03,4371732845.98,2699568000.00,36999999999.99,5.30
TRS-20260604,2026-06-04,4288091851.87,2728398000.00,36999999999.99,5.30
TRS-20260605,2026-06-05,4252009903.43,2772528000.00,36999999999.99,5.30
TRS-20260606,2026-06-06,4196346196.60,2784884000.00,36999999999.99,5.30
TRS-20260607,2026-06-07,4177915443.79,2688334000.00,36999999999.99,5.30
TRS-20260608,2026-06-08,4089205039.59,2678960000.00,36999999999.99,5.30
TRS-20260609,2026-06-09,4039495938.61,2660687000.00,36999999999.99,5.30
TRS-20260610,2026-06-10,4003122365.91,2662427000.00,36999999999.99,5.30
TRS-20260611,2026-06-11,3941436042.51,2662498000.00,36999999999.99,5.30
TRS-20260612,2026-06-12,3864777475.01,2616298000.00,36999999999.99,5.30
TRS-20260613,2026-06-13,3855423824.48,2576540000.00,36999999999.99,5.30
TRS-20260614,2026-06-14,3789380912.96,2644504000.00,36999999999.99,5.30
TRS-20260615,2026-06-15,3705171600.65,2626616000.00,36999999999.99,5.30
TRS-20260616,2026-06-16,3665402391.79,2712786000.00,36999999999.99,5.30
TRS-20260617,2026-06-17,3609585497.36,2664596000.00,36999999999.99,5.30
TRS-20260618,2026-06-18,3569023091.00,2683706000.00,36999999999.99,5.30
TRS-20260619,2026-06-19,3521638703.18,2686497000.00,36999999999.99,5.30
TRS-20260620,2026-06-20,3454939733.21,2674477000.00,36999999999.99,5.30
TRS-20260621,2026-06-21,3420890375.70,2708792000.00,36999999999.99,5.30
TRS-20260622,2026-06-22,3384722049.36,2742310000.00,36999999999.99,5.30
TRS-20260623,2026-06-23,3373036895.05,2697220000.00,36999999999.99,5.30
TRS-20260624,2026-06-24,3335772422.86,2668000000.00,36999999999.99,5.30
TRS-20260625,2026-06-25,3325740832.35,2691001000.00,36999999999.99,5.30
TRS-20260626,2026-06-26,3276462293.74,2590067000.00,36999999999.99,5.30
TRS-20260627,2026-06-27,3289269668.57,2484807000.00,36999999999.99,5.30
TRS-20260628,2026-06-28,3316422379.13,2443568000.00,36999999999.99,5.30
TRS-20260629,2026-06-29,3264366778.48,2457448000.00,36999999999.99,5.30
TRS-20260630,2026-06-30,3256081931.28,2431998000.00,36999999999.99,5.30
TRS-20260701,2026-07-01,3319052170.62,2432388000.00,36999999999.99,5.30
TRS-20260702,2026-07-02,3382126981.38,2461478000.00,36999999999.99,5.30
TRS-20260703,2026-07-03,3436592866.49,2436048000.00,36999999999.99,5.30
TRS-20260704,2026-07-04,3531245825.34,2462655000.00,36999999999.99,5.30
TRS-20260705,2026-07-05,3603655993.64,2417045000.00,36999999999.99,5.30
TRS-20260706,2026-07-06,3713596127.00,2517667000.00,36999999999.99,5.30
TRS-20260707,2026-07-07,3786583570.31,2530777000.00,36999999999.99,5.30
TRS-20260708,2026-07-08,3901875065.98,2528727000.00,36999999999.99,5.30
TRS-20260709,2026-07-09,4009381812.84,2535711000.00,36999999999.99,5.30
TRS-20260710,2026-07-10,4134168300.13,2541571000.00,36999999999.99,5.30
TRS-20260711,2026-07-11,4251482899.34,2533386000.00,36999999999.99,5.30
TRS-20260712,2026-07-12,4343701575.75,2555768000.00,36999999999.99,5.30
TRS-20260713,2026-07-13,4426029391.36,2562819000.00,36999999999.99,5.30
TRS-20260714,2026-07-14,4555459221.80,2635301000.00,36999999999.99,5.30
TRS-20260715,2026-07-15,4641476626.17,2659591000.00,36999999999.99,5.30
TRS-20260716,2026-07-16,4761053961.58,2630981000.00,36999999999.99,5.30
TRS-20260717,2026-07-17,4874450585.52,2636398000.00,36999999999.99,5.30
TRS-20260718,2026-07-18,4961966022.34,2638962000.00,36999999999.99,5.30
TRS-20260719,2026-07-19,5074108508.43,2635212000.00,36999999999.99,5.30
TRS-20260720,2026-07-20,5175644089.87,2680212000.00,36999999999.99,5.30
TRS-20260721,2026-07-21,5312444643.41,2720795000.00,36999999999.99,5.30
TRS-20260722,2026-07-22,5421264275.71,2704654000.00,36999999999.99,5.30
TRS-20260723,2026-07-23,5533952289.27,2738644000.00,36999999999.99,5.30
TRS-20260724,2026-07-24,5682041190.05,2693314000.00,36999999999.99,5.30
TRS-20260725,2026-07-25,5809452205.78,2680644000.00,36999999999.99,5.30
TRS-20260726,2026-07-26,5897123126.40,2620504000.00,36999999999.99,5.30
TRS-20260727,2026-07-27,5996345465.30,2614164000.00,36999999999.99,5.30
TRS-20260728,2026-07-28,6081529959.37,2589254000.00,36999999999.99,5.30
TRS-20260729,2026-07-29,6126431010.59,2543554000.00,36999999999.99,5.30
TRS-20260730,2026-07-30,6196438786.24,2570297000.00,36999999999.99,5.30
TRS-20260731,2026-07-31,6302152443.48,2556237000.00,36999999999.99,5.30
TRS-20260801,2026-08-01,6399633064.41,2565706000.00,36999999999.99,5.30
TRS-20260802,2026-08-02,6486306580.87,2566645000.00,36999999999.99,5.30
TRS-20260803,2026-08-03,6551850368.38,2568500000.00,36999999999.99,5.30
TRS-20260804,2026-08-04,6570049338.71,2579770000.00,36999999999.99,5.30
