submission_id,partner_id,reporting_period,submitted_date,due_date,record_count,status
SUB-202408-PFI-01,PFI-01,2024-08,2024-08-08,2024-08-05,221,Submitted
SUB-202408-PFI-02,PFI-02,2024-08,2024-08-12,2024-08-05,328,Submitted
SUB-202408-PFI-03,PFI-03,2024-08,2024-08-15,2024-08-05,321,Submitted
SUB-202408-PFI-04,PFI-04,2024-08,2024-08-07,2024-08-05,310,Submitted
SUB-202408-PFI-05,PFI-05,2024-08,2024-08-12,2024-08-05,374,Submitted
SUB-202408-PFI-06,PFI-06,2024-08,2024-08-15,2024-08-05,236,Submitted
SUB-202408-PFI-07,PFI-07,2024-08,2024-08-08,2024-08-05,332,Submitted
SUB-202408-PFI-08,PFI-08,2024-08,2024-08-12,2024-08-05,288,Submitted
SUB-202408-PFI-09,PFI-09,2024-08,2024-08-17,2024-08-05,180,Submitted
SUB-202408-PFI-10,PFI-10,2024-08,2024-08-12,2024-08-05,304,Submitted
SUB-202408-PFI-11,PFI-11,2024-08,2024-08-04,2024-08-05,355,Submitted
SUB-202408-PFI-12,PFI-12,2024-08,2024-08-06,2024-08-05,247,Submitted
SUB-202408-PFI-13,PFI-13,2024-08,2024-08-09,2024-08-05,177,Submitted
SUB-202408-PFI-14,PFI-14,2024-08,2024-08-13,2024-08-05,355,Submitted
SUB-202408-PFI-15,PFI-15,2024-08,2024-08-03,2024-08-05,278,Submitted
SUB-202408-PFI-16,PFI-16,2024-08,2024-08-12,2024-08-05,372,Submitted
SUB-202408-PFI-17,PFI-17,2024-08,2024-08-13,2024-08-05,301,Submitted
SUB-202408-PFI-18,PFI-18,2024-08,2024-08-07,2024-08-05,219,Submitted
SUB-202408-PFI-19,PFI-19,2024-08,2024-08-03,2024-08-05,324,Submitted
SUB-202408-PFI-20,PFI-20,2024-08,2024-08-08,2024-08-05,360,Submitted
SUB-202408-PFI-21,PFI-21,2024-08,2024-08-04,2024-08-05,317,Submitted
SUB-202408-PFI-22,PFI-22,2024-08,2024-08-13,2024-08-05,277,Submitted
SUB-202408-PFI-23,PFI-23,2024-08,2024-08-09,2024-08-05,237,Submitted
SUB-202408-PFI-24,PFI-24,2024-08,2024-08-14,2024-08-05,343,Submitted
SUB-202408-PFI-25,PFI-25,2024-08,2024-08-05,2024-08-05,375,Submitted
SUB-202408-PFI-26,PFI-26,2024-08,2024-08-15,2024-08-05,290,Submitted
SUB-202408-PFI-27,PFI-27,2024-08,2024-08-13,2024-08-05,169,Submitted
SUB-202408-PFI-28,PFI-28,2024-08,2024-08-09,2024-08-05,308,Submitted
SUB-202408-PFI-29,PFI-29,2024-08,2024-08-13,2024-08-05,372,Submitted
SUB-202408-PFI-30,PFI-30,2024-08,2024-08-06,2024-08-05,307,Submitted
SUB-202408-PFI-31,PFI-31,2024-08,2024-08-12,2024-08-05,208,Submitted
SUB-202408-PFI-32,PFI-32,2024-08,2024-08-14,2024-08-05,331,Submitted
SUB-202408-PFI-33,PFI-33,2024-08,2024-08-05,2024-08-05,191,Submitted
SUB-202408-PFI-34,PFI-34,2024-08,2024-08-06,2024-08-05,221,Submitted
SUB-202408-PFI-35,PFI-35,2024-08,2024-08-08,2024-08-05,385,Submitted
SUB-202408-PFI-36,PFI-36,2024-08,2024-08-11,2024-08-05,339,Submitted
SUB-202408-PFI-37,PFI-37,2024-08,2024-08-06,2024-08-05,322,Submitted
SUB-202408-PFI-38,PFI-38,2024-08,2024-08-09,2024-08-05,201,Submitted
SUB-202408-PFI-01,PFI-01,2024-08,2024-08-04,2024-08-05,197,Submitted
SUB-202408-PFI-02,PFI-02,2024-08,2024-08-03,2024-08-05,395,Submitted
SUB-202408-PFI-03,PFI-03,2024-08,2024-08-11,2024-08-05,339,Submitted
SUB-202408-PFI-04,PFI-04,2024-08,2024-08-16,2024-08-05,333,Submitted
SUB-202408-PFI-05,PFI-05,2024-08,2024-08-02,2024-08-05,298,Submitted
SUB-202408-PFI-06,PFI-06,2024-08,2024-08-12,2024-08-05,336,Submitted
SUB-202408-PFI-07,PFI-07,2024-08,2024-08-08,2024-08-05,396,Submitted
SUB-202408-PFI-08,PFI-08,2024-08,2024-08-02,2024-08-05,255,Submitted
SUB-202408-PFI-09,PFI-09,2024-08,2024-08-13,2024-08-05,320,Submitted
SUB-202408-PFI-10,PFI-10,2024-08,2024-08-11,2024-08-05,398,Submitted
SUB-202408-PFI-11,PFI-11,2024-08,2024-08-04,2024-08-05,380,Submitted
SUB-202408-PFI-12,PFI-12,2024-08,2024-08-06,2024-08-05,381,Submitted
SUB-202408-PFI-13,PFI-13,2024-08,2024-08-09,2024-08-05,276,Submitted
SUB-202408-PFI-14,PFI-14,2024-08,2024-08-09,2024-08-05,173,Submitted
SUB-202408-PFI-15,PFI-15,2024-08,2024-08-11,2024-08-05,350,Submitted
SUB-202408-PFI-16,PFI-16,2024-08,2024-08-17,2024-08-05,306,Submitted
SUB-202408-PFI-17,PFI-17,2024-08,2024-08-16,2024-08-05,365,Submitted
SUB-202408-PFI-18,PFI-18,2024-08,2024-08-17,2024-08-05,392,Submitted
SUB-202408-PFI-19,PFI-19,2024-08,2024-08-08,2024-08-05,223,Submitted
SUB-202408-PFI-20,PFI-20,2024-08,2024-08-03,2024-08-05,271,Submitted
SUB-202408-PFI-21,PFI-21,2024-08,2024-08-08,2024-08-05,172,Submitted
SUB-202408-PFI-22,PFI-22,2024-08,2024-08-04,2024-08-05,319,Submitted
SUB-202408-PFI-23,PFI-23,2024-08,2024-08-05,2024-08-05,211,Submitted
SUB-202408-PFI-24,PFI-24,2024-08,2024-08-16,2024-08-05,158,Submitted
SUB-202408-PFI-25,PFI-25,2024-08,2024-08-14,2024-08-05,231,Submitted
SUB-202408-PFI-26,PFI-26,2024-08,2024-08-10,2024-08-05,300,Submitted
SUB-202408-PFI-27,PFI-27,2024-08,2024-08-08,2024-08-05,251,Submitted
SUB-202408-PFI-28,PFI-28,2024-08,2024-08-04,2024-08-05,271,Submitted
SUB-202408-PFI-29,PFI-29,2024-08,2024-08-14,2024-08-05,370,Submitted
SUB-202408-PFI-30,PFI-30,2024-08,2024-08-15,2024-08-05,348,Submitted
SUB-202408-PFI-31,PFI-31,2024-08,2024-08-17,2024-08-05,199,Submitted
SUB-202408-PFI-32,PFI-32,2024-08,2024-08-12,2024-08-05,385,Submitted
SUB-202408-PFI-33,PFI-33,2024-08,2024-08-11,2024-08-05,315,Submitted
SUB-202408-PFI-34,PFI-34,2024-08,2024-08-08,2024-08-05,309,Submitted
SUB-202408-PFI-35,PFI-35,2024-08,2024-08-09,2024-08-05,302,Submitted
SUB-202408-PFI-36,PFI-36,2024-08,2024-08-12,2024-08-05,368,Submitted
SUB-202408-PFI-37,PFI-37,2024-08,2024-08-15,2024-08-05,234,Submitted
SUB-202408-PFI-38,PFI-38,2024-08,2024-08-05,2024-08-05,351,Submitted
SUB-202409-PFI-01,PFI-01,2024-09,2024-09-16,2024-09-05,212,Submitted
SUB-202409-PFI-02,PFI-02,2024-09,2024-09-02,2024-09-05,284,Submitted
SUB-202409-PFI-03,PFI-03,2024-09,2024-09-03,2024-09-05,174,Submitted
SUB-202409-PFI-04,PFI-04,2024-09,2024-09-07,2024-09-05,239,Submitted
SUB-202409-PFI-05,PFI-05,2024-09,2024-09-04,2024-09-05,308,Submitted
SUB-202409-PFI-06,PFI-06,2024-09,2024-09-11,2024-09-05,274,Submitted
SUB-202409-PFI-07,PFI-07,2024-09,2024-09-16,2024-09-05,391,Submitted
SUB-202409-PFI-08,PFI-08,2024-09,2024-09-09,2024-09-05,237,Submitted
SUB-202409-PFI-09,PFI-09,2024-09,2024-09-17,2024-09-05,163,Submitted
SUB-202409-PFI-10,PFI-10,2024-09,2024-09-12,2024-09-05,307,Submitted
SUB-202409-PFI-11,PFI-11,2024-09,2024-09-09,2024-09-05,254,Submitted
SUB-202409-PFI-12,PFI-12,2024-09,2024-09-03,2024-09-05,400,Submitted
SUB-202409-PFI-13,PFI-13,2024-09,2024-09-17,2024-09-05,172,Submitted
SUB-202409-PFI-14,PFI-14,2024-09,2024-09-08,2024-09-05,315,Submitted
SUB-202409-PFI-15,PFI-15,2024-09,2024-09-05,2024-09-05,185,Submitted
SUB-202409-PFI-16,PFI-16,2024-09,2024-09-03,2024-09-05,298,Submitted
SUB-202409-PFI-17,PFI-17,2024-09,2024-09-12,2024-09-05,391,Submitted
SUB-202409-PFI-18,PFI-18,2024-09,2024-09-15,2024-09-05,231,Submitted
SUB-202409-PFI-19,PFI-19,2024-09,2024-09-09,2024-09-05,223,Submitted
SUB-202409-PFI-20,PFI-20,2024-09,2024-09-05,2024-09-05,181,Submitted
SUB-202409-PFI-21,PFI-21,2024-09,2024-09-10,2024-09-05,299,Submitted
SUB-202409-PFI-22,PFI-22,2024-09,2024-09-17,2024-09-05,280,Submitted
SUB-202409-PFI-23,PFI-23,2024-09,2024-09-16,2024-09-05,361,Submitted
SUB-202409-PFI-24,PFI-24,2024-09,2024-09-09,2024-09-05,163,Submitted
SUB-202409-PFI-25,PFI-25,2024-09,2024-09-10,2024-09-05,365,Submitted
SUB-202409-PFI-26,PFI-26,2024-09,2024-09-03,2024-09-05,303,Submitted
SUB-202409-PFI-27,PFI-27,2024-09,2024-09-16,2024-09-05,248,Submitted
SUB-202409-PFI-28,PFI-28,2024-09,2024-09-05,2024-09-05,279,Submitted
SUB-202409-PFI-29,PFI-29,2024-09,2024-09-05,2024-09-05,205,Submitted
SUB-202409-PFI-30,PFI-30,2024-09,2024-09-08,2024-09-05,276,Submitted
SUB-202409-PFI-31,PFI-31,2024-09,2024-09-09,2024-09-05,367,Submitted
SUB-202409-PFI-32,PFI-32,2024-09,2024-09-11,2024-09-05,244,Submitted
SUB-202409-PFI-33,PFI-33,2024-09,2024-09-11,2024-09-05,160,Submitted
SUB-202409-PFI-34,PFI-34,2024-09,2024-09-12,2024-09-05,263,Submitted
SUB-202409-PFI-35,PFI-35,2024-09,2024-09-11,2024-09-05,358,Submitted
SUB-202409-PFI-36,PFI-36,2024-09,2024-09-06,2024-09-05,255,Submitted
SUB-202409-PFI-37,PFI-37,2024-09,2024-09-06,2024-09-05,295,Submitted
SUB-202409-PFI-38,PFI-38,2024-09,2024-09-15,2024-09-05,280,Submitted
SUB-202410-PFI-01,PFI-01,2024-10,2024-10-04,2024-10-05,317,Submitted
SUB-202410-PFI-02,PFI-02,2024-10,2024-10-16,2024-10-05,338,Submitted
SUB-202410-PFI-03,PFI-03,2024-10,2024-10-14,2024-10-05,150,Submitted
SUB-202410-PFI-04,PFI-04,2024-10,2024-10-13,2024-10-05,168,Submitted
SUB-202410-PFI-05,PFI-05,2024-10,2024-10-08,2024-10-05,246,Submitted
SUB-202410-PFI-06,PFI-06,2024-10,2024-10-11,2024-10-05,358,Submitted
SUB-202410-PFI-07,PFI-07,2024-10,2024-10-09,2024-10-05,170,Submitted
SUB-202410-PFI-08,PFI-08,2024-10,2024-10-06,2024-10-05,289,Submitted
SUB-202410-PFI-09,PFI-09,2024-10,2024-10-17,2024-10-05,207,Submitted
SUB-202410-PFI-10,PFI-10,2024-10,2024-10-02,2024-10-05,164,Submitted
SUB-202410-PFI-11,PFI-11,2024-10,2024-10-16,2024-10-05,343,Submitted
SUB-202410-PFI-12,PFI-12,2024-10,2024-10-07,2024-10-05,241,Submitted
SUB-202410-PFI-13,PFI-13,2024-10,2024-10-12,2024-10-05,338,Submitted
SUB-202410-PFI-14,PFI-14,2024-10,2024-10-05,2024-10-05,169,Submitted
SUB-202410-PFI-15,PFI-15,2024-10,2024-10-14,2024-10-05,377,Submitted
SUB-202410-PFI-16,PFI-16,2024-10,2024-10-09,2024-10-05,400,Submitted
SUB-202410-PFI-17,PFI-17,2024-10,2024-10-05,2024-10-05,273,Submitted
SUB-202410-PFI-18,PFI-18,2024-10,2024-10-11,2024-10-05,304,Submitted
SUB-202410-PFI-19,PFI-19,2024-10,2024-10-15,2024-10-05,325,Submitted
SUB-202410-PFI-20,PFI-20,2024-10,2024-10-14,2024-10-05,159,Submitted
SUB-202410-PFI-21,PFI-21,2024-10,2024-10-16,2024-10-05,392,Submitted
SUB-202410-PFI-22,PFI-22,2024-10,2024-10-05,2024-10-05,238,Submitted
SUB-202410-PFI-23,PFI-23,2024-10,2024-10-15,2024-10-05,192,Submitted
SUB-202410-PFI-24,PFI-24,2024-10,2024-10-09,2024-10-05,316,Submitted
SUB-202410-PFI-25,PFI-25,2024-10,2024-10-15,2024-10-05,364,Submitted
SUB-202410-PFI-26,PFI-26,2024-10,2024-10-12,2024-10-05,276,Submitted
SUB-202410-PFI-27,PFI-27,2024-10,2024-10-17,2024-10-05,232,Submitted
SUB-202410-PFI-28,PFI-28,2024-10,2024-10-07,2024-10-05,364,Submitted
SUB-202410-PFI-29,PFI-29,2024-10,2024-10-12,2024-10-05,155,Submitted
SUB-202410-PFI-30,PFI-30,2024-10,2024-10-09,2024-10-05,391,Submitted
SUB-202410-PFI-31,PFI-31,2024-10,2024-10-06,2024-10-05,275,Submitted
SUB-202410-PFI-32,PFI-32,2024-10,2024-10-11,2024-10-05,265,Submitted
SUB-202410-PFI-33,PFI-33,2024-10,2024-10-05,2024-10-05,198,Submitted
SUB-202410-PFI-34,PFI-34,2024-10,2024-10-08,2024-10-05,301,Submitted
SUB-202410-PFI-35,PFI-35,2024-10,2024-10-13,2024-10-05,226,Submitted
SUB-202410-PFI-36,PFI-36,2024-10,2024-10-04,2024-10-05,308,Submitted
SUB-202410-PFI-37,PFI-37,2024-10,2024-10-08,2024-10-05,158,Submitted
SUB-202410-PFI-38,PFI-38,2024-10,2024-10-04,2024-10-05,208,Submitted
SUB-202411-PFI-01,PFI-01,2024-11,2024-11-02,2024-11-05,322,Submitted
SUB-202411-PFI-02,PFI-02,2024-11,2024-11-13,2024-11-05,229,Submitted
SUB-202411-PFI-03,PFI-03,2024-11,2024-11-09,2024-11-05,345,Submitted
SUB-202411-PFI-04,PFI-04,2024-11,2024-11-13,2024-11-05,327,Submitted
SUB-202411-PFI-05,PFI-05,2024-11,2024-11-03,2024-11-05,256,Submitted
SUB-202411-PFI-06,PFI-06,2024-11,2024-11-09,2024-11-05,272,Submitted
SUB-202411-PFI-07,PFI-07,2024-11,2024-11-12,2024-11-05,227,Submitted
SUB-202411-PFI-08,PFI-08,2024-11,2024-11-15,2024-11-05,169,Submitted
SUB-202411-PFI-09,PFI-09,2024-11,2024-11-07,2024-11-05,257,Submitted
SUB-202411-PFI-10,PFI-10,2024-11,2024-11-02,2024-11-05,261,Submitted
SUB-202411-PFI-11,PFI-11,2024-11,2024-11-15,2024-11-05,206,Submitted
SUB-202411-PFI-12,PFI-12,2024-11,2024-11-08,2024-11-05,257,Submitted
SUB-202411-PFI-13,PFI-13,2024-11,2024-11-04,2024-11-05,216,Submitted
SUB-202411-PFI-14,PFI-14,2024-11,2024-11-17,2024-11-05,232,Submitted
SUB-202411-PFI-15,PFI-15,2024-11,2024-11-07,2024-11-05,198,Submitted
SUB-202411-PFI-16,PFI-16,2024-11,2024-11-04,2024-11-05,252,Submitted
SUB-202411-PFI-17,PFI-17,2024-11,2024-11-06,2024-11-05,364,Submitted
SUB-202411-PFI-18,PFI-18,2024-11,2024-11-16,2024-11-05,345,Submitted
SUB-202411-PFI-19,PFI-19,2024-11,2024-11-16,2024-11-05,341,Submitted
SUB-202411-PFI-20,PFI-20,2024-11,2024-11-09,2024-11-05,301,Submitted
SUB-202411-PFI-21,PFI-21,2024-11,2024-11-05,2024-11-05,235,Submitted
SUB-202411-PFI-22,PFI-22,2024-11,2024-11-12,2024-11-05,222,Submitted
SUB-202411-PFI-23,PFI-23,2024-11,2024-11-12,2024-11-05,157,Submitted
SUB-202411-PFI-24,PFI-24,2024-11,2024-11-04,2024-11-05,397,Submitted
SUB-202411-PFI-25,PFI-25,2024-11,2024-11-04,2024-11-05,278,Submitted
SUB-202411-PFI-26,PFI-26,2024-11,2024-11-10,2024-11-05,310,Submitted
SUB-202411-PFI-27,PFI-27,2024-11,2024-11-14,2024-11-05,150,Submitted
SUB-202411-PFI-28,PFI-28,2024-11,2024-11-16,2024-11-05,169,Submitted
SUB-202411-PFI-29,PFI-29,2024-11,2024-11-12,2024-11-05,176,Submitted
SUB-202411-PFI-30,PFI-30,2024-11,2024-11-04,2024-11-05,271,Submitted
SUB-202411-PFI-31,PFI-31,2024-11,2024-11-07,2024-11-05,400,Submitted
SUB-202411-PFI-32,PFI-32,2024-11,2024-11-04,2024-11-05,302,Submitted
SUB-202411-PFI-33,PFI-33,2024-11,2024-11-11,2024-11-05,209,Submitted
SUB-202411-PFI-34,PFI-34,2024-11,2024-11-14,2024-11-05,346,Submitted
SUB-202411-PFI-35,PFI-35,2024-11,2024-11-08,2024-11-05,291,Submitted
SUB-202411-PFI-36,PFI-36,2024-11,2024-11-09,2024-11-05,274,Submitted
SUB-202411-PFI-37,PFI-37,2024-11,2024-11-10,2024-11-05,251,Submitted
SUB-202411-PFI-38,PFI-38,2024-11,2024-11-13,2024-11-05,296,Submitted
SUB-202412-PFI-01,PFI-01,2024-12,2024-12-16,2024-12-05,254,Submitted
SUB-202412-PFI-02,PFI-02,2024-12,2024-12-11,2024-12-05,238,Submitted
SUB-202412-PFI-03,PFI-03,2024-12,2024-12-08,2024-12-05,312,Submitted
SUB-202412-PFI-04,PFI-04,2024-12,2024-12-12,2024-12-05,289,Submitted
SUB-202412-PFI-05,PFI-05,2024-12,2024-12-11,2024-12-05,281,Submitted
SUB-202412-PFI-06,PFI-06,2024-12,2024-12-17,2024-12-05,374,Submitted
SUB-202412-PFI-07,PFI-07,2024-12,2024-12-17,2024-12-05,314,Submitted
SUB-202412-PFI-08,PFI-08,2024-12,2024-12-16,2024-12-05,394,Submitted
SUB-202412-PFI-09,PFI-09,2024-12,2024-12-06,2024-12-05,345,Submitted
SUB-202412-PFI-10,PFI-10,2024-12,2024-12-11,2024-12-05,350,Submitted
SUB-202412-PFI-11,PFI-11,2024-12,2024-12-16,2024-12-05,340,Submitted
SUB-202412-PFI-12,PFI-12,2024-12,2024-12-14,2024-12-05,385,Submitted
SUB-202412-PFI-13,PFI-13,2024-12,2024-12-03,2024-12-05,191,Submitted
SUB-202412-PFI-14,PFI-14,2024-12,2024-12-08,2024-12-05,384,Submitted
SUB-202412-PFI-15,PFI-15,2024-12,2024-12-09,2024-12-05,384,Submitted
SUB-202412-PFI-16,PFI-16,2024-12,2024-12-11,2024-12-05,267,Submitted
SUB-202412-PFI-17,PFI-17,2024-12,2024-12-12,2024-12-05,156,Submitted
SUB-202412-PFI-18,PFI-18,2024-12,2024-12-05,2024-12-05,171,Submitted
SUB-202412-PFI-19,PFI-19,2024-12,2024-12-15,2024-12-05,223,Submitted
SUB-202412-PFI-20,PFI-20,2024-12,2024-12-12,2024-12-05,337,Submitted
SUB-202412-PFI-21,PFI-21,2024-12,2024-12-14,2024-12-05,283,Submitted
SUB-202412-PFI-22,PFI-22,2024-12,2024-12-10,2024-12-05,201,Submitted
SUB-202412-PFI-23,PFI-23,2024-12,2024-12-05,2024-12-05,176,Submitted
SUB-202412-PFI-24,PFI-24,2024-12,2024-12-17,2024-12-05,229,Submitted
SUB-202412-PFI-25,PFI-25,2024-12,2024-12-07,2024-12-05,258,Submitted
SUB-202412-PFI-26,PFI-26,2024-12,2024-12-17,2024-12-05,256,Submitted
SUB-202412-PFI-27,PFI-27,2024-12,2024-12-06,2024-12-05,197,Submitted
SUB-202412-PFI-28,PFI-28,2024-12,2024-12-09,2024-12-05,271,Submitted
SUB-202412-PFI-29,PFI-29,2024-12,2024-12-03,2024-12-05,340,Submitted
SUB-202412-PFI-30,PFI-30,2024-12,2024-12-07,2024-12-05,229,Submitted
SUB-202412-PFI-31,PFI-31,2024-12,2024-12-05,2024-12-05,207,Submitted
SUB-202412-PFI-32,PFI-32,2024-12,2024-12-08,2024-12-05,198,Submitted
SUB-202412-PFI-33,PFI-33,2024-12,2024-12-15,2024-12-05,270,Submitted
SUB-202412-PFI-34,PFI-34,2024-12,2024-12-07,2024-12-05,210,Submitted
SUB-202412-PFI-35,PFI-35,2024-12,2024-12-12,2024-12-05,256,Submitted
SUB-202412-PFI-36,PFI-36,2024-12,2024-12-03,2024-12-05,323,Submitted
SUB-202412-PFI-37,PFI-37,2024-12,2024-12-14,2024-12-05,190,Submitted
SUB-202412-PFI-38,PFI-38,2024-12,2024-12-03,2024-12-05,303,Submitted
SUB-202501-PFI-01,PFI-01,2025-01,2025-01-07,2025-01-05,195,Submitted
SUB-202501-PFI-02,PFI-02,2025-01,2025-01-11,2025-01-05,192,Submitted
SUB-202501-PFI-03,PFI-03,2025-01,2025-01-15,2025-01-05,249,Submitted
SUB-202501-PFI-04,PFI-04,2025-01,2025-01-08,2025-01-05,254,Submitted
SUB-202501-PFI-05,PFI-05,2025-01,2025-01-15,2025-01-05,186,Submitted
SUB-202501-PFI-06,PFI-06,2025-01,2025-01-17,2025-01-05,307,Submitted
SUB-202501-PFI-07,PFI-07,2025-01,2025-01-09,2025-01-05,381,Submitted
SUB-202501-PFI-08,PFI-08,2025-01,2025-01-10,2025-01-05,248,Submitted
SUB-202501-PFI-09,PFI-09,2025-01,2025-01-06,2025-01-05,376,Submitted
SUB-202501-PFI-10,PFI-10,2025-01,2025-01-02,2025-01-05,335,Submitted
SUB-202501-PFI-11,PFI-11,2025-01,2025-01-14,2025-01-05,221,Submitted
SUB-202501-PFI-12,PFI-12,2025-01,2025-01-03,2025-01-05,274,Submitted
SUB-202501-PFI-13,PFI-13,2025-01,2025-01-14,2025-01-05,289,Submitted
SUB-202501-PFI-14,PFI-14,2025-01,2025-01-06,2025-01-05,182,Submitted
SUB-202501-PFI-15,PFI-15,2025-01,2025-01-04,2025-01-05,355,Submitted
SUB-202501-PFI-16,PFI-16,2025-01,2025-01-13,2025-01-05,385,Submitted
SUB-202501-PFI-17,PFI-17,2025-01,2025-01-09,2025-01-05,382,Submitted
SUB-202501-PFI-18,PFI-18,2025-01,2025-01-03,2025-01-05,355,Submitted
SUB-202501-PFI-19,PFI-19,2025-01,2025-01-03,2025-01-05,311,Submitted
SUB-202501-PFI-20,PFI-20,2025-01,2025-01-12,2025-01-05,192,Submitted
SUB-202501-PFI-21,PFI-21,2025-01,2025-01-16,2025-01-05,224,Submitted
SUB-202501-PFI-22,PFI-22,2025-01,2025-01-04,2025-01-05,178,Submitted
SUB-202501-PFI-23,PFI-23,2025-01,2025-01-09,2025-01-05,196,Submitted
SUB-202501-PFI-24,PFI-24,2025-01,2025-01-17,2025-01-05,310,Submitted
SUB-202501-PFI-25,PFI-25,2025-01,2025-01-04,2025-01-05,287,Submitted
SUB-202501-PFI-26,PFI-26,2025-01,2025-01-04,2025-01-05,224,Submitted
SUB-202501-PFI-27,PFI-27,2025-01,2025-01-09,2025-01-05,382,Submitted
SUB-202501-PFI-28,PFI-28,2025-01,2025-01-07,2025-01-05,272,Submitted
SUB-202501-PFI-29,PFI-29,2025-01,2025-01-17,2025-01-05,267,Submitted
SUB-202501-PFI-30,PFI-30,2025-01,2025-01-07,2025-01-05,354,Submitted
SUB-202501-PFI-31,PFI-31,2025-01,2025-01-06,2025-01-05,390,Submitted
SUB-202501-PFI-32,PFI-32,2025-01,2025-01-04,2025-01-05,336,Submitted
SUB-202501-PFI-33,PFI-33,2025-01,2025-01-06,2025-01-05,395,Submitted
SUB-202501-PFI-34,PFI-34,2025-01,2025-01-09,2025-01-05,348,Submitted
SUB-202501-PFI-35,PFI-35,2025-01,2025-01-15,2025-01-05,173,Submitted
SUB-202501-PFI-36,PFI-36,2025-01,2025-01-09,2025-01-05,280,Submitted
SUB-202501-PFI-37,PFI-37,2025-01,2025-01-02,2025-01-05,324,Submitted
SUB-202501-PFI-38,PFI-38,2025-01,2025-01-09,2025-01-05,374,Submitted
SUB-202502-PFI-01,PFI-01,2025-02,2025-02-03,2025-02-05,170,Submitted
SUB-202502-PFI-02,PFI-02,2025-02,2025-02-13,2025-02-05,302,Submitted
SUB-202502-PFI-03,PFI-03,2025-02,2025-02-04,2025-02-05,372,Submitted
SUB-202502-PFI-04,PFI-04,2025-02,2025-02-11,2025-02-05,238,Submitted
SUB-202502-PFI-05,PFI-05,2025-02,2025-02-12,2025-02-05,169,Submitted
SUB-202502-PFI-06,PFI-06,2025-02,2025-02-12,2025-02-05,162,Submitted
SUB-202502-PFI-07,PFI-07,2025-02,2025-02-06,2025-02-05,329,Submitted
SUB-202502-PFI-08,PFI-08,2025-02,2025-02-04,2025-02-05,363,Submitted
SUB-202502-PFI-09,PFI-09,2025-02,2025-02-03,2025-02-05,303,Submitted
SUB-202502-PFI-10,PFI-10,2025-02,2025-02-16,2025-02-05,152,Submitted
SUB-202502-PFI-11,PFI-11,2025-02,2025-02-02,2025-02-05,366,Submitted
SUB-202502-PFI-12,PFI-12,2025-02,2025-02-07,2025-02-05,219,Submitted
SUB-202502-PFI-13,PFI-13,2025-02,2025-02-14,2025-02-05,381,Submitted
SUB-202502-PFI-14,PFI-14,2025-02,2025-02-02,2025-02-05,358,Submitted
SUB-202502-PFI-15,PFI-15,2025-02,2025-02-17,2025-02-05,339,Submitted
SUB-202502-PFI-16,PFI-16,2025-02,2025-02-13,2025-02-05,291,Submitted
SUB-202502-PFI-17,PFI-17,2025-02,2025-02-16,2025-02-05,212,Submitted
SUB-202502-PFI-18,PFI-18,2025-02,2025-02-03,2025-02-05,325,Submitted
SUB-202502-PFI-19,PFI-19,2025-02,2025-02-07,2025-02-05,220,Submitted
SUB-202502-PFI-20,PFI-20,2025-02,2025-02-16,2025-02-05,152,Submitted
SUB-202502-PFI-21,PFI-21,2025-02,2025-02-10,2025-02-05,195,Submitted
SUB-202502-PFI-22,PFI-22,2025-02,2025-02-03,2025-02-05,329,Submitted
SUB-202502-PFI-23,PFI-23,2025-02,2025-02-05,2025-02-05,283,Submitted
SUB-202502-PFI-24,PFI-24,2025-02,2025-02-05,2025-02-05,213,Submitted
SUB-202502-PFI-25,PFI-25,2025-02,2025-02-13,2025-02-05,396,Submitted
SUB-202502-PFI-26,PFI-26,2025-02,2025-02-05,2025-02-05,281,Submitted
SUB-202502-PFI-27,PFI-27,2025-02,2025-02-11,2025-02-05,190,Submitted
SUB-202502-PFI-28,PFI-28,2025-02,2025-02-11,2025-02-05,306,Submitted
SUB-202502-PFI-29,PFI-29,2025-02,2025-02-03,2025-02-05,330,Submitted
SUB-202502-PFI-30,PFI-30,2025-02,2025-02-15,2025-02-05,193,Submitted
SUB-202502-PFI-31,PFI-31,2025-02,2025-02-03,2025-02-05,303,Submitted
SUB-202502-PFI-32,PFI-32,2025-02,2025-02-06,2025-02-05,333,Submitted
SUB-202502-PFI-33,PFI-33,2025-02,2025-02-11,2025-02-05,222,Submitted
SUB-202502-PFI-34,PFI-34,2025-02,2025-02-03,2025-02-05,319,Submitted
SUB-202502-PFI-35,PFI-35,2025-02,2025-02-04,2025-02-05,251,Submitted
SUB-202502-PFI-36,PFI-36,2025-02,2025-02-02,2025-02-05,202,Submitted
SUB-202502-PFI-37,PFI-37,2025-02,2025-02-07,2025-02-05,232,Submitted
SUB-202502-PFI-38,PFI-38,2025-02,2025-02-02,2025-02-05,239,Submitted
SUB-202503-PFI-01,PFI-01,2025-03,2025-03-10,2025-03-05,180,Submitted
SUB-202503-PFI-02,PFI-02,2025-03,2025-03-14,2025-03-05,357,Submitted
SUB-202503-PFI-03,PFI-03,2025-03,2025-03-05,2025-03-05,281,Submitted
SUB-202503-PFI-04,PFI-04,2025-03,2025-03-09,2025-03-05,316,Submitted
SUB-202503-PFI-05,PFI-05,2025-03,2025-03-09,2025-03-05,268,Submitted
SUB-202503-PFI-06,PFI-06,2025-03,2025-03-11,2025-03-05,219,Submitted
SUB-202503-PFI-07,PFI-07,2025-03,2025-03-03,2025-03-05,326,Submitted
SUB-202503-PFI-08,PFI-08,2025-03,2025-03-15,2025-03-05,156,Submitted
SUB-202503-PFI-09,PFI-09,2025-03,2025-03-11,2025-03-05,257,Submitted
SUB-202503-PFI-10,PFI-10,2025-03,2025-03-10,2025-03-05,189,Submitted
SUB-202503-PFI-11,PFI-11,2025-03,2025-03-16,2025-03-05,168,Submitted
SUB-202503-PFI-12,PFI-12,2025-03,2025-03-16,2025-03-05,367,Submitted
SUB-202503-PFI-13,PFI-13,2025-03,2025-03-05,2025-03-05,170,Submitted
SUB-202503-PFI-14,PFI-14,2025-03,2025-03-17,2025-03-05,247,Submitted
SUB-202503-PFI-15,PFI-15,2025-03,2025-03-06,2025-03-05,349,Submitted
SUB-202503-PFI-16,PFI-16,2025-03,2025-03-16,2025-03-05,218,Submitted
SUB-202503-PFI-17,PFI-17,2025-03,2025-03-12,2025-03-05,302,Submitted
SUB-202503-PFI-18,PFI-18,2025-03,2025-03-14,2025-03-05,374,Submitted
SUB-202503-PFI-19,PFI-19,2025-03,2025-03-02,2025-03-05,311,Submitted
SUB-202503-PFI-20,PFI-20,2025-03,2025-03-08,2025-03-05,231,Submitted
SUB-202503-PFI-21,PFI-21,2025-03,2025-03-14,2025-03-05,327,Submitted
SUB-202503-PFI-22,PFI-22,2025-03,2025-03-15,2025-03-05,377,Submitted
SUB-202503-PFI-23,PFI-23,2025-03,2025-03-12,2025-03-05,384,Submitted
SUB-202503-PFI-24,PFI-24,2025-03,2025-03-15,2025-03-05,168,Submitted
SUB-202503-PFI-25,PFI-25,2025-03,2025-03-16,2025-03-05,375,Submitted
SUB-202503-PFI-26,PFI-26,2025-03,2025-03-10,2025-03-05,183,Submitted
SUB-202503-PFI-27,PFI-27,2025-03,2025-03-14,2025-03-05,256,Submitted
SUB-202503-PFI-28,PFI-28,2025-03,2025-03-12,2025-03-05,200,Submitted
SUB-202503-PFI-29,PFI-29,2025-03,2025-03-13,2025-03-05,296,Submitted
SUB-202503-PFI-30,PFI-30,2025-03,2025-03-17,2025-03-05,164,Submitted
SUB-202503-PFI-31,PFI-31,2025-03,2025-03-17,2025-03-05,385,Submitted
SUB-202503-PFI-32,PFI-32,2025-03,2025-03-14,2025-03-05,231,Submitted
SUB-202503-PFI-33,PFI-33,2025-03,2025-03-13,2025-03-05,296,Submitted
SUB-202503-PFI-34,PFI-34,2025-03,2025-03-05,2025-03-05,354,Submitted
SUB-202503-PFI-35,PFI-35,2025-03,2025-03-05,2025-03-05,326,Submitted
SUB-202503-PFI-36,PFI-36,2025-03,2025-03-12,2025-03-05,153,Submitted
SUB-202503-PFI-37,PFI-37,2025-03,2025-03-02,2025-03-05,353,Submitted
SUB-202503-PFI-38,PFI-38,2025-03,2025-03-05,2025-03-05,151,Submitted
SUB-202504-PFI-01,PFI-01,2025-04,2025-04-07,2025-04-05,383,Submitted
SUB-202504-PFI-02,PFI-02,2025-04,2025-04-13,2025-04-05,220,Submitted
SUB-202504-PFI-03,PFI-03,2025-04,2025-04-03,2025-04-05,300,Submitted
SUB-202504-PFI-04,PFI-04,2025-04,2025-04-10,2025-04-05,156,Submitted
SUB-202504-PFI-05,PFI-05,2025-04,2025-04-07,2025-04-05,324,Submitted
SUB-202504-PFI-06,PFI-06,2025-04,2025-04-08,2025-04-05,389,Submitted
SUB-202504-PFI-07,PFI-07,2025-04,2025-04-04,2025-04-05,399,Submitted
SUB-202504-PFI-08,PFI-08,2025-04,2025-04-10,2025-04-05,159,Submitted
SUB-202504-PFI-09,PFI-09,2025-04,2025-04-10,2025-04-05,223,Submitted
SUB-202504-PFI-10,PFI-10,2025-04,2025-04-06,2025-04-05,309,Submitted
SUB-202504-PFI-11,PFI-11,2025-04,2025-04-09,2025-04-05,288,Submitted
SUB-202504-PFI-12,PFI-12,2025-04,2025-04-15,2025-04-05,209,Submitted
SUB-202504-PFI-13,PFI-13,2025-04,2025-04-13,2025-04-05,357,Submitted
SUB-202504-PFI-14,PFI-14,2025-04,2025-04-04,2025-04-05,365,Submitted
SUB-202504-PFI-15,PFI-15,2025-04,2025-04-17,2025-04-05,242,Submitted
SUB-202504-PFI-16,PFI-16,2025-04,2025-04-11,2025-04-05,233,Submitted
SUB-202504-PFI-17,PFI-17,2025-04,2025-04-09,2025-04-05,231,Submitted
SUB-202504-PFI-18,PFI-18,2025-04,2025-04-10,2025-04-05,371,Submitted
SUB-202504-PFI-19,PFI-19,2025-04,2025-04-05,2025-04-05,331,Submitted
SUB-202504-PFI-20,PFI-20,2025-04,2025-04-03,2025-04-05,154,Submitted
SUB-202504-PFI-21,PFI-21,2025-04,2025-04-17,2025-04-05,232,Submitted
SUB-202504-PFI-22,PFI-22,2025-04,2025-04-10,2025-04-05,228,Submitted
SUB-202504-PFI-23,PFI-23,2025-04,2025-04-08,2025-04-05,391,Submitted
SUB-202504-PFI-24,PFI-24,2025-04,2025-04-10,2025-04-05,391,Submitted
SUB-202504-PFI-25,PFI-25,2025-04,2025-04-11,2025-04-05,228,Submitted
SUB-202504-PFI-26,PFI-26,2025-04,2025-04-03,2025-04-05,257,Submitted
SUB-202504-PFI-27,PFI-27,2025-04,2025-04-08,2025-04-05,231,Submitted
SUB-202504-PFI-28,PFI-28,2025-04,2025-04-06,2025-04-05,328,Submitted
SUB-202504-PFI-29,PFI-29,2025-04,2025-04-17,2025-04-05,152,Submitted
SUB-202504-PFI-30,PFI-30,2025-04,2025-04-06,2025-04-05,167,Submitted
SUB-202504-PFI-31,PFI-31,2025-04,2025-04-14,2025-04-05,378,Submitted
SUB-202504-PFI-32,PFI-32,2025-04,2025-04-11,2025-04-05,270,Submitted
SUB-202504-PFI-33,PFI-33,2025-04,2025-04-11,2025-04-05,294,Submitted
SUB-202504-PFI-34,PFI-34,2025-04,2025-04-09,2025-04-05,184,Submitted
SUB-202504-PFI-35,PFI-35,2025-04,2025-04-10,2025-04-05,252,Submitted
SUB-202504-PFI-36,PFI-36,2025-04,2025-04-14,2025-04-05,282,Submitted
SUB-202504-PFI-37,PFI-37,2025-04,2025-04-17,2025-04-05,230,Submitted
SUB-202504-PFI-38,PFI-38,2025-04,2025-04-14,2025-04-05,356,Submitted
SUB-202505-PFI-01,PFI-01,2025-05,2025-05-15,2025-05-05,221,Submitted
SUB-202505-PFI-02,PFI-02,2025-05,2025-05-02,2025-05-05,258,Submitted
SUB-202505-PFI-03,PFI-03,2025-05,2025-05-02,2025-05-05,220,Submitted
SUB-202505-PFI-04,PFI-04,2025-05,2025-05-02,2025-05-05,310,Submitted
SUB-202505-PFI-05,PFI-05,2025-05,2025-05-13,2025-05-05,340,Submitted
SUB-202505-PFI-06,PFI-06,2025-05,2025-05-08,2025-05-05,240,Submitted
SUB-202505-PFI-07,PFI-07,2025-05,2025-05-06,2025-05-05,280,Submitted
SUB-202505-PFI-08,PFI-08,2025-05,2025-05-05,2025-05-05,204,Submitted
SUB-202505-PFI-09,PFI-09,2025-05,2025-05-12,2025-05-05,200,Submitted
SUB-202505-PFI-10,PFI-10,2025-05,2025-05-05,2025-05-05,272,Submitted
SUB-202505-PFI-11,PFI-11,2025-05,2025-05-04,2025-05-05,335,Submitted
SUB-202505-PFI-12,PFI-12,2025-05,2025-05-11,2025-05-05,187,Submitted
SUB-202505-PFI-13,PFI-13,2025-05,2025-05-04,2025-05-05,201,Submitted
SUB-202505-PFI-14,PFI-14,2025-05,2025-05-16,2025-05-05,337,Submitted
SUB-202505-PFI-15,PFI-15,2025-05,2025-05-17,2025-05-05,236,Submitted
SUB-202505-PFI-16,PFI-16,2025-05,2025-05-10,2025-05-05,315,Submitted
SUB-202505-PFI-17,PFI-17,2025-05,2025-05-11,2025-05-05,307,Submitted
SUB-202505-PFI-18,PFI-18,2025-05,2025-05-04,2025-05-05,245,Submitted
SUB-202505-PFI-19,PFI-19,2025-05,2025-05-10,2025-05-05,222,Submitted
SUB-202505-PFI-20,PFI-20,2025-05,2025-05-02,2025-05-05,251,Submitted
SUB-202505-PFI-21,PFI-21,2025-05,2025-05-09,2025-05-05,324,Submitted
SUB-202505-PFI-22,PFI-22,2025-05,2025-05-02,2025-05-05,234,Submitted
SUB-202505-PFI-23,PFI-23,2025-05,2025-05-13,2025-05-05,314,Submitted
SUB-202505-PFI-24,PFI-24,2025-05,2025-05-15,2025-05-05,200,Submitted
SUB-202505-PFI-25,PFI-25,2025-05,2025-05-09,2025-05-05,343,Submitted
SUB-202505-PFI-26,PFI-26,2025-05,2025-05-06,2025-05-05,302,Submitted
SUB-202505-PFI-27,PFI-27,2025-05,2025-05-05,2025-05-05,325,Submitted
SUB-202505-PFI-28,PFI-28,2025-05,2025-05-12,2025-05-05,305,Submitted
SUB-202505-PFI-29,PFI-29,2025-05,2025-05-17,2025-05-05,351,Submitted
SUB-202505-PFI-30,PFI-30,2025-05,2025-05-09,2025-05-05,268,Submitted
SUB-202505-PFI-31,PFI-31,2025-05,2025-05-10,2025-05-05,190,Submitted
SUB-202505-PFI-32,PFI-32,2025-05,2025-05-15,2025-05-05,287,Submitted
SUB-202505-PFI-33,PFI-33,2025-05,2025-05-14,2025-05-05,310,Submitted
SUB-202505-PFI-34,PFI-34,2025-05,2025-05-09,2025-05-05,278,Submitted
SUB-202505-PFI-35,PFI-35,2025-05,2025-05-10,2025-05-05,354,Submitted
SUB-202505-PFI-36,PFI-36,2025-05,2025-05-15,2025-05-05,189,Submitted
SUB-202505-PFI-37,PFI-37,2025-05,2025-05-06,2025-05-05,259,Submitted
SUB-202505-PFI-38,PFI-38,2025-05,2025-05-15,2025-05-05,295,Submitted
SUB-202506-PFI-01,PFI-01,2025-06,2025-06-17,2025-06-05,302,Submitted
SUB-202506-PFI-02,PFI-02,2025-06,2025-06-17,2025-06-05,271,Submitted
SUB-202506-PFI-03,PFI-03,2025-06,2025-06-13,2025-06-05,287,Submitted
SUB-202506-PFI-04,PFI-04,2025-06,2025-06-05,2025-06-05,187,Submitted
SUB-202506-PFI-05,PFI-05,2025-06,2025-06-03,2025-06-05,281,Submitted
SUB-202506-PFI-06,PFI-06,2025-06,2025-06-15,2025-06-05,291,Submitted
SUB-202506-PFI-07,PFI-07,2025-06,2025-06-03,2025-06-05,329,Submitted
SUB-202506-PFI-08,PFI-08,2025-06,2025-06-13,2025-06-05,340,Submitted
SUB-202506-PFI-09,PFI-09,2025-06,2025-06-12,2025-06-05,236,Submitted
SUB-202506-PFI-10,PFI-10,2025-06,2025-06-04,2025-06-05,266,Submitted
SUB-202506-PFI-11,PFI-11,2025-06,2025-06-03,2025-06-05,224,Submitted
SUB-202506-PFI-12,PFI-12,2025-06,2025-06-17,2025-06-05,246,Submitted
SUB-202506-PFI-13,PFI-13,2025-06,2025-06-03,2025-06-05,394,Submitted
SUB-202506-PFI-14,PFI-14,2025-06,2025-06-04,2025-06-05,348,Submitted
SUB-202506-PFI-15,PFI-15,2025-06,2025-06-04,2025-06-05,394,Submitted
SUB-202506-PFI-16,PFI-16,2025-06,2025-06-05,2025-06-05,318,Submitted
SUB-202506-PFI-17,PFI-17,2025-06,2025-06-06,2025-06-05,286,Submitted
SUB-202506-PFI-18,PFI-18,2025-06,2025-06-10,2025-06-05,321,Submitted
SUB-202506-PFI-19,PFI-19,2025-06,2025-06-05,2025-06-05,205,Submitted
SUB-202506-PFI-20,PFI-20,2025-06,2025-06-07,2025-06-05,260,Submitted
SUB-202506-PFI-21,PFI-21,2025-06,2025-06-09,2025-06-05,374,Submitted
SUB-202506-PFI-22,PFI-22,2025-06,2025-06-08,2025-06-05,172,Submitted
SUB-202506-PFI-23,PFI-23,2025-06,2025-06-15,2025-06-05,189,Submitted
SUB-202506-PFI-24,PFI-24,2025-06,2025-06-08,2025-06-05,181,Submitted
SUB-202506-PFI-25,PFI-25,2025-06,2025-06-13,2025-06-05,296,Submitted
SUB-202506-PFI-26,PFI-26,2025-06,2025-06-09,2025-06-05,374,Submitted
SUB-202506-PFI-27,PFI-27,2025-06,2025-06-04,2025-06-05,310,Submitted
SUB-202506-PFI-28,PFI-28,2025-06,2025-06-13,2025-06-05,266,Submitted
SUB-202506-PFI-29,PFI-29,2025-06,2025-06-11,2025-06-05,359,Submitted
SUB-202506-PFI-30,PFI-30,2025-06,2025-06-14,2025-06-05,305,Submitted
SUB-202506-PFI-31,PFI-31,2025-06,2025-06-05,2025-06-05,161,Submitted
SUB-202506-PFI-32,PFI-32,2025-06,2025-06-10,2025-06-05,370,Submitted
SUB-202506-PFI-33,PFI-33,2025-06,2025-06-16,2025-06-05,162,Submitted
SUB-202506-PFI-34,PFI-34,2025-06,2025-06-14,2025-06-05,275,Submitted
SUB-202506-PFI-35,PFI-35,2025-06,2025-06-05,2025-06-05,359,Submitted
SUB-202506-PFI-36,PFI-36,2025-06,2025-06-10,2025-06-05,247,Submitted
SUB-202506-PFI-37,PFI-37,2025-06,2025-06-08,2025-06-05,171,Submitted
SUB-202506-PFI-38,PFI-38,2025-06,2025-06-09,2025-06-05,389,Submitted
SUB-202507-PFI-01,PFI-01,2025-07,2025-07-05,2025-07-05,189,Submitted
SUB-202507-PFI-02,PFI-02,2025-07,2025-07-02,2025-07-05,178,Submitted
SUB-202507-PFI-03,PFI-03,2025-07,2025-07-05,2025-07-05,285,Submitted
SUB-202507-PFI-04,PFI-04,2025-07,2025-07-08,2025-07-05,196,Submitted
SUB-202507-PFI-05,PFI-05,2025-07,2025-07-05,2025-07-05,276,Submitted
SUB-202507-PFI-06,PFI-06,2025-07,2025-07-10,2025-07-05,308,Submitted
SUB-202507-PFI-07,PFI-07,2025-07,2025-07-10,2025-07-05,187,Submitted
SUB-202507-PFI-08,PFI-08,2025-07,2025-07-02,2025-07-05,301,Submitted
SUB-202507-PFI-09,PFI-09,2025-07,2025-07-13,2025-07-05,336,Submitted
SUB-202507-PFI-10,PFI-10,2025-07,2025-07-10,2025-07-05,208,Submitted
SUB-202507-PFI-11,PFI-11,2025-07,2025-07-13,2025-07-05,242,Submitted
SUB-202507-PFI-12,PFI-12,2025-07,2025-07-15,2025-07-05,289,Submitted
SUB-202507-PFI-13,PFI-13,2025-07,2025-07-15,2025-07-05,178,Submitted
SUB-202507-PFI-14,PFI-14,2025-07,2025-07-14,2025-07-05,384,Submitted
SUB-202507-PFI-15,PFI-15,2025-07,2025-07-10,2025-07-05,254,Submitted
SUB-202507-PFI-16,PFI-16,2025-07,2025-07-07,2025-07-05,210,Submitted
SUB-202507-PFI-17,PFI-17,2025-07,2025-07-14,2025-07-05,166,Submitted
SUB-202507-PFI-18,PFI-18,2025-07,2025-07-07,2025-07-05,372,Submitted
SUB-202507-PFI-19,PFI-19,2025-07,2025-07-03,2025-07-05,398,Submitted
SUB-202507-PFI-20,PFI-20,2025-07,2025-07-14,2025-07-05,353,Submitted
SUB-202507-PFI-21,PFI-21,2025-07,2025-07-09,2025-07-05,185,Submitted
SUB-202507-PFI-22,PFI-22,2025-07,2025-07-17,2025-07-05,257,Submitted
SUB-202507-PFI-23,PFI-23,2025-07,2025-07-05,2025-07-05,356,Submitted
SUB-202507-PFI-24,PFI-24,2025-07,2025-07-08,2025-07-05,188,Submitted
SUB-202507-PFI-25,PFI-25,2025-07,2025-07-07,2025-07-05,348,Submitted
SUB-202507-PFI-26,PFI-26,2025-07,2025-07-03,2025-07-05,171,Submitted
SUB-202507-PFI-27,PFI-27,2025-07,2025-07-09,2025-07-05,278,Submitted
SUB-202507-PFI-28,PFI-28,2025-07,2025-07-05,2025-07-05,330,Submitted
SUB-202507-PFI-29,PFI-29,2025-07,2025-07-04,2025-07-05,154,Submitted
SUB-202507-PFI-30,PFI-30,2025-07,2025-07-02,2025-07-05,263,Submitted
SUB-202507-PFI-31,PFI-31,2025-07,2025-07-12,2025-07-05,336,Submitted
SUB-202507-PFI-32,PFI-32,2025-07,2025-07-11,2025-07-05,170,Submitted
SUB-202507-PFI-33,PFI-33,2025-07,2025-07-03,2025-07-05,354,Submitted
SUB-202507-PFI-34,PFI-34,2025-07,2025-07-16,2025-07-05,346,Submitted
SUB-202507-PFI-35,PFI-35,2025-07,2025-07-16,2025-07-05,162,Submitted
SUB-202507-PFI-36,PFI-36,2025-07,2025-07-13,2025-07-05,321,Submitted
SUB-202507-PFI-37,PFI-37,2025-07,2025-07-07,2025-07-05,336,Submitted
SUB-202507-PFI-38,PFI-38,2025-07,2025-07-14,2025-07-05,388,Submitted
SUB-202508-PFI-01,PFI-01,2025-08,2025-08-11,2025-08-05,302,Submitted
SUB-202508-PFI-02,PFI-02,2025-08,2025-08-08,2025-08-05,232,Submitted
SUB-202508-PFI-03,PFI-03,2025-08,2025-08-06,2025-08-05,304,Submitted
SUB-202508-PFI-04,PFI-04,2025-08,2025-08-15,2025-08-05,171,Submitted
SUB-202508-PFI-05,PFI-05,2025-08,2025-08-16,2025-08-05,297,Submitted
SUB-202508-PFI-06,PFI-06,2025-08,2025-08-16,2025-08-05,242,Submitted
SUB-202508-PFI-07,PFI-07,2025-08,2025-08-05,2025-08-05,327,Submitted
SUB-202508-PFI-08,PFI-08,2025-08,2025-08-17,2025-08-05,309,Submitted
SUB-202508-PFI-09,PFI-09,2025-08,2025-08-14,2025-08-05,209,Submitted
SUB-202508-PFI-10,PFI-10,2025-08,2025-08-03,2025-08-05,183,Submitted
SUB-202508-PFI-11,PFI-11,2025-08,2025-08-06,2025-08-05,288,Submitted
SUB-202508-PFI-12,PFI-12,2025-08,2025-08-13,2025-08-05,311,Submitted
SUB-202508-PFI-13,PFI-13,2025-08,2025-08-15,2025-08-05,379,Submitted
SUB-202508-PFI-14,PFI-14,2025-08,2025-08-02,2025-08-05,176,Submitted
SUB-202508-PFI-15,PFI-15,2025-08,2025-08-05,2025-08-05,183,Submitted
SUB-202508-PFI-16,PFI-16,2025-08,2025-08-08,2025-08-05,238,Submitted
SUB-202508-PFI-17,PFI-17,2025-08,2025-08-17,2025-08-05,172,Submitted
SUB-202508-PFI-18,PFI-18,2025-08,2025-08-03,2025-08-05,229,Submitted
SUB-202508-PFI-19,PFI-19,2025-08,2025-08-11,2025-08-05,184,Submitted
SUB-202508-PFI-20,PFI-20,2025-08,2025-08-12,2025-08-05,388,Submitted
SUB-202508-PFI-21,PFI-21,2025-08,2025-08-11,2025-08-05,327,Submitted
SUB-202508-PFI-22,PFI-22,2025-08,2025-08-02,2025-08-05,165,Submitted
SUB-202508-PFI-23,PFI-23,2025-08,2025-08-13,2025-08-05,235,Submitted
SUB-202508-PFI-24,PFI-24,2025-08,2025-08-11,2025-08-05,324,Submitted
SUB-202508-PFI-25,PFI-25,2025-08,2025-08-17,2025-08-05,240,Submitted
SUB-202508-PFI-26,PFI-26,2025-08,2025-08-04,2025-08-05,398,Submitted
SUB-202508-PFI-27,PFI-27,2025-08,2025-08-10,2025-08-05,383,Submitted
SUB-202508-PFI-28,PFI-28,2025-08,2025-08-12,2025-08-05,273,Submitted
SUB-202508-PFI-29,PFI-29,2025-08,2025-08-10,2025-08-05,191,Submitted
SUB-202508-PFI-30,PFI-30,2025-08,2025-08-09,2025-08-05,301,Submitted
SUB-202508-PFI-31,PFI-31,2025-08,2025-08-02,2025-08-05,270,Submitted
SUB-202508-PFI-32,PFI-32,2025-08,2025-08-09,2025-08-05,166,Submitted
SUB-202508-PFI-33,PFI-33,2025-08,2025-08-02,2025-08-05,339,Submitted
SUB-202508-PFI-34,PFI-34,2025-08,2025-08-15,2025-08-05,312,Submitted
SUB-202508-PFI-35,PFI-35,2025-08,2025-08-12,2025-08-05,168,Submitted
SUB-202508-PFI-36,PFI-36,2025-08,2025-08-08,2025-08-05,250,Submitted
SUB-202508-PFI-37,PFI-37,2025-08,2025-08-08,2025-08-05,373,Submitted
SUB-202508-PFI-38,PFI-38,2025-08,2025-08-10,2025-08-05,174,Submitted
SUB-202509-PFI-01,PFI-01,2025-09,2025-09-09,2025-09-05,291,Submitted
SUB-202509-PFI-02,PFI-02,2025-09,2025-09-02,2025-09-05,346,Submitted
SUB-202509-PFI-03,PFI-03,2025-09,2025-09-05,2025-09-05,288,Submitted
SUB-202509-PFI-04,PFI-04,2025-09,2025-09-03,2025-09-05,332,Submitted
SUB-202509-PFI-05,PFI-05,2025-09,2025-09-12,2025-09-05,255,Submitted
SUB-202509-PFI-06,PFI-06,2025-09,2025-09-12,2025-09-05,266,Submitted
SUB-202509-PFI-07,PFI-07,2025-09,2025-09-02,2025-09-05,246,Submitted
SUB-202509-PFI-08,PFI-08,2025-09,2025-09-16,2025-09-05,256,Submitted
SUB-202509-PFI-09,PFI-09,2025-09,2025-09-02,2025-09-05,396,Submitted
SUB-202509-PFI-10,PFI-10,2025-09,2025-09-12,2025-09-05,270,Submitted
SUB-202509-PFI-11,PFI-11,2025-09,2025-09-10,2025-09-05,195,Submitted
SUB-202509-PFI-12,PFI-12,2025-09,2025-09-11,2025-09-05,336,Submitted
SUB-202509-PFI-13,PFI-13,2025-09,2025-09-14,2025-09-05,243,Submitted
SUB-202509-PFI-14,PFI-14,2025-09,2025-09-12,2025-09-05,203,Submitted
SUB-202509-PFI-15,PFI-15,2025-09,2025-09-17,2025-09-05,399,Submitted
SUB-202509-PFI-16,PFI-16,2025-09,2025-09-16,2025-09-05,293,Submitted
SUB-202509-PFI-17,PFI-17,2025-09,2025-09-05,2025-09-05,309,Submitted
SUB-202509-PFI-18,PFI-18,2025-09,2025-09-02,2025-09-05,365,Submitted
SUB-202509-PFI-19,PFI-19,2025-09,2025-09-05,2025-09-05,197,Submitted
SUB-202509-PFI-20,PFI-20,2025-09,2025-09-04,2025-09-05,342,Submitted
SUB-202509-PFI-21,PFI-21,2025-09,2025-09-13,2025-09-05,339,Submitted
SUB-202509-PFI-22,PFI-22,2025-09,2025-09-14,2025-09-05,334,Submitted
SUB-202509-PFI-23,PFI-23,2025-09,2025-09-06,2025-09-05,272,Submitted
SUB-202509-PFI-24,PFI-24,2025-09,2025-09-08,2025-09-05,237,Submitted
SUB-202509-PFI-25,PFI-25,2025-09,2025-09-02,2025-09-05,374,Submitted
SUB-202509-PFI-26,PFI-26,2025-09,2025-09-08,2025-09-05,167,Submitted
SUB-202509-PFI-27,PFI-27,2025-09,2025-09-07,2025-09-05,294,Submitted
SUB-202509-PFI-28,PFI-28,2025-09,2025-09-14,2025-09-05,264,Submitted
SUB-202509-PFI-29,PFI-29,2025-09,2025-09-10,2025-09-05,372,Submitted
SUB-202509-PFI-30,PFI-30,2025-09,2025-09-15,2025-09-05,220,Submitted
SUB-202509-PFI-31,PFI-31,2025-09,2025-09-04,2025-09-05,230,Submitted
SUB-202509-PFI-32,PFI-32,2025-09,2025-09-10,2025-09-05,186,Submitted
SUB-202509-PFI-33,PFI-33,2025-09,2025-09-11,2025-09-05,217,Submitted
SUB-202509-PFI-34,PFI-34,2025-09,2025-09-05,2025-09-05,365,Submitted
SUB-202509-PFI-35,PFI-35,2025-09,2025-09-13,2025-09-05,332,Submitted
SUB-202509-PFI-36,PFI-36,2025-09,2025-09-04,2025-09-05,184,Submitted
SUB-202509-PFI-37,PFI-37,2025-09,2025-09-11,2025-09-05,332,Submitted
SUB-202509-PFI-38,PFI-38,2025-09,2025-09-09,2025-09-05,243,Submitted
SUB-202510-PFI-01,PFI-01,2025-10,2025-10-14,2025-10-05,372,Submitted
SUB-202510-PFI-02,PFI-02,2025-10,2025-10-02,2025-10-05,366,Submitted
SUB-202510-PFI-03,PFI-03,2025-10,2025-10-15,2025-10-05,253,Submitted
SUB-202510-PFI-04,PFI-04,2025-10,2025-10-15,2025-10-05,391,Submitted
SUB-202510-PFI-05,PFI-05,2025-10,2025-10-09,2025-10-05,276,Submitted
SUB-202510-PFI-06,PFI-06,2025-10,2025-10-12,2025-10-05,170,Submitted
SUB-202510-PFI-07,PFI-07,2025-10,2025-10-06,2025-10-05,283,Submitted
SUB-202510-PFI-08,PFI-08,2025-10,2025-10-11,2025-10-05,236,Submitted
SUB-202510-PFI-09,PFI-09,2025-10,2025-10-09,2025-10-05,242,Submitted
SUB-202510-PFI-10,PFI-10,2025-10,2025-10-12,2025-10-05,376,Submitted
SUB-202510-PFI-11,PFI-11,2025-10,2025-10-09,2025-10-05,291,Submitted
SUB-202510-PFI-12,PFI-12,2025-10,2025-10-05,2025-10-05,201,Submitted
SUB-202510-PFI-13,PFI-13,2025-10,2025-10-16,2025-10-05,183,Submitted
SUB-202510-PFI-14,PFI-14,2025-10,2025-10-06,2025-10-05,280,Submitted
SUB-202510-PFI-15,PFI-15,2025-10,2025-10-17,2025-10-05,305,Submitted
SUB-202510-PFI-16,PFI-16,2025-10,2025-10-11,2025-10-05,331,Submitted
SUB-202510-PFI-17,PFI-17,2025-10,2025-10-11,2025-10-05,354,Submitted
SUB-202510-PFI-18,PFI-18,2025-10,2025-10-15,2025-10-05,177,Submitted
SUB-202510-PFI-19,PFI-19,2025-10,2025-10-06,2025-10-05,260,Submitted
SUB-202510-PFI-20,PFI-20,2025-10,2025-10-10,2025-10-05,320,Submitted
SUB-202510-PFI-21,PFI-21,2025-10,2025-10-10,2025-10-05,228,Submitted
SUB-202510-PFI-22,PFI-22,2025-10,2025-10-02,2025-10-05,366,Submitted
SUB-202510-PFI-23,PFI-23,2025-10,2025-10-14,2025-10-05,360,Submitted
SUB-202510-PFI-24,PFI-24,2025-10,2025-10-03,2025-10-05,302,Submitted
SUB-202510-PFI-25,PFI-25,2025-10,2025-10-08,2025-10-05,375,Submitted
SUB-202510-PFI-26,PFI-26,2025-10,2025-10-17,2025-10-05,219,Submitted
SUB-202510-PFI-27,PFI-27,2025-10,2025-10-09,2025-10-05,171,Submitted
SUB-202510-PFI-28,PFI-28,2025-10,2025-10-06,2025-10-05,309,Submitted
SUB-202510-PFI-29,PFI-29,2025-10,2025-10-17,2025-10-05,219,Submitted
SUB-202510-PFI-30,PFI-30,2025-10,2025-10-03,2025-10-05,381,Submitted
SUB-202510-PFI-31,PFI-31,2025-10,2025-10-09,2025-10-05,364,Submitted
SUB-202510-PFI-32,PFI-32,2025-10,2025-10-11,2025-10-05,183,Submitted
SUB-202510-PFI-33,PFI-33,2025-10,2025-10-17,2025-10-05,221,Submitted
SUB-202510-PFI-34,PFI-34,2025-10,2025-10-02,2025-10-05,266,Submitted
SUB-202510-PFI-35,PFI-35,2025-10,2025-10-03,2025-10-05,162,Submitted
SUB-202510-PFI-36,PFI-36,2025-10,2025-10-03,2025-10-05,303,Submitted
SUB-202510-PFI-37,PFI-37,2025-10,2025-10-02,2025-10-05,219,Submitted
SUB-202510-PFI-38,PFI-38,2025-10,2025-10-09,2025-10-05,195,Submitted
SUB-202511-PFI-01,PFI-01,2025-11,2025-11-09,2025-11-05,150,Submitted
SUB-202511-PFI-02,PFI-02,2025-11,2025-11-14,2025-11-05,251,Submitted
SUB-202511-PFI-03,PFI-03,2025-11,2025-11-11,2025-11-05,222,Submitted
SUB-202511-PFI-04,PFI-04,2025-11,2025-11-16,2025-11-05,341,Submitted
SUB-202511-PFI-05,PFI-05,2025-11,2025-11-10,2025-11-05,259,Submitted
SUB-202511-PFI-06,PFI-06,2025-11,2025-11-03,2025-11-05,169,Submitted
SUB-202511-PFI-07,PFI-07,2025-11,2025-11-02,2025-11-05,362,Submitted
SUB-202511-PFI-08,PFI-08,2025-11,2025-11-13,2025-11-05,226,Submitted
SUB-202511-PFI-09,PFI-09,2025-11,2025-11-02,2025-11-05,354,Submitted
SUB-202511-PFI-10,PFI-10,2025-11,2025-11-13,2025-11-05,173,Submitted
SUB-202511-PFI-11,PFI-11,2025-11,2025-11-15,2025-11-05,341,Submitted
SUB-202511-PFI-12,PFI-12,2025-11,2025-11-06,2025-11-05,244,Submitted
SUB-202511-PFI-13,PFI-13,2025-11,2025-11-13,2025-11-05,269,Submitted
SUB-202511-PFI-14,PFI-14,2025-11,2025-11-10,2025-11-05,396,Submitted
SUB-202511-PFI-15,PFI-15,2025-11,2025-11-06,2025-11-05,182,Submitted
SUB-202511-PFI-16,PFI-16,2025-11,2025-11-12,2025-11-05,355,Submitted
SUB-202511-PFI-17,PFI-17,2025-11,2025-11-15,2025-11-05,168,Submitted
SUB-202511-PFI-18,PFI-18,2025-11,2025-11-06,2025-11-05,297,Submitted
SUB-202511-PFI-19,PFI-19,2025-11,2025-11-06,2025-11-05,156,Submitted
SUB-202511-PFI-20,PFI-20,2025-11,2025-11-02,2025-11-05,190,Submitted
SUB-202511-PFI-21,PFI-21,2025-11,2025-11-03,2025-11-05,342,Submitted
SUB-202511-PFI-22,PFI-22,2025-11,2025-11-05,2025-11-05,384,Submitted
SUB-202511-PFI-23,PFI-23,2025-11,2025-11-03,2025-11-05,248,Submitted
SUB-202511-PFI-24,PFI-24,2025-11,2025-11-07,2025-11-05,279,Submitted
SUB-202511-PFI-25,PFI-25,2025-11,2025-11-04,2025-11-05,394,Submitted
SUB-202511-PFI-26,PFI-26,2025-11,2025-11-16,2025-11-05,318,Submitted
SUB-202511-PFI-27,PFI-27,2025-11,2025-11-12,2025-11-05,383,Submitted
SUB-202511-PFI-28,PFI-28,2025-11,2025-11-06,2025-11-05,374,Submitted
SUB-202511-PFI-29,PFI-29,2025-11,2025-11-14,2025-11-05,376,Submitted
SUB-202511-PFI-30,PFI-30,2025-11,2025-11-16,2025-11-05,344,Submitted
SUB-202511-PFI-31,PFI-31,2025-11,2025-11-08,2025-11-05,230,Submitted
SUB-202511-PFI-32,PFI-32,2025-11,2025-11-12,2025-11-05,226,Submitted
SUB-202511-PFI-33,PFI-33,2025-11,2025-11-15,2025-11-05,294,Submitted
SUB-202511-PFI-34,PFI-34,2025-11,2025-11-14,2025-11-05,308,Submitted
SUB-202511-PFI-35,PFI-35,2025-11,2025-11-14,2025-11-05,263,Submitted
SUB-202511-PFI-36,PFI-36,2025-11,2025-11-13,2025-11-05,260,Submitted
SUB-202511-PFI-37,PFI-37,2025-11,2025-11-14,2025-11-05,208,Submitted
SUB-202511-PFI-38,PFI-38,2025-11,2025-11-14,2025-11-05,157,Submitted
SUB-202512-PFI-01,PFI-01,2025-12,2025-12-10,2025-12-05,154,Submitted
SUB-202512-PFI-02,PFI-02,2025-12,2025-12-15,2025-12-05,371,Submitted
SUB-202512-PFI-03,PFI-03,2025-12,2025-12-05,2025-12-05,304,Submitted
SUB-202512-PFI-04,PFI-04,2025-12,2025-12-17,2025-12-05,286,Submitted
SUB-202512-PFI-05,PFI-05,2025-12,2025-12-14,2025-12-05,282,Submitted
SUB-202512-PFI-06,PFI-06,2025-12,2025-12-17,2025-12-05,221,Submitted
SUB-202512-PFI-07,PFI-07,2025-12,2025-12-06,2025-12-05,334,Submitted
SUB-202512-PFI-08,PFI-08,2025-12,2025-12-12,2025-12-05,389,Submitted
SUB-202512-PFI-09,PFI-09,2025-12,2025-12-12,2025-12-05,277,Submitted
SUB-202512-PFI-10,PFI-10,2025-12,2025-12-10,2025-12-05,342,Submitted
SUB-202512-PFI-11,PFI-11,2025-12,2025-12-17,2025-12-05,227,Submitted
SUB-202512-PFI-12,PFI-12,2025-12,2025-12-05,2025-12-05,382,Submitted
SUB-202512-PFI-13,PFI-13,2025-12,2025-12-05,2025-12-05,344,Submitted
SUB-202512-PFI-14,PFI-14,2025-12,2025-12-05,2025-12-05,210,Submitted
SUB-202512-PFI-15,PFI-15,2025-12,2025-12-09,2025-12-05,297,Submitted
SUB-202512-PFI-16,PFI-16,2025-12,2025-12-09,2025-12-05,311,Submitted
SUB-202512-PFI-17,PFI-17,2025-12,2025-12-14,2025-12-05,265,Submitted
SUB-202512-PFI-18,PFI-18,2025-12,2025-12-10,2025-12-05,223,Submitted
SUB-202512-PFI-19,PFI-19,2025-12,2025-12-02,2025-12-05,257,Submitted
SUB-202512-PFI-20,PFI-20,2025-12,2025-12-08,2025-12-05,218,Submitted
SUB-202512-PFI-21,PFI-21,2025-12,2025-12-14,2025-12-05,170,Submitted
SUB-202512-PFI-22,PFI-22,2025-12,2025-12-15,2025-12-05,182,Submitted
SUB-202512-PFI-23,PFI-23,2025-12,2025-12-17,2025-12-05,178,Submitted
SUB-202512-PFI-24,PFI-24,2025-12,2025-12-14,2025-12-05,190,Submitted
SUB-202512-PFI-25,PFI-25,2025-12,2025-12-17,2025-12-05,293,Submitted
SUB-202512-PFI-26,PFI-26,2025-12,2025-12-02,2025-12-05,231,Submitted
SUB-202512-PFI-27,PFI-27,2025-12,2025-12-08,2025-12-05,159,Submitted
SUB-202512-PFI-28,PFI-28,2025-12,2025-12-16,2025-12-05,331,Submitted
SUB-202512-PFI-29,PFI-29,2025-12,2025-12-05,2025-12-05,291,Submitted
SUB-202512-PFI-30,PFI-30,2025-12,2025-12-05,2025-12-05,229,Submitted
SUB-202512-PFI-31,PFI-31,2025-12,2025-12-13,2025-12-05,391,Submitted
SUB-202512-PFI-32,PFI-32,2025-12,2025-12-17,2025-12-05,246,Submitted
SUB-202512-PFI-33,PFI-33,2025-12,2025-12-02,2025-12-05,393,Submitted
SUB-202512-PFI-34,PFI-34,2025-12,2025-12-09,2025-12-05,397,Submitted
SUB-202512-PFI-35,PFI-35,2025-12,2025-12-04,2025-12-05,170,Submitted
SUB-202512-PFI-36,PFI-36,2025-12,2025-12-10,2025-12-05,320,Submitted
SUB-202512-PFI-37,PFI-37,2025-12,2025-12-04,2025-12-05,352,Submitted
SUB-202512-PFI-38,PFI-38,2025-12,2025-12-05,2025-12-05,322,Submitted
SUB-202601-PFI-01,PFI-01,2026-01,2026-01-04,2026-01-05,208,Submitted
SUB-202601-PFI-02,PFI-02,2026-01,2026-01-13,2026-01-05,293,Submitted
SUB-202601-PFI-03,PFI-03,2026-01,2026-01-08,2026-01-05,313,Submitted
SUB-202601-PFI-04,PFI-04,2026-01,2026-01-16,2026-01-05,369,Submitted
SUB-202601-PFI-05,PFI-05,2026-01,2026-01-11,2026-01-05,352,Submitted
SUB-202601-PFI-06,PFI-06,2026-01,2026-01-15,2026-01-05,228,Submitted
SUB-202601-PFI-07,PFI-07,2026-01,2026-01-11,2026-01-05,254,Submitted
SUB-202601-PFI-08,PFI-08,2026-01,2026-01-06,2026-01-05,281,Submitted
SUB-202601-PFI-09,PFI-09,2026-01,2026-01-04,2026-01-05,163,Submitted
SUB-202601-PFI-10,PFI-10,2026-01,2026-01-08,2026-01-05,266,Submitted
SUB-202601-PFI-11,PFI-11,2026-01,2026-01-16,2026-01-05,331,Submitted
SUB-202601-PFI-12,PFI-12,2026-01,2026-01-09,2026-01-05,318,Submitted
SUB-202601-PFI-13,PFI-13,2026-01,2026-01-10,2026-01-05,398,Submitted
SUB-202601-PFI-14,PFI-14,2026-01,2026-01-11,2026-01-05,205,Submitted
SUB-202601-PFI-15,PFI-15,2026-01,2026-01-13,2026-01-05,387,Submitted
SUB-202601-PFI-16,PFI-16,2026-01,2026-01-04,2026-01-05,203,Submitted
SUB-202601-PFI-17,PFI-17,2026-01,2026-01-13,2026-01-05,279,Submitted
SUB-202601-PFI-18,PFI-18,2026-01,2026-01-05,2026-01-05,271,Submitted
SUB-202601-PFI-19,PFI-19,2026-01,2026-01-13,2026-01-05,381,Submitted
SUB-202601-PFI-20,PFI-20,2026-01,2026-01-02,2026-01-05,395,Submitted
SUB-202601-PFI-21,PFI-21,2026-01,2026-01-03,2026-01-05,328,Submitted
SUB-202601-PFI-22,PFI-22,2026-01,2026-01-10,2026-01-05,311,Submitted
SUB-202601-PFI-23,PFI-23,2026-01,2026-01-13,2026-01-05,306,Submitted
SUB-202601-PFI-24,PFI-24,2026-01,2026-01-03,2026-01-05,390,Submitted
SUB-202601-PFI-25,PFI-25,2026-01,2026-01-13,2026-01-05,282,Submitted
SUB-202601-PFI-26,PFI-26,2026-01,2026-01-14,2026-01-05,391,Submitted
SUB-202601-PFI-27,PFI-27,2026-01,2026-01-05,2026-01-05,380,Submitted
SUB-202601-PFI-28,PFI-28,2026-01,2026-01-12,2026-01-05,355,Submitted
SUB-202601-PFI-29,PFI-29,2026-01,2026-01-06,2026-01-05,390,Submitted
SUB-202601-PFI-30,PFI-30,2026-01,2026-01-09,2026-01-05,305,Submitted
SUB-202601-PFI-31,PFI-31,2026-01,2026-01-09,2026-01-05,237,Submitted
SUB-202601-PFI-32,PFI-32,2026-01,2026-01-09,2026-01-05,258,Submitted
SUB-202601-PFI-33,PFI-33,2026-01,2026-01-17,2026-01-05,216,Submitted
SUB-202601-PFI-34,PFI-34,2026-01,2026-01-13,2026-01-05,219,Submitted
SUB-202601-PFI-35,PFI-35,2026-01,2026-01-15,2026-01-05,394,Submitted
SUB-202601-PFI-36,PFI-36,2026-01,2026-01-05,2026-01-05,275,Submitted
SUB-202601-PFI-37,PFI-37,2026-01,2026-01-08,2026-01-05,339,Submitted
SUB-202601-PFI-38,PFI-38,2026-01,2026-01-10,2026-01-05,197,Submitted
SUB-202602-PFI-01,PFI-01,2026-02,2026-02-04,2026-02-05,229,Submitted
SUB-202602-PFI-02,PFI-02,2026-02,2026-02-11,2026-02-05,285,Submitted
SUB-202602-PFI-03,PFI-03,2026-02,2026-02-04,2026-02-05,367,Submitted
SUB-202602-PFI-04,PFI-04,2026-02,2026-02-15,2026-02-05,178,Submitted
SUB-202602-PFI-05,PFI-05,2026-02,2026-02-04,2026-02-05,313,Submitted
SUB-202602-PFI-06,PFI-06,2026-02,2026-02-16,2026-02-05,267,Submitted
SUB-202602-PFI-07,PFI-07,2026-02,2026-02-03,2026-02-05,232,Submitted
SUB-202602-PFI-08,PFI-08,2026-02,2026-02-05,2026-02-05,334,Submitted
SUB-202602-PFI-09,PFI-09,2026-02,2026-02-15,2026-02-05,253,Submitted
SUB-202602-PFI-10,PFI-10,2026-02,2026-02-10,2026-02-05,189,Submitted
SUB-202602-PFI-11,PFI-11,2026-02,2026-02-17,2026-02-05,215,Submitted
SUB-202602-PFI-12,PFI-12,2026-02,2026-02-17,2026-02-05,201,Submitted
SUB-202602-PFI-13,PFI-13,2026-02,2026-02-13,2026-02-05,176,Submitted
SUB-202602-PFI-14,PFI-14,2026-02,2026-02-04,2026-02-05,274,Submitted
SUB-202602-PFI-15,PFI-15,2026-02,2026-02-14,2026-02-05,353,Submitted
SUB-202602-PFI-16,PFI-16,2026-02,2026-02-04,2026-02-05,361,Submitted
SUB-202602-PFI-17,PFI-17,2026-02,2026-02-07,2026-02-05,372,Submitted
SUB-202602-PFI-18,PFI-18,2026-02,2026-02-16,2026-02-05,280,Submitted
SUB-202602-PFI-19,PFI-19,2026-02,2026-02-06,2026-02-05,376,Submitted
SUB-202602-PFI-20,PFI-20,2026-02,2026-02-08,2026-02-05,204,Submitted
SUB-202602-PFI-21,PFI-21,2026-02,2026-02-09,2026-02-05,241,Submitted
SUB-202602-PFI-22,PFI-22,2026-02,2026-02-15,2026-02-05,249,Submitted
SUB-202602-PFI-23,PFI-23,2026-02,2026-02-17,2026-02-05,238,Submitted
SUB-202602-PFI-24,PFI-24,2026-02,2026-02-13,2026-02-05,170,Submitted
SUB-202602-PFI-25,PFI-25,2026-02,2026-02-14,2026-02-05,357,Submitted
SUB-202602-PFI-26,PFI-26,2026-02,2026-02-04,2026-02-05,212,Submitted
SUB-202602-PFI-27,PFI-27,2026-02,2026-02-04,2026-02-05,353,Submitted
SUB-202602-PFI-28,PFI-28,2026-02,2026-02-17,2026-02-05,385,Submitted
SUB-202602-PFI-29,PFI-29,2026-02,2026-02-15,2026-02-05,359,Submitted
SUB-202602-PFI-30,PFI-30,2026-02,2026-02-04,2026-02-05,258,Submitted
SUB-202602-PFI-31,PFI-31,2026-02,2026-02-07,2026-02-05,386,Submitted
SUB-202602-PFI-32,PFI-32,2026-02,2026-02-16,2026-02-05,238,Submitted
SUB-202602-PFI-33,PFI-33,2026-02,2026-02-10,2026-02-05,262,Submitted
SUB-202602-PFI-34,PFI-34,2026-02,2026-02-13,2026-02-05,330,Submitted
SUB-202602-PFI-35,PFI-35,2026-02,2026-02-14,2026-02-05,272,Submitted
SUB-202602-PFI-36,PFI-36,2026-02,2026-02-08,2026-02-05,185,Submitted
SUB-202602-PFI-37,PFI-37,2026-02,2026-02-15,2026-02-05,227,Submitted
SUB-202602-PFI-38,PFI-38,2026-02,2026-02-08,2026-02-05,313,Submitted
SUB-202603-PFI-01,PFI-01,2026-03,2026-03-17,2026-03-05,188,Submitted
SUB-202603-PFI-02,PFI-02,2026-03,2026-03-11,2026-03-05,346,Submitted
SUB-202603-PFI-03,PFI-03,2026-03,2026-03-11,2026-03-05,210,Submitted
SUB-202603-PFI-04,PFI-04,2026-03,2026-03-08,2026-03-05,165,Submitted
SUB-202603-PFI-05,PFI-05,2026-03,2026-03-12,2026-03-05,165,Submitted
SUB-202603-PFI-06,PFI-06,2026-03,2026-03-04,2026-03-05,311,Submitted
SUB-202603-PFI-07,PFI-07,2026-03,2026-03-16,2026-03-05,326,Submitted
SUB-202603-PFI-08,PFI-08,2026-03,2026-03-10,2026-03-05,318,Submitted
SUB-202603-PFI-09,PFI-09,2026-03,2026-03-16,2026-03-05,196,Submitted
SUB-202603-PFI-10,PFI-10,2026-03,2026-03-03,2026-03-05,339,Submitted
SUB-202603-PFI-11,PFI-11,2026-03,2026-03-06,2026-03-05,260,Submitted
SUB-202603-PFI-12,PFI-12,2026-03,2026-03-16,2026-03-05,189,Submitted
SUB-202603-PFI-13,PFI-13,2026-03,2026-03-15,2026-03-05,347,Submitted
SUB-202603-PFI-14,PFI-14,2026-03,2026-03-10,2026-03-05,295,Submitted
SUB-202603-PFI-15,PFI-15,2026-03,2026-03-07,2026-03-05,283,Submitted
SUB-202603-PFI-16,PFI-16,2026-03,2026-03-02,2026-03-05,174,Submitted
SUB-202603-PFI-17,PFI-17,2026-03,2026-03-09,2026-03-05,188,Submitted
SUB-202603-PFI-18,PFI-18,2026-03,2026-03-16,2026-03-05,399,Submitted
SUB-202603-PFI-19,PFI-19,2026-03,2026-03-05,2026-03-05,357,Submitted
SUB-202603-PFI-20,PFI-20,2026-03,2026-03-10,2026-03-05,150,Submitted
SUB-202603-PFI-21,PFI-21,2026-03,2026-03-04,2026-03-05,244,Submitted
SUB-202603-PFI-22,PFI-22,2026-03,2026-03-08,2026-03-05,265,Submitted
SUB-202603-PFI-23,PFI-23,2026-03,2026-03-02,2026-03-05,364,Submitted
SUB-202603-PFI-24,PFI-24,2026-03,2026-03-02,2026-03-05,243,Submitted
SUB-202603-PFI-25,PFI-25,2026-03,2026-03-03,2026-03-05,326,Submitted
SUB-202603-PFI-26,PFI-26,2026-03,2026-03-12,2026-03-05,219,Submitted
SUB-202603-PFI-27,PFI-27,2026-03,2026-03-05,2026-03-05,153,Submitted
SUB-202603-PFI-28,PFI-28,2026-03,2026-03-12,2026-03-05,240,Submitted
SUB-202603-PFI-29,PFI-29,2026-03,2026-03-11,2026-03-05,367,Submitted
SUB-202603-PFI-30,PFI-30,2026-03,2026-03-04,2026-03-05,250,Submitted
SUB-202603-PFI-31,PFI-31,2026-03,2026-03-10,2026-03-05,221,Submitted
SUB-202603-PFI-32,PFI-32,2026-03,2026-03-14,2026-03-05,264,Submitted
SUB-202603-PFI-33,PFI-33,2026-03,2026-03-08,2026-03-05,367,Submitted
SUB-202603-PFI-34,PFI-34,2026-03,2026-03-02,2026-03-05,265,Submitted
SUB-202603-PFI-35,PFI-35,2026-03,2026-03-03,2026-03-05,310,Submitted
SUB-202603-PFI-36,PFI-36,2026-03,2026-03-04,2026-03-05,316,Submitted
SUB-202603-PFI-37,PFI-37,2026-03,2026-03-10,2026-03-05,373,Submitted
SUB-202603-PFI-38,PFI-38,2026-03,2026-03-02,2026-03-05,327,Submitted
SUB-202604-PFI-01,PFI-01,2026-04,2026-04-11,2026-04-05,156,Submitted
SUB-202604-PFI-02,PFI-02,2026-04,2026-04-06,2026-04-05,366,Submitted
SUB-202604-PFI-03,PFI-03,2026-04,2026-04-08,2026-04-05,242,Submitted
SUB-202604-PFI-04,PFI-04,2026-04,2026-04-07,2026-04-05,225,Submitted
SUB-202604-PFI-05,PFI-05,2026-04,2026-04-06,2026-04-05,223,Submitted
SUB-202604-PFI-06,PFI-06,2026-04,2026-04-17,2026-04-05,304,Submitted
SUB-202604-PFI-07,PFI-07,2026-04,2026-04-09,2026-04-05,394,Submitted
SUB-202604-PFI-08,PFI-08,2026-04,2026-04-04,2026-04-05,245,Submitted
SUB-202604-PFI-09,PFI-09,2026-04,2026-04-16,2026-04-05,357,Submitted
SUB-202604-PFI-10,PFI-10,2026-04,2026-04-13,2026-04-05,207,Submitted
SUB-202604-PFI-11,PFI-11,2026-04,2026-04-15,2026-04-05,392,Submitted
SUB-202604-PFI-12,PFI-12,2026-04,2026-04-02,2026-04-05,374,Submitted
SUB-202604-PFI-13,PFI-13,2026-04,2026-04-13,2026-04-05,358,Submitted
SUB-202604-PFI-14,PFI-14,2026-04,2026-04-08,2026-04-05,331,Submitted
SUB-202604-PFI-15,PFI-15,2026-04,2026-04-14,2026-04-05,210,Submitted
SUB-202604-PFI-16,PFI-16,2026-04,2026-04-06,2026-04-05,297,Submitted
SUB-202604-PFI-17,PFI-17,2026-04,2026-04-07,2026-04-05,398,Submitted
SUB-202604-PFI-18,PFI-18,2026-04,2026-04-02,2026-04-05,368,Submitted
SUB-202604-PFI-19,PFI-19,2026-04,2026-04-11,2026-04-05,336,Submitted
SUB-202604-PFI-20,PFI-20,2026-04,2026-04-12,2026-04-05,308,Submitted
SUB-202604-PFI-21,PFI-21,2026-04,2026-04-05,2026-04-05,336,Submitted
SUB-202604-PFI-22,PFI-22,2026-04,2026-04-09,2026-04-05,395,Submitted
SUB-202604-PFI-23,PFI-23,2026-04,2026-04-17,2026-04-05,364,Submitted
SUB-202604-PFI-24,PFI-24,2026-04,2026-04-05,2026-04-05,395,Submitted
SUB-202604-PFI-25,PFI-25,2026-04,2026-04-03,2026-04-05,376,Submitted
SUB-202604-PFI-26,PFI-26,2026-04,2026-04-05,2026-04-05,313,Submitted
SUB-202604-PFI-27,PFI-27,2026-04,2026-04-03,2026-04-05,396,Submitted
SUB-202604-PFI-28,PFI-28,2026-04,2026-04-11,2026-04-05,254,Submitted
SUB-202604-PFI-29,PFI-29,2026-04,2026-04-05,2026-04-05,314,Submitted
SUB-202604-PFI-30,PFI-30,2026-04,2026-04-04,2026-04-05,173,Submitted
SUB-202604-PFI-31,PFI-31,2026-04,2026-04-04,2026-04-05,230,Submitted
SUB-202604-PFI-32,PFI-32,2026-04,2026-04-03,2026-04-05,225,Submitted
SUB-202604-PFI-33,PFI-33,2026-04,2026-04-16,2026-04-05,314,Submitted
SUB-202604-PFI-34,PFI-34,2026-04,2026-04-07,2026-04-05,326,Submitted
SUB-202604-PFI-35,PFI-35,2026-04,2026-04-07,2026-04-05,324,Submitted
SUB-202604-PFI-36,PFI-36,2026-04,2026-04-15,2026-04-05,163,Submitted
SUB-202604-PFI-37,PFI-37,2026-04,2026-04-14,2026-04-05,153,Submitted
SUB-202604-PFI-38,PFI-38,2026-04,2026-04-12,2026-04-05,267,Submitted
SUB-202605-PFI-01,PFI-01,2026-05,2026-05-16,2026-05-05,326,Submitted
SUB-202605-PFI-02,PFI-02,2026-05,2026-05-09,2026-05-05,328,Submitted
SUB-202605-PFI-03,PFI-03,2026-05,2026-05-07,2026-05-05,206,Submitted
SUB-202605-PFI-04,PFI-04,2026-05,2026-05-04,2026-05-05,388,Submitted
SUB-202605-PFI-05,PFI-05,2026-05,2026-05-13,2026-05-05,307,Submitted
SUB-202605-PFI-06,PFI-06,2026-05,2026-05-08,2026-05-05,265,Submitted
SUB-202605-PFI-07,PFI-07,2026-05,,2026-05-05,0,Overdue
SUB-202605-PFI-08,PFI-08,2026-05,2026-05-14,2026-05-05,225,Submitted
SUB-202605-PFI-09,PFI-09,2026-05,2026-05-12,2026-05-05,349,Submitted
SUB-202605-PFI-10,PFI-10,2026-05,2026-05-08,2026-05-05,237,Submitted
SUB-202605-PFI-11,PFI-11,2026-05,2026-05-06,2026-05-05,294,Submitted
SUB-202605-PFI-12,PFI-12,2026-05,2026-05-10,2026-05-05,232,Submitted
SUB-202605-PFI-13,PFI-13,2026-05,2026-05-09,2026-05-05,389,Submitted
SUB-202605-PFI-14,PFI-14,2026-05,2026-05-06,2026-05-05,253,Submitted
SUB-202605-PFI-15,PFI-15,2026-05,2026-05-15,2026-05-05,196,Submitted
SUB-202605-PFI-16,PFI-16,2026-05,2026-05-16,2026-05-05,270,Submitted
SUB-202605-PFI-17,PFI-17,2026-05,2026-05-11,2026-05-05,347,Submitted
SUB-202605-PFI-18,PFI-18,2026-05,2026-05-08,2026-05-05,373,Submitted
SUB-202605-PFI-19,PFI-19,2026-05,,2026-05-05,0,Overdue
SUB-202605-PFI-20,PFI-20,2026-05,2026-05-04,2026-05-05,342,Submitted
SUB-202605-PFI-21,PFI-21,2026-05,2026-05-04,2026-05-05,179,Submitted
SUB-202605-PFI-22,PFI-22,2026-05,2026-05-16,2026-05-05,172,Submitted
SUB-202605-PFI-23,PFI-23,2026-05,2026-05-05,2026-05-05,320,Submitted
SUB-202605-PFI-24,PFI-24,2026-05,2026-05-03,2026-05-05,245,Submitted
SUB-202605-PFI-25,PFI-25,2026-05,2026-05-10,2026-05-05,237,Submitted
SUB-202605-PFI-26,PFI-26,2026-05,2026-05-14,2026-05-05,377,Submitted
SUB-202605-PFI-27,PFI-27,2026-05,2026-05-04,2026-05-05,236,Submitted
SUB-202605-PFI-28,PFI-28,2026-05,2026-05-10,2026-05-05,345,Submitted
SUB-202605-PFI-29,PFI-29,2026-05,2026-05-17,2026-05-05,307,Submitted
SUB-202605-PFI-30,PFI-30,2026-05,2026-05-13,2026-05-05,280,Submitted
SUB-202605-PFI-31,PFI-31,2026-05,2026-05-17,2026-05-05,165,Submitted
SUB-202605-PFI-32,PFI-32,2026-05,2026-05-15,2026-05-05,282,Submitted
SUB-202605-PFI-33,PFI-33,2026-05,2026-05-16,2026-05-05,159,Submitted
SUB-202605-PFI-34,PFI-34,2026-05,2026-05-15,2026-05-05,332,Submitted
SUB-202605-PFI-35,PFI-35,2026-05,2026-05-08,2026-05-05,351,Submitted
SUB-202605-PFI-36,PFI-36,2026-05,2026-05-10,2026-05-05,336,Submitted
SUB-202605-PFI-37,PFI-37,2026-05,2026-05-04,2026-05-05,247,Submitted
SUB-202605-PFI-38,PFI-38,2026-05,2026-05-02,2026-05-05,341,Submitted
SUB-202606-PFI-01,PFI-01,2026-06,2026-06-10,2026-06-05,243,Submitted
SUB-202606-PFI-02,PFI-02,2026-06,2026-06-07,2026-06-05,196,Submitted
SUB-202606-PFI-03,PFI-03,2026-06,2026-06-05,2026-06-05,278,Submitted
SUB-202606-PFI-04,PFI-04,2026-06,2026-06-13,2026-06-05,316,Submitted
SUB-202606-PFI-05,PFI-05,2026-06,2026-06-17,2026-06-05,180,Submitted
SUB-202606-PFI-06,PFI-06,2026-06,2026-06-02,2026-06-05,207,Submitted
SUB-202606-PFI-07,PFI-07,2026-06,,2026-06-05,0,Overdue
SUB-202606-PFI-08,PFI-08,2026-06,2026-06-06,2026-06-05,338,Submitted
SUB-202606-PFI-09,PFI-09,2026-06,2026-06-15,2026-06-05,378,Submitted
SUB-202606-PFI-10,PFI-10,2026-06,2026-06-08,2026-06-05,237,Submitted
SUB-202606-PFI-11,PFI-11,2026-06,2026-06-07,2026-06-05,311,Submitted
SUB-202606-PFI-12,PFI-12,2026-06,2026-06-03,2026-06-05,381,Submitted
SUB-202606-PFI-13,PFI-13,2026-06,2026-06-12,2026-06-05,283,Submitted
SUB-202606-PFI-14,PFI-14,2026-06,2026-06-10,2026-06-05,345,Submitted
SUB-202606-PFI-15,PFI-15,2026-06,2026-06-10,2026-06-05,393,Submitted
SUB-202606-PFI-16,PFI-16,2026-06,2026-06-11,2026-06-05,197,Submitted
SUB-202606-PFI-17,PFI-17,2026-06,2026-06-13,2026-06-05,287,Submitted
SUB-202606-PFI-18,PFI-18,2026-06,2026-06-11,2026-06-05,343,Submitted
SUB-202606-PFI-19,PFI-19,2026-06,,2026-06-05,0,Overdue
SUB-202606-PFI-20,PFI-20,2026-06,2026-06-17,2026-06-05,167,Submitted
SUB-202606-PFI-21,PFI-21,2026-06,2026-06-10,2026-06-05,250,Submitted
SUB-202606-PFI-22,PFI-22,2026-06,2026-06-02,2026-06-05,341,Submitted
SUB-202606-PFI-23,PFI-23,2026-06,2026-06-15,2026-06-05,388,Submitted
SUB-202606-PFI-24,PFI-24,2026-06,2026-06-10,2026-06-05,186,Submitted
SUB-202606-PFI-25,PFI-25,2026-06,2026-06-08,2026-06-05,191,Submitted
SUB-202606-PFI-26,PFI-26,2026-06,2026-06-14,2026-06-05,154,Submitted
SUB-202606-PFI-27,PFI-27,2026-06,2026-06-07,2026-06-05,197,Submitted
SUB-202606-PFI-28,PFI-28,2026-06,2026-06-13,2026-06-05,267,Submitted
SUB-202606-PFI-29,PFI-29,2026-06,2026-06-16,2026-06-05,269,Submitted
SUB-202606-PFI-30,PFI-30,2026-06,2026-06-06,2026-06-05,395,Submitted
SUB-202606-PFI-31,PFI-31,2026-06,2026-06-12,2026-06-05,325,Submitted
SUB-202606-PFI-32,PFI-32,2026-06,2026-06-03,2026-06-05,328,Submitted
SUB-202606-PFI-33,PFI-33,2026-06,2026-06-08,2026-06-05,293,Submitted
SUB-202606-PFI-34,PFI-34,2026-06,2026-06-09,2026-06-05,222,Submitted
SUB-202606-PFI-35,PFI-35,2026-06,2026-06-13,2026-06-05,284,Submitted
SUB-202606-PFI-36,PFI-36,2026-06,2026-06-13,2026-06-05,202,Submitted
SUB-202606-PFI-37,PFI-37,2026-06,2026-06-10,2026-06-05,193,Submitted
SUB-202606-PFI-38,PFI-38,2026-06,2026-06-07,2026-06-05,154,Submitted
