contract_id,award_id,vendor_id,contract_value,start_date,end_date,delivery_status,variations,variation_value
CTR-2024-00001,AWD-2024-00001,PRC-VND-0028,33949000.0,2024-09-21,2025-03-28,Completed,0,0.0
CTR-2024-00002,AWD-2024-00002,PRC-VND-0108,21046000.0,2024-09-01,2025-02-05,Completed,0,0.0
CTR-2024-00003,AWD-2024-00003,PRC-VND-0047,16929000.0,2024-09-14,2024-12-13,Completed,0,0.0
CTR-2024-00004,AWD-2024-00004,PRC-VND-0081,23450000.0,2024-10-02,2025-03-06,Completed,0,0.0
CTR-2024-00005,AWD-2024-00005,PRC-VND-0050,2392000.0,2024-09-20,2025-01-01,Completed,2,548000.0
CTR-2024-00006,AWD-2024-00006,PRC-VND-0051,4052000.0,2024-09-08,2025-04-14,Completed,0,0.0
CTR-2024-00007,AWD-2024-00007,PRC-VND-0061,23131000.0,2024-09-21,2025-04-04,Completed,1,1929000.0
CTR-2024-00008,AWD-2024-00008,PRC-VND-0106,35009000.0,2024-09-28,2025-03-27,Completed,1,1700000.0
CTR-2024-00009,AWD-2024-00009,PRC-VND-0062,32319000.0,2024-09-19,2025-02-05,Completed,2,4525000.0
CTR-2024-00010,AWD-2024-00010,PRC-VND-0024,29845000.0,2024-09-24,2025-04-02,Completed,2,4552000.0
CTR-2024-00011,AWD-2024-00011,PRC-VND-0062,37232000.0,2024-09-29,2025-02-12,Completed,0,0.0
CTR-2024-00012,AWD-2024-00012,PRC-VND-0051,15326000.0,2024-09-23,2025-03-15,Completed,0,0.0
CTR-2024-00013,AWD-2024-00013,PRC-VND-0021,33870000.0,2024-10-09,2025-03-09,Completed,0,0.0
CTR-2024-00014,AWD-2024-00014,PRC-VND-0066,13530000.0,2024-09-27,2025-01-11,Completed,1,440000.0
CTR-2024-00015,AWD-2024-00015,PRC-VND-0066,23376000.0,2024-09-23,2025-04-30,Completed,0,0.0
CTR-2024-00016,AWD-2024-00016,PRC-VND-0034,24487000.0,2024-09-29,2025-01-15,Completed,0,0.0
CTR-2024-00017,AWD-2024-00017,PRC-VND-0058,13419000.0,2024-10-07,2025-02-21,Completed,0,0.0
CTR-2024-00018,AWD-2024-00018,PRC-VND-0061,33249000.0,2024-09-27,2025-05-21,Completed,0,0.0
CTR-2024-00019,AWD-2024-00019,PRC-VND-0065,15400000.0,2024-09-22,2025-02-05,Completed,0,0.0
CTR-2024-00020,AWD-2024-00020,PRC-VND-0013,10256000.0,2024-10-10,2025-02-19,Completed,0,0.0
CTR-2024-00021,AWD-2024-00021,PRC-VND-0101,32499000.0,2024-09-24,2025-05-08,Completed,0,0.0
CTR-2024-00022,AWD-2024-00022,PRC-VND-0093,36781000.0,2024-10-12,2025-03-27,Completed,0,0.0
CTR-2024-00023,AWD-2024-00023,PRC-VND-0106,23322000.0,2024-10-12,2025-03-07,Completed,0,0.0
CTR-2024-00024,AWD-2024-00024,PRC-VND-0060,15939000.0,2024-10-18,2025-02-14,Completed,0,0.0
CTR-2024-00025,AWD-2024-00025,PRC-VND-0027,37667000.0,2024-10-02,2025-04-23,Completed,0,0.0
CTR-2024-00026,AWD-2024-00026,PRC-VND-0005,34826000.0,2024-09-26,2025-04-14,Completed,0,0.0
CTR-2024-00027,AWD-2024-00027,PRC-VND-0106,24174000.0,2024-11-03,2025-02-27,Completed,0,0.0
CTR-2024-00028,AWD-2024-00028,PRC-VND-0057,28967000.0,2024-10-13,2025-06-10,Completed,0,0.0
CTR-2024-00029,AWD-2024-00029,PRC-VND-0067,7998000.0,2024-10-29,2025-02-02,Completed,0,0.0
CTR-2024-00030,AWD-2024-00030,PRC-VND-0079,1080000.0,2024-10-07,2025-05-26,Completed,0,0.0
CTR-2024-00031,AWD-2024-00031,PRC-VND-0078,37472000.0,2024-10-30,2025-01-29,Completed,2,6766000.0
CTR-2024-00032,AWD-2024-00032,PRC-VND-0113,6830000.0,2024-09-27,2025-02-16,Completed,2,907000.0
CTR-2024-00033,AWD-2024-00033,PRC-VND-0110,21094000.0,2024-10-12,2025-03-04,Completed,0,0.0
CTR-2024-00034,AWD-2024-00034,PRC-VND-0103,34953000.0,2024-10-24,2025-06-16,Completed,0,0.0
CTR-2024-00035,AWD-2024-00035,PRC-VND-0062,25031000.0,2024-10-06,2025-05-26,Completed,0,0.0
CTR-2024-00036,AWD-2024-00036,PRC-VND-0114,21489000.0,2024-10-14,2025-03-25,Completed,0,0.0
CTR-2024-00037,AWD-2024-00037,PRC-VND-0104,2186000.0,2024-10-20,2025-05-30,Completed,0,0.0
CTR-2024-00038,AWD-2024-00038,PRC-VND-0098,12039000.0,2024-10-16,2025-04-04,Completed,0,0.0
CTR-2024-00039,AWD-2024-00039,PRC-VND-0050,26693000.0,2024-11-06,2025-03-12,Completed,0,0.0
CTR-2024-00040,AWD-2024-00040,PRC-VND-0106,37181000.0,2024-10-04,2025-03-22,Completed,0,0.0
CTR-2024-00041,AWD-2024-00041,PRC-VND-0012,34512000.0,2024-10-14,2025-05-06,Completed,2,4420000.0
CTR-2024-00042,AWD-2024-00042,PRC-VND-0030,10213000.0,2024-10-26,2025-03-20,Completed,0,0.0
CTR-2024-00043,AWD-2024-00043,PRC-VND-0022,5415000.0,2024-10-25,2025-06-22,Completed,0,0.0
CTR-2024-00044,AWD-2024-00044,PRC-VND-0019,38556000.0,2024-10-19,2025-04-27,Completed,0,0.0
CTR-2024-00045,AWD-2024-00045,PRC-VND-0008,35927000.0,2024-10-27,2025-04-20,Completed,1,2420000.0
CTR-2024-00046,AWD-2024-00046,PRC-VND-0047,21783000.0,2024-10-16,2025-02-27,Completed,0,0.0
CTR-2024-00047,AWD-2024-00047,PRC-VND-0046,1547000.0,2024-10-22,2025-02-14,Completed,0,0.0
CTR-2024-00048,AWD-2024-00048,PRC-VND-0038,37576000.0,2024-11-01,2025-05-10,Completed,0,0.0
CTR-2024-00049,AWD-2024-00049,PRC-VND-0012,18895000.0,2024-11-04,2025-06-04,Completed,0,0.0
CTR-2024-00050,AWD-2024-00050,PRC-VND-0085,8509000.0,2024-11-06,2025-02-17,Completed,0,0.0
CTR-2024-00051,AWD-2024-00051,PRC-VND-0049,5809000.0,2024-10-15,2025-04-05,Completed,1,656000.0
CTR-2024-00052,AWD-2024-00052,PRC-VND-0036,33655000.0,2024-10-24,2025-06-11,Completed,0,0.0
CTR-2024-00053,AWD-2024-00053,PRC-VND-0082,3001000.0,2024-10-23,2025-02-26,Completed,0,0.0
CTR-2024-00054,AWD-2024-00054,PRC-VND-0105,38703000.0,2024-10-17,2025-03-06,Completed,0,0.0
CTR-2024-00055,AWD-2024-00055,PRC-VND-0022,28217000.0,2024-11-16,2025-07-01,Completed,2,5153000.0
CTR-2024-00056,AWD-2024-00056,PRC-VND-0022,39632000.0,2024-10-30,2025-03-16,Completed,0,0.0
CTR-2024-00057,AWD-2024-00057,PRC-VND-0090,7583000.0,2024-10-22,2025-04-23,Completed,0,0.0
CTR-2024-00058,AWD-2024-00058,PRC-VND-0008,34955000.0,2024-11-02,2025-02-21,Completed,1,1060000.0
CTR-2024-00059,AWD-2024-00059,PRC-VND-0119,38060000.0,2024-10-30,2025-05-30,Completed,1,2630000.0
CTR-2024-00060,AWD-2024-00060,PRC-VND-0118,3765000.0,2024-11-07,2025-04-24,Completed,0,0.0
CTR-2024-00061,AWD-2024-00061,PRC-VND-0019,22063000.0,2024-11-08,2025-05-07,Completed,0,0.0
CTR-2024-00062,AWD-2024-00062,PRC-VND-0065,19774000.0,2024-11-02,2025-05-27,Completed,0,0.0
CTR-2024-00063,AWD-2024-00063,PRC-VND-0041,12670000.0,2024-11-12,2025-03-17,Completed,0,0.0
CTR-2024-00064,AWD-2024-00064,PRC-VND-0106,26671000.0,2024-11-20,2025-04-29,Completed,0,0.0
CTR-2024-00065,AWD-2024-00065,PRC-VND-0067,15982000.0,2024-11-17,2025-04-05,Completed,0,0.0
CTR-2024-00066,AWD-2024-00066,PRC-VND-0026,22012000.0,2024-11-01,2025-03-08,Completed,0,0.0
CTR-2024-00067,AWD-2024-00067,PRC-VND-0038,2643000.0,2024-10-31,2025-05-24,Completed,0,0.0
CTR-2024-00068,AWD-2024-00068,PRC-VND-0063,31050000.0,2024-11-26,2025-05-08,Completed,0,0.0
CTR-2024-00069,AWD-2024-00069,PRC-VND-0087,3879000.0,2024-11-11,2025-06-04,Completed,0,0.0
CTR-2024-00070,AWD-2024-00070,PRC-VND-0019,22765000.0,2024-11-27,2025-03-15,Completed,0,0.0
CTR-2024-00071,AWD-2024-00071,PRC-VND-0018,32076000.0,2024-11-21,2025-06-19,Completed,2,6470000.0
CTR-2024-00072,AWD-2024-00072,PRC-VND-0081,14397000.0,2024-11-30,2025-06-30,Completed,0,0.0
CTR-2024-00073,AWD-2024-00073,PRC-VND-0080,13228000.0,2024-11-10,2025-04-08,Completed,0,0.0
CTR-2024-00074,AWD-2024-00074,PRC-VND-0045,3620000.0,2024-11-13,2025-03-27,Completed,0,0.0
CTR-2024-00075,AWD-2024-00075,PRC-VND-0056,9419000.0,2024-12-06,2025-04-27,Completed,0,0.0
CTR-2024-00076,AWD-2024-00076,PRC-VND-0040,33139000.0,2024-12-03,2025-06-27,Completed,1,3880000.0
CTR-2024-00077,AWD-2024-00077,PRC-VND-0117,24178000.0,2024-11-25,2025-05-01,Completed,0,0.0
CTR-2024-00078,AWD-2024-00078,PRC-VND-0115,34457000.0,2024-11-27,2025-07-17,Completed,0,0.0
CTR-2024-00079,AWD-2024-00079,PRC-VND-0116,42543000.0,2024-12-02,2025-05-24,Completed,0,0.0
CTR-2024-00080,AWD-2024-00080,PRC-VND-0059,24952000.0,2024-12-06,2025-05-30,Completed,1,3126000.0
CTR-2024-00081,AWD-2024-00081,PRC-VND-0003,30504000.0,2024-11-23,2025-03-20,Completed,0,0.0
CTR-2024-00082,AWD-2024-00082,PRC-VND-0018,18972000.0,2024-12-22,2025-05-04,Completed,0,0.0
CTR-2024-00083,AWD-2024-00083,PRC-VND-0043,8973000.0,2024-12-10,2025-05-07,Completed,0,0.0
CTR-2024-00084,AWD-2024-00084,PRC-VND-0012,15199000.0,2024-12-03,2025-07-18,Completed,0,0.0
CTR-2024-00085,AWD-2024-00085,PRC-VND-0114,39791000.0,2024-12-07,2025-04-16,Completed,0,0.0
CTR-2024-00086,AWD-2024-00086,PRC-VND-0024,4896000.0,2024-12-16,2025-04-03,Completed,0,0.0
CTR-2024-00087,AWD-2024-00087,PRC-VND-0023,22991000.0,2024-12-21,2025-07-10,Completed,0,0.0
CTR-2024-00088,AWD-2024-00088,PRC-VND-0079,4863000.0,2024-12-14,2025-05-03,Completed,0,0.0
CTR-2024-00089,AWD-2024-00089,PRC-VND-0120,38423000.0,2024-12-07,2025-04-17,Completed,0,0.0
CTR-2024-00090,AWD-2024-00090,PRC-VND-0054,16571000.0,2024-12-14,2025-08-02,Completed,2,1641000.0
CTR-2024-00091,AWD-2024-00091,PRC-VND-0062,30873000.0,2024-12-19,2025-03-20,Completed,0,0.0
CTR-2024-00092,AWD-2024-00092,PRC-VND-0123,35167000.0,2024-12-19,2025-04-16,Completed,0,0.0
CTR-2024-00093,AWD-2024-00093,PRC-VND-0047,33747000.0,2024-12-01,2025-03-03,Completed,0,0.0
CTR-2024-00094,AWD-2024-00094,PRC-VND-0115,41334000.0,2025-01-01,2025-08-19,Completed,0,0.0
CTR-2024-00095,AWD-2024-00095,PRC-VND-0074,27793000.0,2024-12-25,2025-08-18,Completed,0,0.0
CTR-2024-00096,AWD-2024-00096,PRC-VND-0074,16791000.0,2024-12-17,2025-04-17,Completed,0,0.0
CTR-2024-00097,AWD-2024-00097,PRC-VND-0047,22030000.0,2024-12-09,2025-04-08,Completed,0,0.0
CTR-2024-00098,AWD-2024-00098,PRC-VND-0030,24875000.0,2024-12-08,2025-03-30,Completed,0,0.0
CTR-2024-00099,AWD-2024-00099,PRC-VND-0047,2729000.0,2024-12-20,2025-05-13,Completed,0,0.0
CTR-2024-00100,AWD-2024-00100,PRC-VND-0076,15219000.0,2024-12-14,2025-08-07,Completed,0,0.0
CTR-2024-00101,AWD-2024-00101,PRC-VND-0124,43760000.0,2025-01-02,2025-08-12,Completed,0,0.0
CTR-2024-00102,AWD-2024-00102,PRC-VND-0031,32825000.0,2025-01-07,2025-08-06,Completed,0,0.0
CTR-2024-00103,AWD-2024-00103,PRC-VND-0104,14278000.0,2025-01-14,2025-05-06,Completed,0,0.0
CTR-2024-00104,AWD-2024-00104,PRC-VND-0045,3019000.0,2024-12-26,2025-04-01,Completed,0,0.0
CTR-2025-00001,AWD-2025-00001,PRC-VND-0055,4906000.0,2025-01-18,2025-06-19,Completed,0,0.0
CTR-2024-00105,AWD-2024-00105,PRC-VND-0078,1585000.0,2025-01-12,2025-05-12,Completed,0,0.0
CTR-2024-00106,AWD-2024-00106,PRC-VND-0123,12419000.0,2024-12-30,2025-07-26,Completed,0,0.0
CTR-2024-00107,AWD-2024-00107,PRC-VND-0038,19457000.0,2024-12-23,2025-05-26,Completed,1,2061000.0
CTR-2024-00108,AWD-2024-00108,PRC-VND-0030,29501000.0,2024-12-27,2025-05-31,Completed,0,0.0
CTR-2024-00109,AWD-2024-00109,PRC-VND-0048,9734000.0,2025-01-06,2025-06-18,Completed,2,1178000.0
CTR-2024-00110,AWD-2024-00110,PRC-VND-0092,25060000.0,2025-01-05,2025-08-15,Completed,0,0.0
CTR-2024-00111,AWD-2024-00111,PRC-VND-0002,15249000.0,2024-12-27,2025-07-28,Completed,0,0.0
CTR-2024-00112,AWD-2024-00112,PRC-VND-0053,29522000.0,2024-12-19,2025-06-21,Completed,0,0.0
CTR-2024-00113,AWD-2024-00113,PRC-VND-0061,5515000.0,2024-12-21,2025-07-29,Completed,0,0.0
CTR-2025-00002,AWD-2025-00002,PRC-VND-0121,13474000.0,2025-01-21,2025-05-06,Completed,0,0.0
CTR-2024-00114,AWD-2024-00114,PRC-VND-0099,15823000.0,2024-12-31,2025-06-22,Completed,0,0.0
CTR-2024-00115,AWD-2024-00115,PRC-VND-0117,16311000.0,2025-01-03,2025-05-13,Completed,0,0.0
CTR-2024-00116,AWD-2024-00116,PRC-VND-0005,6019000.0,2025-01-17,2025-04-25,Completed,0,0.0
CTR-2025-00003,AWD-2025-00003,PRC-VND-0016,6632000.0,2025-01-16,2025-08-14,Completed,0,0.0
CTR-2025-00004,AWD-2025-00004,PRC-VND-0020,28369000.0,2025-01-22,2025-09-17,Completed,0,0.0
CTR-2025-00005,AWD-2025-00005,PRC-VND-0119,25420000.0,2025-01-20,2025-08-07,Completed,0,0.0
CTR-2025-00006,AWD-2025-00006,PRC-VND-0092,16159000.0,2025-02-08,2025-05-27,Completed,0,0.0
CTR-2025-00007,AWD-2025-00007,PRC-VND-0031,15299000.0,2025-01-18,2025-05-25,Completed,2,2465000.0
CTR-2025-00008,AWD-2025-00008,PRC-VND-0070,32726000.0,2025-01-31,2025-07-21,Completed,0,0.0
CTR-2025-00009,AWD-2025-00009,PRC-VND-0045,2396000.0,2025-01-11,2025-06-18,Completed,0,0.0
CTR-2025-00010,AWD-2025-00010,PRC-VND-0116,28419000.0,2025-02-06,2025-08-29,Completed,0,0.0
CTR-2025-00011,AWD-2025-00011,PRC-VND-0115,12072000.0,2025-01-17,2025-08-10,Completed,0,0.0
CTR-2025-00012,AWD-2025-00012,PRC-VND-0021,29413000.0,2025-02-08,2025-09-02,Completed,0,0.0
CTR-2025-00013,AWD-2025-00013,PRC-VND-0040,29854000.0,2025-01-14,2025-06-11,Completed,0,0.0
CTR-2025-00014,AWD-2025-00014,PRC-VND-0072,31043000.0,2025-01-16,2025-07-05,Completed,0,0.0
CTR-2025-00015,AWD-2025-00015,PRC-VND-0100,42001000.0,2025-01-27,2025-08-08,Completed,2,6027000.0
CTR-2025-00016,AWD-2025-00016,PRC-VND-0104,29992000.0,2025-02-02,2025-09-14,Completed,0,0.0
CTR-2025-00017,AWD-2025-00017,PRC-VND-0113,18556000.0,2025-01-28,2025-05-12,Completed,0,0.0
CTR-2025-00018,AWD-2025-00018,PRC-VND-0087,20868000.0,2025-01-31,2025-06-23,Completed,0,0.0
CTR-2025-00019,AWD-2025-00019,PRC-VND-0060,43402000.0,2025-02-11,2025-07-24,Completed,2,8039000.0
CTR-2025-00020,AWD-2025-00020,PRC-VND-0014,28928000.0,2025-02-05,2025-09-27,Completed,0,0.0
CTR-2025-00021,AWD-2025-00021,PRC-VND-0025,33311000.0,2025-02-13,2025-08-03,Completed,0,0.0
CTR-2025-00022,AWD-2025-00022,PRC-VND-0025,5845000.0,2025-02-01,2025-07-27,Completed,1,296000.0
CTR-2025-00023,AWD-2025-00023,PRC-VND-0090,7083000.0,2025-01-23,2025-07-29,Completed,0,0.0
CTR-2025-00024,AWD-2025-00024,PRC-VND-0001,21541000.0,2025-01-24,2025-09-20,Completed,2,3593000.0
CTR-2025-00025,AWD-2025-00025,PRC-VND-0055,13819000.0,2025-02-12,2025-09-15,Completed,0,0.0
CTR-2025-00026,AWD-2025-00026,PRC-VND-0035,50468000.0,2025-02-04,2025-07-20,Completed,1,1904000.0
CTR-2025-00027,AWD-2025-00027,PRC-VND-0031,23699000.0,2025-02-19,2025-07-26,Completed,0,0.0
CTR-2025-00028,AWD-2025-00028,PRC-VND-0093,48761000.0,2025-02-18,2025-10-08,Completed,2,7735000.0
CTR-2025-00029,AWD-2025-00029,PRC-VND-0091,20768000.0,2025-02-08,2025-06-12,Completed,0,0.0
CTR-2025-00030,AWD-2025-00030,PRC-VND-0079,38829000.0,2025-02-07,2025-05-21,Completed,0,0.0
CTR-2025-00031,AWD-2025-00031,PRC-VND-0068,44119000.0,2025-02-15,2025-06-21,Completed,2,4940000.0
CTR-2025-00032,AWD-2025-00032,PRC-VND-0023,20256000.0,2025-02-15,2025-09-06,Completed,0,0.0
CTR-2025-00033,AWD-2025-00033,PRC-VND-0047,23286000.0,2025-02-08,2025-06-29,Completed,0,0.0
CTR-2025-00034,AWD-2025-00034,PRC-VND-0121,29751000.0,2025-02-26,2025-09-21,Completed,1,2087000.0
CTR-2025-00035,AWD-2025-00035,PRC-VND-0020,25916000.0,2025-02-15,2025-09-11,Completed,0,0.0
CTR-2025-00036,AWD-2025-00036,PRC-VND-0128,12154000.0,2025-03-13,2025-07-28,Completed,0,0.0
CTR-2025-00037,AWD-2025-00037,PRC-VND-0103,37382000.0,2025-02-25,2025-09-22,Completed,0,0.0
CTR-2025-00038,AWD-2025-00038,PRC-VND-0019,7682000.0,2025-02-24,2025-06-09,Completed,0,0.0
CTR-2025-00039,AWD-2025-00039,PRC-VND-0020,3586000.0,2025-02-22,2025-06-23,Completed,0,0.0
CTR-2025-00040,AWD-2025-00040,PRC-VND-0050,28626000.0,2025-02-19,2025-08-16,Completed,0,0.0
CTR-2025-00041,AWD-2025-00041,PRC-VND-0100,25299000.0,2025-03-13,2025-07-24,Completed,0,0.0
CTR-2025-00042,AWD-2025-00042,PRC-VND-0016,37467000.0,2025-02-23,2025-06-08,Completed,0,0.0
CTR-2025-00043,AWD-2025-00043,PRC-VND-0037,27527000.0,2025-02-24,2025-06-19,Completed,0,0.0
CTR-2025-00044,AWD-2025-00044,PRC-VND-0113,32882000.0,2025-03-20,2025-08-27,Completed,0,0.0
CTR-2025-00045,AWD-2025-00045,PRC-VND-0013,37175000.0,2025-03-02,2025-08-26,Completed,0,0.0
CTR-2025-00046,AWD-2025-00046,PRC-VND-0054,18114000.0,2025-03-02,2025-08-26,Completed,0,0.0
CTR-2025-00047,AWD-2025-00047,PRC-VND-0043,17913000.0,2025-02-23,2025-06-29,Completed,0,0.0
CTR-2025-00048,AWD-2025-00048,PRC-VND-0110,18076000.0,2025-03-21,2025-09-28,Completed,0,0.0
CTR-2025-00049,AWD-2025-00049,PRC-VND-0026,18312000.0,2025-03-08,2025-08-12,Completed,0,0.0
CTR-2025-00050,AWD-2025-00050,PRC-VND-0051,15539000.0,2025-03-16,2025-09-25,Completed,0,0.0
CTR-2025-00051,AWD-2025-00051,PRC-VND-0003,14382000.0,2025-03-17,2025-10-22,Completed,0,0.0
CTR-2025-00052,AWD-2025-00052,PRC-VND-0035,34202000.0,2025-03-13,2025-07-14,Completed,0,0.0
CTR-2025-00053,AWD-2025-00053,PRC-VND-0083,27695000.0,2025-03-14,2025-06-23,Completed,0,0.0
CTR-2025-00054,AWD-2025-00054,PRC-VND-0029,38168000.0,2025-03-07,2025-06-29,Completed,0,0.0
CTR-2025-00055,AWD-2025-00055,PRC-VND-0004,35243000.0,2025-03-03,2025-08-18,Completed,0,0.0
CTR-2025-00056,AWD-2025-00056,PRC-VND-0087,37438000.0,2025-03-15,2025-06-26,Completed,2,2560000.0
CTR-2025-00057,AWD-2025-00057,PRC-VND-0079,5594000.0,2025-03-03,2025-07-03,Completed,0,0.0
CTR-2025-00058,AWD-2025-00058,PRC-VND-0082,32275000.0,2025-03-17,2025-08-10,Completed,0,0.0
CTR-2025-00059,AWD-2025-00059,PRC-VND-0009,2201000.0,2025-03-13,2025-09-26,Completed,0,0.0
CTR-2025-00060,AWD-2025-00060,PRC-VND-0008,11410000.0,2025-03-29,2025-10-15,Completed,0,0.0
CTR-2025-00061,AWD-2025-00061,PRC-VND-0119,26955000.0,2025-03-28,2025-08-26,Completed,0,0.0
CTR-2025-00062,AWD-2025-00062,PRC-VND-0058,30080000.0,2025-03-29,2025-09-05,Completed,0,0.0
CTR-2025-00063,AWD-2025-00063,PRC-VND-0071,9087000.0,2025-03-28,2025-07-07,Completed,0,0.0
CTR-2025-00064,AWD-2025-00064,PRC-VND-0110,27046000.0,2025-03-21,2025-11-16,Completed,0,0.0
CTR-2025-00065,AWD-2025-00065,PRC-VND-0092,7226000.0,2025-04-05,2025-09-29,Completed,0,0.0
CTR-2025-00066,AWD-2025-00066,PRC-VND-0013,27286000.0,2025-03-13,2025-09-27,Completed,0,0.0
CTR-2025-00067,AWD-2025-00067,PRC-VND-0051,28054000.0,2025-03-28,2025-08-09,Completed,0,0.0
CTR-2025-00068,AWD-2025-00068,PRC-VND-0118,10971000.0,2025-04-17,2025-09-21,Completed,0,0.0
CTR-2025-00069,AWD-2025-00069,PRC-VND-0090,28155000.0,2025-04-09,2025-09-24,Completed,0,0.0
CTR-2025-00070,AWD-2025-00070,PRC-VND-0041,7229000.0,2025-03-30,2025-07-26,Completed,0,0.0
CTR-2025-00071,AWD-2025-00071,PRC-VND-0004,18813000.0,2025-04-10,2025-10-18,Completed,0,0.0
CTR-2025-00072,AWD-2025-00072,PRC-VND-0075,48617000.0,2025-04-07,2025-09-29,Completed,2,9696000.0
CTR-2025-00073,AWD-2025-00073,PRC-VND-0103,9386000.0,2025-04-09,2025-09-27,Completed,0,0.0
CTR-2025-00074,AWD-2025-00074,PRC-VND-0086,18704000.0,2025-04-09,2025-07-27,Completed,0,0.0
CTR-2025-00075,AWD-2025-00075,PRC-VND-0125,28383000.0,2025-04-19,2025-09-04,Completed,0,0.0
CTR-2025-00076,AWD-2025-00076,PRC-VND-0058,13113000.0,2025-04-03,2025-09-16,Completed,0,0.0
CTR-2025-00077,AWD-2025-00077,PRC-VND-0016,19786000.0,2025-04-13,2025-11-05,Completed,0,0.0
CTR-2025-00078,AWD-2025-00078,PRC-VND-0023,29878000.0,2025-04-08,2025-11-29,Completed,0,0.0
CTR-2025-00079,AWD-2025-00079,PRC-VND-0111,4428000.0,2025-04-16,2025-12-09,Completed,0,0.0
CTR-2025-00080,AWD-2025-00080,PRC-VND-0043,46212000.0,2025-04-16,2025-10-03,Completed,0,0.0
CTR-2025-00081,AWD-2025-00081,PRC-VND-0007,35361000.0,2025-04-19,2025-11-03,Completed,0,0.0
CTR-2025-00082,AWD-2025-00082,PRC-VND-0036,2188000.0,2025-04-13,2025-10-24,Completed,0,0.0
CTR-2025-00083,AWD-2025-00083,PRC-VND-0038,9926000.0,2025-04-04,2025-07-03,Completed,0,0.0
CTR-2025-00084,AWD-2025-00084,PRC-VND-0068,21811000.0,2025-04-20,2025-11-20,Completed,0,0.0
CTR-2025-00085,AWD-2025-00085,PRC-VND-0029,55023000.0,2025-05-02,2025-09-09,Completed,2,10893000.0
CTR-2025-00086,AWD-2025-00086,PRC-VND-0118,9723000.0,2025-04-30,2025-10-14,Completed,0,0.0
CTR-2025-00087,AWD-2025-00087,PRC-VND-0015,18884000.0,2025-04-28,2025-08-23,Completed,0,0.0
CTR-2025-00088,AWD-2025-00088,PRC-VND-0106,2983000.0,2025-04-28,2025-08-16,Completed,1,146000.0
CTR-2025-00089,AWD-2025-00089,PRC-VND-0079,19305000.0,2025-05-04,2025-10-25,Completed,0,0.0
CTR-2025-00090,AWD-2025-00090,PRC-VND-0060,25680000.0,2025-05-11,2025-09-23,Completed,0,0.0
CTR-2025-00091,AWD-2025-00091,PRC-VND-0107,36355000.0,2025-05-08,2025-12-11,Completed,2,4690000.0
CTR-2025-00092,AWD-2025-00092,PRC-VND-0134,36014000.0,2025-04-27,2025-09-03,Completed,2,5373000.0
CTR-2025-00093,AWD-2025-00093,PRC-VND-0118,6044000.0,2025-04-21,2025-08-13,Completed,0,0.0
CTR-2025-00094,AWD-2025-00094,PRC-VND-0047,11892000.0,2025-05-05,2025-10-23,Completed,0,0.0
CTR-2025-00095,AWD-2025-00095,PRC-VND-0021,22379000.0,2025-05-09,2025-10-21,Completed,0,0.0
CTR-2025-00096,AWD-2025-00096,PRC-VND-0009,8937000.0,2025-05-12,2025-12-11,Completed,0,0.0
CTR-2025-00097,AWD-2025-00097,PRC-VND-0075,14668000.0,2025-05-07,2025-10-19,Completed,0,0.0
CTR-2025-00098,AWD-2025-00098,PRC-VND-0037,11025000.0,2025-05-31,2026-01-18,Completed,0,0.0
CTR-2025-00099,AWD-2025-00099,PRC-VND-0071,2005000.0,2025-06-06,2025-11-18,Completed,0,0.0
CTR-2025-00100,AWD-2025-00100,PRC-VND-0029,32894000.0,2025-05-15,2025-10-31,Completed,2,3367000.0
CTR-2025-00101,AWD-2025-00101,PRC-VND-0044,22799000.0,2025-05-17,2025-10-07,Completed,0,0.0
CTR-2025-00102,AWD-2025-00102,PRC-VND-0132,29827000.0,2025-05-29,2025-11-25,Completed,0,0.0
CTR-2025-00103,AWD-2025-00103,PRC-VND-0120,32113000.0,2025-05-20,2025-10-22,Completed,0,0.0
CTR-2025-00104,AWD-2025-00104,PRC-VND-0018,28146000.0,2025-05-31,2026-01-13,Completed,0,0.0
CTR-2025-00105,AWD-2025-00105,PRC-VND-0031,31506000.0,2025-05-14,2025-12-02,Completed,0,0.0
CTR-2025-00106,AWD-2025-00106,PRC-VND-0132,32837000.0,2025-05-26,2025-12-28,Completed,1,3836000.0
CTR-2025-00107,AWD-2025-00107,PRC-VND-0034,8606000.0,2025-06-02,2025-11-27,Completed,0,0.0
CTR-2025-00108,AWD-2025-00108,PRC-VND-0077,29460000.0,2025-06-02,2025-11-25,Completed,0,0.0
CTR-2025-00109,AWD-2025-00109,PRC-VND-0006,9264000.0,2025-06-17,2025-09-16,Completed,0,0.0
CTR-2025-00110,AWD-2025-00110,PRC-VND-0108,27341000.0,2025-05-22,2026-01-09,Completed,1,1362000.0
CTR-2025-00111,AWD-2025-00111,PRC-VND-0129,30918000.0,2025-06-01,2026-01-27,Completed,0,0.0
CTR-2025-00112,AWD-2025-00112,PRC-VND-0089,10480000.0,2025-05-27,2025-12-23,Completed,1,645000.0
CTR-2025-00113,AWD-2025-00113,PRC-VND-0064,8170000.0,2025-06-21,2025-09-21,Completed,0,0.0
CTR-2025-00114,AWD-2025-00114,PRC-VND-0096,1256000.0,2025-06-09,2025-12-10,Completed,2,177000.0
CTR-2025-00115,AWD-2025-00115,PRC-VND-0084,8347000.0,2025-06-09,2025-10-14,Completed,0,0.0
CTR-2025-00116,AWD-2025-00116,PRC-VND-0012,11074000.0,2025-06-17,2026-01-14,Completed,0,0.0
CTR-2025-00117,AWD-2025-00117,PRC-VND-0078,16164000.0,2025-06-18,2026-01-28,Completed,0,0.0
CTR-2025-00118,AWD-2025-00118,PRC-VND-0028,21639000.0,2025-06-27,2025-11-28,Completed,0,0.0
CTR-2025-00119,AWD-2025-00119,PRC-VND-0018,11357000.0,2025-06-18,2026-01-20,Completed,0,0.0
CTR-2025-00120,AWD-2025-00120,PRC-VND-0138,6282000.0,2025-06-11,2025-11-16,Completed,0,0.0
CTR-2025-00121,AWD-2025-00121,PRC-VND-0138,30339000.0,2025-06-22,2026-01-22,Completed,2,3856000.0
CTR-2025-00122,AWD-2025-00122,PRC-VND-0113,8890000.0,2025-07-01,2025-10-24,Completed,0,0.0
CTR-2025-00123,AWD-2025-00123,PRC-VND-0037,25305000.0,2025-06-30,2025-12-12,Completed,0,0.0
CTR-2025-00124,AWD-2025-00124,PRC-VND-0066,27886000.0,2025-06-23,2025-11-11,Completed,0,0.0
CTR-2025-00125,AWD-2025-00125,PRC-VND-0077,23156000.0,2025-06-27,2025-11-09,Completed,0,0.0
CTR-2025-00126,AWD-2025-00126,PRC-VND-0128,26998000.0,2025-07-03,2025-12-04,Completed,0,0.0
CTR-2025-00127,AWD-2025-00127,PRC-VND-0126,13197000.0,2025-06-20,2026-01-15,Completed,0,0.0
CTR-2025-00128,AWD-2025-00128,PRC-VND-0007,9316000.0,2025-07-03,2025-12-16,Completed,0,0.0
CTR-2025-00129,AWD-2025-00129,PRC-VND-0086,1566000.0,2025-07-01,2025-12-03,Completed,0,0.0
CTR-2025-00130,AWD-2025-00130,PRC-VND-0085,16347000.0,2025-07-13,2026-02-05,Completed,0,0.0
CTR-2025-00131,AWD-2025-00131,PRC-VND-0090,15187000.0,2025-07-03,2026-01-25,Completed,0,0.0
CTR-2025-00132,AWD-2025-00132,PRC-VND-0027,12530000.0,2025-07-04,2025-12-07,Completed,0,0.0
CTR-2025-00133,AWD-2025-00133,PRC-VND-0132,6728000.0,2025-06-30,2025-11-08,Completed,0,0.0
CTR-2025-00134,AWD-2025-00134,PRC-VND-0002,22875000.0,2025-07-13,2025-12-24,Completed,0,0.0
CTR-2025-00135,AWD-2025-00135,PRC-VND-0006,6085000.0,2025-07-15,2026-03-10,Completed,0,0.0
CTR-2025-00136,AWD-2025-00136,PRC-VND-0045,32375000.0,2025-07-20,2026-01-30,Completed,1,1476000.0
CTR-2025-00137,AWD-2025-00137,PRC-VND-0035,31842000.0,2025-07-27,2026-02-21,Completed,0,0.0
CTR-2025-00138,AWD-2025-00138,PRC-VND-0039,16469000.0,2025-07-28,2025-12-27,Completed,0,0.0
CTR-2025-00139,AWD-2025-00139,PRC-VND-0139,12646000.0,2025-07-09,2026-02-08,Completed,0,0.0
CTR-2025-00140,AWD-2025-00140,PRC-VND-0058,34163000.0,2025-07-13,2025-11-23,Completed,0,0.0
CTR-2025-00141,AWD-2025-00141,PRC-VND-0105,20802000.0,2025-07-09,2025-12-04,Completed,0,0.0
CTR-2025-00142,AWD-2025-00142,PRC-VND-0048,9543000.0,2025-06-30,2025-10-17,Completed,0,0.0
CTR-2025-00143,AWD-2025-00143,PRC-VND-0094,16700000.0,2025-07-15,2025-11-01,Completed,0,0.0
CTR-2025-00144,AWD-2025-00144,PRC-VND-0094,18478000.0,2025-07-19,2025-12-08,Completed,0,0.0
CTR-2025-00145,AWD-2025-00145,PRC-VND-0006,7475000.0,2025-07-04,2025-12-21,Completed,1,422000.0
CTR-2025-00146,AWD-2025-00146,PRC-VND-0099,28060000.0,2025-07-22,2025-11-26,Completed,0,0.0
CTR-2025-00147,AWD-2025-00147,PRC-VND-0004,25682000.0,2025-08-02,2026-01-28,Completed,0,0.0
CTR-2025-00148,AWD-2025-00148,PRC-VND-0067,29253000.0,2025-07-16,2026-01-26,Completed,1,1530000.0
CTR-2025-00149,AWD-2025-00149,PRC-VND-0066,14441000.0,2025-07-26,2025-11-16,Completed,0,0.0
CTR-2025-00150,AWD-2025-00150,PRC-VND-0046,8571000.0,2025-08-09,2025-11-19,Completed,0,0.0
CTR-2025-00151,AWD-2025-00151,PRC-VND-0091,4972000.0,2025-07-23,2026-03-10,Completed,0,0.0
CTR-2025-00152,AWD-2025-00152,PRC-VND-0105,856000.0,2025-07-21,2025-10-24,Completed,0,0.0
CTR-2025-00153,AWD-2025-00153,PRC-VND-0001,18640000.0,2025-07-29,2026-03-20,Completed,0,0.0
CTR-2025-00154,AWD-2025-00154,PRC-VND-0088,20248000.0,2025-08-11,2026-01-16,Completed,0,0.0
CTR-2025-00155,AWD-2025-00155,PRC-VND-0065,4789000.0,2025-08-11,2026-02-18,Completed,0,0.0
CTR-2025-00156,AWD-2025-00156,PRC-VND-0074,39798000.0,2025-07-25,2026-01-07,Completed,1,1527000.0
CTR-2025-00157,AWD-2025-00157,PRC-VND-0119,9025000.0,2025-08-13,2026-04-05,Completed,0,0.0
CTR-2025-00158,AWD-2025-00158,PRC-VND-0055,41774000.0,2025-08-12,2026-01-25,Completed,0,0.0
CTR-2025-00159,AWD-2025-00159,PRC-VND-0001,42822000.0,2025-08-11,2026-03-24,Completed,0,0.0
CTR-2025-00160,AWD-2025-00160,PRC-VND-0112,53116000.0,2025-08-09,2025-12-19,Completed,2,11481000.0
CTR-2025-00161,AWD-2025-00161,PRC-VND-0036,43899000.0,2025-08-29,2026-02-14,Completed,0,0.0
CTR-2025-00162,AWD-2025-00162,PRC-VND-0111,1614000.0,2025-08-24,2026-03-21,Completed,0,0.0
CTR-2025-00163,AWD-2025-00163,PRC-VND-0001,30021000.0,2025-08-06,2026-02-25,Completed,0,0.0
CTR-2025-00164,AWD-2025-00164,PRC-VND-0091,19378000.0,2025-08-16,2026-02-27,Completed,0,0.0
CTR-2025-00165,AWD-2025-00165,PRC-VND-0069,37622000.0,2025-08-17,2025-11-28,Completed,0,0.0
CTR-2025-00166,AWD-2025-00166,PRC-VND-0036,28304000.0,2025-08-29,2026-02-17,Completed,0,0.0
CTR-2025-00167,AWD-2025-00167,PRC-VND-0122,26114000.0,2025-08-10,2025-12-08,Completed,0,0.0
CTR-2025-00168,AWD-2025-00168,PRC-VND-0029,41522000.0,2025-08-25,2026-02-08,Completed,0,0.0
CTR-2025-00169,AWD-2025-00169,PRC-VND-0089,27761000.0,2025-08-22,2026-02-06,Completed,0,0.0
CTR-2025-00170,AWD-2025-00170,PRC-VND-0067,26604000.0,2025-08-29,2026-01-22,Completed,1,1863000.0
CTR-2025-00171,AWD-2025-00171,PRC-VND-0144,39434000.0,2025-09-13,2026-03-12,Completed,2,3998000.0
CTR-2025-00172,AWD-2025-00172,PRC-VND-0141,26322000.0,2025-08-27,2026-03-20,Completed,0,0.0
CTR-2025-00173,AWD-2025-00173,PRC-VND-0122,2821000.0,2025-09-06,2026-01-05,Completed,0,0.0
CTR-2025-00174,AWD-2025-00174,PRC-VND-0072,15291000.0,2025-08-24,2025-12-10,Completed,2,1893000.0
CTR-2025-00175,AWD-2025-00175,PRC-VND-0061,16609000.0,2025-09-03,2026-04-04,Completed,0,0.0
CTR-2025-00176,AWD-2025-00176,PRC-VND-0142,13758000.0,2025-08-20,2025-11-24,Completed,0,0.0
CTR-2025-00177,AWD-2025-00177,PRC-VND-0091,5559000.0,2025-09-09,2026-03-04,Completed,0,0.0
CTR-2025-00178,AWD-2025-00178,PRC-VND-0039,7582000.0,2025-09-10,2026-04-15,Completed,0,0.0
CTR-2025-00179,AWD-2025-00179,PRC-VND-0121,24981000.0,2025-09-09,2026-04-12,Completed,0,0.0
CTR-2025-00180,AWD-2025-00180,PRC-VND-0004,28490000.0,2025-08-27,2026-02-09,Completed,0,0.0
CTR-2025-00181,AWD-2025-00181,PRC-VND-0031,40307000.0,2025-08-29,2026-01-24,Completed,2,4958000.0
CTR-2025-00182,AWD-2025-00182,PRC-VND-0091,5762000.0,2025-09-22,2026-03-10,Completed,1,514000.0
CTR-2025-00183,AWD-2025-00183,PRC-VND-0093,44455000.0,2025-09-19,2026-04-26,Completed,0,0.0
CTR-2025-00184,AWD-2025-00184,PRC-VND-0106,11219000.0,2025-09-14,2026-01-25,Completed,0,0.0
CTR-2025-00185,AWD-2025-00185,PRC-VND-0109,9376000.0,2025-09-17,2026-04-24,Completed,0,0.0
CTR-2025-00186,AWD-2025-00186,PRC-VND-0042,4977000.0,2025-09-10,2026-03-06,Completed,0,0.0
CTR-2025-00187,AWD-2025-00187,PRC-VND-0003,21042000.0,2025-09-11,2025-12-21,Completed,0,0.0
CTR-2025-00188,AWD-2025-00188,PRC-VND-0132,8790000.0,2025-09-08,2026-02-09,Completed,0,0.0
CTR-2025-00189,AWD-2025-00189,PRC-VND-0093,7164000.0,2025-09-25,2026-03-28,Completed,1,890000.0
CTR-2025-00190,AWD-2025-00190,PRC-VND-0144,43929000.0,2025-09-13,2026-04-08,Completed,0,0.0
CTR-2025-00191,AWD-2025-00191,PRC-VND-0006,15047000.0,2025-10-03,2026-03-15,Completed,0,0.0
CTR-2025-00192,AWD-2025-00192,PRC-VND-0136,26633000.0,2025-09-25,2026-04-19,Completed,0,0.0
CTR-2025-00193,AWD-2025-00193,PRC-VND-0040,13722000.0,2025-09-29,2026-04-20,Completed,1,1635000.0
CTR-2025-00194,AWD-2025-00194,PRC-VND-0037,5406000.0,2025-09-30,2026-04-17,Completed,0,0.0
CTR-2025-00195,AWD-2025-00195,PRC-VND-0119,29984000.0,2025-09-21,2025-12-31,Completed,0,0.0
CTR-2025-00196,AWD-2025-00196,PRC-VND-0079,17924000.0,2025-10-08,2026-01-13,Completed,0,0.0
CTR-2025-00197,AWD-2025-00197,PRC-VND-0145,33173000.0,2025-10-07,2026-01-15,Completed,0,0.0
CTR-2025-00198,AWD-2025-00198,PRC-VND-0009,16906000.0,2025-09-10,2026-03-12,Completed,0,0.0
CTR-2025-00199,AWD-2025-00199,PRC-VND-0005,40071000.0,2025-09-20,2026-03-13,Completed,0,0.0
CTR-2025-00200,AWD-2025-00200,PRC-VND-0080,11453000.0,2025-10-07,2026-03-20,Completed,1,552000.0
CTR-2025-00201,AWD-2025-00201,PRC-VND-0012,43990000.0,2025-10-01,2026-01-09,Completed,0,0.0
CTR-2025-00202,AWD-2025-00202,PRC-VND-0040,14270000.0,2025-10-07,2026-03-19,Completed,1,1034000.0
CTR-2025-00203,AWD-2025-00203,PRC-VND-0123,20537000.0,2025-10-11,2026-03-21,Completed,0,0.0
CTR-2025-00204,AWD-2025-00204,PRC-VND-0092,13460000.0,2025-09-30,2026-02-14,Completed,0,0.0
CTR-2025-00205,AWD-2025-00205,PRC-VND-0017,21644000.0,2025-10-17,2026-04-02,Completed,0,0.0
CTR-2025-00206,AWD-2025-00206,PRC-VND-0116,33881000.0,2025-10-18,2026-06-15,Completed,0,0.0
CTR-2025-00207,AWD-2025-00207,PRC-VND-0118,10332000.0,2025-10-12,2026-02-14,Completed,0,0.0
CTR-2025-00208,AWD-2025-00208,PRC-VND-0112,30244000.0,2025-10-09,2026-02-26,Completed,0,0.0
CTR-2025-00209,AWD-2025-00209,PRC-VND-0087,14508000.0,2025-09-25,2026-04-05,Completed,0,0.0
CTR-2025-00210,AWD-2025-00210,PRC-VND-0018,12151000.0,2025-10-09,2026-01-24,Completed,0,0.0
CTR-2025-00211,AWD-2025-00211,PRC-VND-0010,24666000.0,2025-10-26,2026-02-28,Completed,0,0.0
CTR-2025-00212,AWD-2025-00212,PRC-VND-0113,25407000.0,2025-10-16,2026-02-03,Completed,0,0.0
CTR-2025-00213,AWD-2025-00213,PRC-VND-0017,36026000.0,2025-10-14,2026-02-17,Completed,0,0.0
CTR-2025-00214,AWD-2025-00214,PRC-VND-0043,13808000.0,2025-10-13,2026-02-06,Completed,0,0.0
CTR-2025-00215,AWD-2025-00215,PRC-VND-0028,18385000.0,2025-10-28,2026-05-04,Completed,1,1740000.0
CTR-2025-00216,AWD-2025-00216,PRC-VND-0004,46100000.0,2025-10-26,2026-03-13,Completed,1,4621000.0
CTR-2025-00217,AWD-2025-00217,PRC-VND-0066,20644000.0,2025-10-16,2026-02-03,Completed,0,0.0
CTR-2025-00218,AWD-2025-00218,PRC-VND-0031,23523000.0,2025-10-05,2026-02-17,Completed,0,0.0
CTR-2025-00219,AWD-2025-00219,PRC-VND-0009,24364000.0,2025-10-09,2026-01-10,Completed,0,0.0
CTR-2025-00220,AWD-2025-00220,PRC-VND-0011,26439000.0,2025-10-26,2026-02-02,Completed,0,0.0
CTR-2025-00221,AWD-2025-00221,PRC-VND-0017,8032000.0,2025-10-16,2026-02-28,Completed,0,0.0
CTR-2025-00222,AWD-2025-00222,PRC-VND-0049,22622000.0,2025-10-20,2026-01-23,Completed,0,0.0
CTR-2025-00223,AWD-2025-00223,PRC-VND-0140,3846000.0,2025-10-10,2026-04-19,Completed,0,0.0
CTR-2025-00224,AWD-2025-00224,PRC-VND-0001,5231000.0,2025-11-07,2026-03-13,Completed,1,390000.0
CTR-2025-00225,AWD-2025-00225,PRC-VND-0065,2185000.0,2025-11-05,2026-03-26,Completed,0,0.0
CTR-2025-00226,AWD-2025-00226,PRC-VND-0073,5871000.0,2025-10-24,2026-03-06,Completed,0,0.0
CTR-2025-00227,AWD-2025-00227,PRC-VND-0061,15510000.0,2025-11-02,2026-04-25,Completed,0,0.0
CTR-2025-00228,AWD-2025-00228,PRC-VND-0068,19260000.0,2025-10-25,2026-02-28,Completed,0,0.0
CTR-2025-00229,AWD-2025-00229,PRC-VND-0068,33378000.0,2025-11-02,2026-04-18,Completed,0,0.0
CTR-2025-00230,AWD-2025-00230,PRC-VND-0138,22989000.0,2025-10-26,2026-02-05,Completed,0,0.0
CTR-2025-00231,AWD-2025-00231,PRC-VND-0061,3234000.0,2025-11-02,2026-03-28,Completed,0,0.0
CTR-2025-00232,AWD-2025-00232,PRC-VND-0135,33512000.0,2025-10-15,2026-05-08,Completed,0,0.0
CTR-2025-00233,AWD-2025-00233,PRC-VND-0032,33204000.0,2025-10-24,2026-04-23,Completed,0,0.0
CTR-2025-00234,AWD-2025-00234,PRC-VND-0033,21866000.0,2025-10-28,2026-06-11,Completed,0,0.0
CTR-2025-00235,AWD-2025-00235,PRC-VND-0077,27912000.0,2025-10-27,2026-02-04,Completed,0,0.0
CTR-2025-00236,AWD-2025-00236,PRC-VND-0037,39195000.0,2025-11-06,2026-05-02,Completed,0,0.0
CTR-2025-00237,AWD-2025-00237,PRC-VND-0085,30329000.0,2025-11-16,2026-05-08,Completed,0,0.0
CTR-2025-00238,AWD-2025-00238,PRC-VND-0128,24633000.0,2025-11-05,2026-03-17,Completed,0,0.0
CTR-2025-00239,AWD-2025-00239,PRC-VND-0014,14836000.0,2025-11-07,2026-04-14,Completed,0,0.0
CTR-2025-00240,AWD-2025-00240,PRC-VND-0135,18944000.0,2025-11-28,2026-04-06,Completed,0,0.0
CTR-2025-00241,AWD-2025-00241,PRC-VND-0103,37340000.0,2025-11-28,2026-05-18,Completed,0,0.0
CTR-2025-00242,AWD-2025-00242,PRC-VND-0019,30963000.0,2025-11-19,2026-07-14,Completed,0,0.0
CTR-2025-00243,AWD-2025-00243,PRC-VND-0081,18547000.0,2025-11-23,2026-06-13,Completed,2,4000000.0
CTR-2025-00244,AWD-2025-00244,PRC-VND-0127,5018000.0,2025-11-11,2026-04-30,Completed,0,0.0
CTR-2025-00245,AWD-2025-00245,PRC-VND-0127,26554000.0,2025-11-14,2026-03-07,Completed,0,0.0
CTR-2025-00246,AWD-2025-00246,PRC-VND-0076,9934000.0,2025-11-27,2026-03-01,Completed,0,0.0
CTR-2025-00247,AWD-2025-00247,PRC-VND-0063,1477000.0,2025-12-01,2026-07-25,Completed,0,0.0
CTR-2025-00248,AWD-2025-00248,PRC-VND-0076,38213000.0,2025-11-27,2026-07-24,Completed,2,6834000.0
CTR-2025-00249,AWD-2025-00249,PRC-VND-0046,39725000.0,2025-12-08,2026-05-26,Completed,0,0.0
CTR-2025-00250,AWD-2025-00250,PRC-VND-0108,5422000.0,2025-11-26,2026-07-17,Completed,0,0.0
CTR-2025-00251,AWD-2025-00251,PRC-VND-0039,38264000.0,2025-11-25,2026-06-09,Completed,2,4756000.0
CTR-2025-00252,AWD-2025-00252,PRC-VND-0025,37840000.0,2025-12-24,2026-06-03,Completed,1,3444000.0
CTR-2025-00253,AWD-2025-00253,PRC-VND-0074,3890000.0,2025-11-19,2026-07-03,Completed,0,0.0
CTR-2025-00254,AWD-2025-00254,PRC-VND-0025,29345000.0,2025-12-12,2026-07-03,Completed,1,2936000.0
CTR-2025-00255,AWD-2025-00255,PRC-VND-0096,22260000.0,2025-12-11,2026-03-11,Completed,0,0.0
CTR-2025-00256,AWD-2025-00256,PRC-VND-0033,47107000.0,2025-12-12,2026-07-28,Completed,2,7183000.0
CTR-2025-00257,AWD-2025-00257,PRC-VND-0067,17138000.0,2025-12-02,2026-04-16,Completed,0,0.0
CTR-2025-00258,AWD-2025-00258,PRC-VND-0064,7881000.0,2025-11-25,2026-06-25,Completed,0,0.0
CTR-2025-00259,AWD-2025-00259,PRC-VND-0083,40106000.0,2025-12-18,2026-06-24,Completed,1,3088000.0
CTR-2025-00260,AWD-2025-00260,PRC-VND-0001,21255000.0,2025-11-28,2026-07-18,Completed,0,0.0
CTR-2025-00261,AWD-2025-00261,PRC-VND-0099,3742000.0,2025-12-08,2026-06-30,Completed,0,0.0
CTR-2025-00262,AWD-2025-00262,PRC-VND-0137,3924000.0,2025-12-24,2026-08-03,Completed,0,0.0
CTR-2025-00263,AWD-2025-00263,PRC-VND-0106,14406000.0,2025-12-10,2026-05-14,Completed,0,0.0
CTR-2025-00264,AWD-2025-00264,PRC-VND-0141,3192000.0,2025-12-23,2026-07-16,Completed,0,0.0
CTR-2025-00265,AWD-2025-00265,PRC-VND-0147,7486000.0,2025-12-09,2026-05-21,Completed,0,0.0
CTR-2025-00266,AWD-2025-00266,PRC-VND-0068,16093000.0,2025-12-24,2026-04-09,Completed,0,0.0
CTR-2025-00267,AWD-2025-00267,PRC-VND-0024,32097000.0,2025-12-19,2026-07-24,Completed,0,0.0
CTR-2025-00268,AWD-2025-00268,PRC-VND-0125,3725000.0,2025-12-19,2026-08-04,Completed,1,195000.0
CTR-2025-00269,AWD-2025-00269,PRC-VND-0064,21898000.0,2025-12-28,2026-07-22,Completed,1,1580000.0
CTR-2025-00270,AWD-2025-00270,PRC-VND-0011,32389000.0,2025-12-17,2026-05-05,Completed,0,0.0
CTR-2025-00271,AWD-2025-00271,PRC-VND-0064,10426000.0,2025-12-13,2026-06-16,Completed,0,0.0
CTR-2025-00272,AWD-2025-00272,PRC-VND-0109,18930000.0,2025-12-17,2026-03-31,Completed,0,0.0
CTR-2025-00273,AWD-2025-00273,PRC-VND-0094,35352000.0,2025-12-09,2026-07-28,Completed,0,0.0
CTR-2025-00274,AWD-2025-00274,PRC-VND-0001,22663000.0,2025-12-30,2026-08-14,In Progress,0,0.0
CTR-2025-00275,AWD-2025-00275,PRC-VND-0126,27385000.0,2025-12-20,2026-08-02,Completed,0,0.0
CTR-2025-00276,AWD-2025-00276,PRC-VND-0060,35314000.0,2025-12-26,2026-07-11,Completed,0,0.0
CTR-2025-00277,AWD-2025-00277,PRC-VND-0035,8046000.0,2026-01-01,2026-05-12,Completed,0,0.0
CTR-2025-00278,AWD-2025-00278,PRC-VND-0083,31726000.0,2025-12-19,2026-06-23,Completed,0,0.0
CTR-2025-00279,AWD-2025-00279,PRC-VND-0146,30260000.0,2026-01-16,2026-04-21,Completed,0,0.0
CTR-2025-00280,AWD-2025-00280,PRC-VND-0055,11720000.0,2026-01-10,2026-07-12,Completed,0,0.0
CTR-2025-00281,AWD-2025-00281,PRC-VND-0136,24459000.0,2025-12-31,2026-08-20,In Progress,0,0.0
CTR-2025-00282,AWD-2025-00282,PRC-VND-0035,23551000.0,2026-01-07,2026-07-17,Completed,0,0.0
CTR-2026-00001,AWD-2026-00001,PRC-VND-0112,13156000.0,2026-01-19,2026-09-08,In Progress,0,0.0
CTR-2025-00283,AWD-2025-00283,PRC-VND-0073,37846000.0,2026-01-13,2026-05-23,Completed,0,0.0
CTR-2026-00002,AWD-2026-00002,PRC-VND-0060,32873000.0,2026-01-09,2026-08-15,In Progress,2,2588000.0
CTR-2026-00003,AWD-2026-00003,PRC-VND-0004,25251000.0,2026-01-21,2026-06-21,Completed,0,0.0
CTR-2026-00004,AWD-2026-00004,PRC-VND-0095,5286000.0,2026-01-23,2026-06-28,Completed,0,0.0
CTR-2026-00005,AWD-2026-00005,PRC-VND-0141,39382000.0,2026-01-15,2026-05-18,Completed,0,0.0
CTR-2025-00284,AWD-2025-00284,PRC-VND-0036,10390000.0,2026-01-03,2026-08-18,In Progress,0,0.0
CTR-2026-00006,AWD-2026-00006,PRC-VND-0083,26974000.0,2026-01-17,2026-07-23,Completed,0,0.0
CTR-2026-00007,AWD-2026-00007,PRC-VND-0088,9997000.0,2026-01-17,2026-06-18,Completed,1,347000.0
CTR-2026-00008,AWD-2026-00008,PRC-VND-0041,19370000.0,2026-02-10,2026-07-11,Completed,0,0.0
CTR-2026-00009,AWD-2026-00009,PRC-VND-0026,31916000.0,2026-01-28,2026-09-11,In Progress,1,3716000.0
CTR-2025-00285,AWD-2025-00285,PRC-VND-0049,21370000.0,2026-01-11,2026-05-02,Completed,0,0.0
CTR-2025-00286,AWD-2025-00286,PRC-VND-0145,33948000.0,2026-01-07,2026-04-28,Completed,0,0.0
CTR-2026-00010,AWD-2026-00010,PRC-VND-0064,13491000.0,2026-01-29,2026-07-08,Completed,0,0.0
CTR-2026-00011,AWD-2026-00011,PRC-VND-0028,23984000.0,2026-01-27,2026-08-30,In Progress,0,0.0
CTR-2026-00012,AWD-2026-00012,PRC-VND-0011,29701000.0,2026-01-23,2026-07-08,Completed,0,0.0
CTR-2026-00013,AWD-2026-00013,PRC-VND-0015,23106000.0,2026-01-23,2026-08-17,In Progress,0,0.0
CTR-2026-00014,AWD-2026-00014,PRC-VND-0023,25585000.0,2026-02-15,2026-08-22,In Progress,0,0.0
CTR-2026-00015,AWD-2026-00015,PRC-VND-0145,29523000.0,2026-01-25,2026-07-18,Completed,0,0.0
CTR-2026-00016,AWD-2026-00016,PRC-VND-0003,11795000.0,2026-01-28,2026-08-27,In Progress,0,0.0
CTR-2026-00017,AWD-2026-00017,PRC-VND-0016,33872000.0,2026-02-03,2026-06-22,Completed,0,0.0
CTR-2026-00018,AWD-2026-00018,PRC-VND-0043,30510000.0,2026-01-28,2026-05-27,Completed,1,2780000.0
CTR-2026-00019,AWD-2026-00019,PRC-VND-0147,16803000.0,2026-02-07,2026-07-19,Completed,0,0.0
CTR-2026-00020,AWD-2026-00020,PRC-VND-0063,21400000.0,2026-02-02,2026-08-29,In Progress,0,0.0
CTR-2026-00021,AWD-2026-00021,PRC-VND-0117,7281000.0,2026-02-23,2026-06-19,Completed,0,0.0
CTR-2026-00022,AWD-2026-00022,PRC-VND-0045,35422000.0,2026-02-05,2026-05-17,Completed,0,0.0
CTR-2026-00023,AWD-2026-00023,PRC-VND-0068,47542000.0,2026-02-06,2026-08-08,In Progress,0,0.0
CTR-2026-00024,AWD-2026-00024,PRC-VND-0149,37494000.0,2026-02-09,2026-05-24,Completed,1,4102000.0
CTR-2026-00025,AWD-2026-00025,PRC-VND-0125,23070000.0,2026-02-09,2026-07-12,Completed,0,0.0
CTR-2026-00026,AWD-2026-00026,PRC-VND-0086,8617000.0,2026-02-22,2026-05-25,Completed,1,555000.0
CTR-2026-00027,AWD-2026-00027,PRC-VND-0043,7782000.0,2026-01-27,2026-05-17,Completed,0,0.0
CTR-2026-00028,AWD-2026-00028,PRC-VND-0041,31169000.0,2026-02-28,2026-06-29,Completed,0,0.0
CTR-2026-00029,AWD-2026-00029,PRC-VND-0142,4793000.0,2026-02-18,2026-09-04,In Progress,0,0.0
CTR-2026-00030,AWD-2026-00030,PRC-VND-0028,7567000.0,2026-03-05,2026-08-02,Completed,0,0.0
CTR-2026-00031,AWD-2026-00031,PRC-VND-0018,35489000.0,2026-02-28,2026-09-12,In Progress,2,6226000.0
CTR-2026-00032,AWD-2026-00032,PRC-VND-0134,15936000.0,2026-02-11,2026-07-03,Completed,0,0.0
CTR-2026-00033,AWD-2026-00033,PRC-VND-0056,34110000.0,2026-02-19,2026-09-18,In Progress,0,0.0
CTR-2026-00034,AWD-2026-00034,PRC-VND-0091,599000.0,2026-02-09,2026-10-05,In Progress,2,87000.0
CTR-2026-00035,AWD-2026-00035,PRC-VND-0094,5605000.0,2026-02-24,2026-09-04,In Progress,0,0.0
CTR-2026-00036,AWD-2026-00036,PRC-VND-0118,5570000.0,2026-02-25,2026-07-03,Completed,0,0.0
CTR-2026-00037,AWD-2026-00037,PRC-VND-0095,25351000.0,2026-03-12,2026-09-07,In Progress,2,3076000.0
CTR-2026-00038,AWD-2026-00038,PRC-VND-0112,17425000.0,2026-03-03,2026-06-21,Completed,0,0.0
CTR-2026-00039,AWD-2026-00039,PRC-VND-0103,44594000.0,2026-03-27,2026-11-08,In Progress,0,0.0
CTR-2026-00040,AWD-2026-00040,PRC-VND-0121,26307000.0,2026-03-12,2026-07-25,Completed,0,0.0
CTR-2026-00041,AWD-2026-00041,PRC-VND-0107,21168000.0,2026-04-02,2026-11-19,In Progress,0,0.0
CTR-2026-00042,AWD-2026-00042,PRC-VND-0035,2539000.0,2026-03-31,2026-08-09,In Progress,2,377000.0
CTR-2026-00043,AWD-2026-00043,PRC-VND-0043,18849000.0,2026-03-16,2026-06-26,Completed,0,0.0
CTR-2026-00044,AWD-2026-00044,PRC-VND-0002,976000.0,2026-03-24,2026-09-30,In Progress,0,0.0
CTR-2026-00045,AWD-2026-00045,PRC-VND-0008,42753000.0,2026-03-18,2026-08-26,In Progress,0,0.0
CTR-2026-00046,AWD-2026-00046,PRC-VND-0064,28246000.0,2026-03-24,2026-09-11,In Progress,0,0.0
CTR-2026-00047,AWD-2026-00047,PRC-VND-0100,6565000.0,2026-03-26,2026-06-26,Completed,0,0.0
CTR-2026-00048,AWD-2026-00048,PRC-VND-0137,996000.0,2026-04-04,2026-09-28,In Progress,0,0.0
CTR-2026-00049,AWD-2026-00049,PRC-VND-0112,32297000.0,2026-03-24,2026-10-25,In Progress,2,2402000.0
CTR-2026-00050,AWD-2026-00050,PRC-VND-0045,25682000.0,2026-04-08,2026-11-25,In Progress,0,0.0
CTR-2026-00051,AWD-2026-00051,PRC-VND-0132,31231000.0,2026-04-03,2026-07-05,Completed,0,0.0
CTR-2026-00052,AWD-2026-00052,PRC-VND-0094,11688000.0,2026-04-13,2026-09-21,In Progress,1,1155000.0
CTR-2026-00053,AWD-2026-00053,PRC-VND-0138,12379000.0,2026-04-01,2026-09-09,In Progress,0,0.0
CTR-2026-00054,AWD-2026-00054,PRC-VND-0104,46242000.0,2026-04-10,2026-08-10,In Progress,0,0.0
CTR-2026-00055,AWD-2026-00055,PRC-VND-0007,10330000.0,2026-04-06,2026-08-05,In Progress,2,1822000.0
CTR-2026-00056,AWD-2026-00056,PRC-VND-0003,11954000.0,2026-04-13,2026-08-04,Completed,0,0.0
CTR-2026-00057,AWD-2026-00057,PRC-VND-0001,32333000.0,2026-04-10,2026-10-25,In Progress,0,0.0
CTR-2026-00058,AWD-2026-00058,PRC-VND-0009,19079000.0,2026-04-05,2026-08-27,In Progress,0,0.0
CTR-2026-00059,AWD-2026-00059,PRC-VND-0041,25865000.0,2026-04-09,2026-11-26,In Progress,0,0.0
CTR-2026-00060,AWD-2026-00060,PRC-VND-0026,11596000.0,2026-04-20,2026-11-28,In Progress,0,0.0
CTR-2026-00061,AWD-2026-00061,PRC-VND-0049,14091000.0,2026-04-09,2026-10-01,In Progress,0,0.0
CTR-2026-00062,AWD-2026-00062,PRC-VND-0147,12225000.0,2026-04-15,2026-10-27,In Progress,0,0.0
CTR-2026-00063,AWD-2026-00063,PRC-VND-0126,36662000.0,2026-04-18,2026-12-04,In Progress,0,0.0
CTR-2026-00064,AWD-2026-00064,PRC-VND-0116,33226000.0,2026-03-31,2026-10-07,In Progress,0,0.0
CTR-2026-00065,AWD-2026-00065,PRC-VND-0020,16613000.0,2026-04-14,2026-07-20,Completed,0,0.0
CTR-2026-00066,AWD-2026-00066,PRC-VND-0117,36118000.0,2026-04-27,2026-09-27,In Progress,0,0.0
CTR-2026-00067,AWD-2026-00067,PRC-VND-0119,20837000.0,2026-04-16,2026-07-20,Completed,0,0.0
CTR-2026-00068,AWD-2026-00068,PRC-VND-0044,19942000.0,2026-04-04,2026-07-13,Completed,0,0.0
CTR-2026-00069,AWD-2026-00069,PRC-VND-0107,19306000.0,2026-04-24,2026-10-04,In Progress,0,0.0
CTR-2026-00070,AWD-2026-00070,PRC-VND-0132,35852000.0,2026-04-09,2026-11-01,In Progress,2,3917000.0
CTR-2026-00071,AWD-2026-00071,PRC-VND-0076,26173000.0,2026-04-27,2026-10-23,In Progress,0,0.0
CTR-2026-00072,AWD-2026-00072,PRC-VND-0126,31281000.0,2026-05-10,2026-12-04,In Progress,0,0.0
CTR-2026-00073,AWD-2026-00073,PRC-VND-0135,30957000.0,2026-05-04,2026-08-24,In Progress,0,0.0
CTR-2026-00074,AWD-2026-00074,PRC-VND-0024,6246000.0,2026-04-27,2026-08-08,In Progress,0,0.0
CTR-2026-00075,AWD-2026-00075,PRC-VND-0001,11773000.0,2026-04-25,2026-09-17,In Progress,0,0.0
CTR-2026-00076,AWD-2026-00076,PRC-VND-0090,12746000.0,2026-05-04,2026-11-02,In Progress,0,0.0
CTR-2026-00077,AWD-2026-00077,PRC-VND-0113,41015000.0,2026-05-03,2026-08-03,Completed,1,5136000.0
CTR-2026-00078,AWD-2026-00078,PRC-VND-0074,29197000.0,2026-05-04,2026-08-25,In Progress,0,0.0
CTR-2026-00079,AWD-2026-00079,PRC-VND-0076,35766000.0,2026-04-18,2026-11-22,In Progress,0,0.0
CTR-2026-00080,AWD-2026-00080,PRC-VND-0037,35158000.0,2026-05-12,2026-09-09,In Progress,0,0.0
CTR-2026-00081,AWD-2026-00081,PRC-VND-0126,3503000.0,2026-04-19,2026-09-24,In Progress,0,0.0
CTR-2026-00082,AWD-2026-00082,PRC-VND-0117,30332000.0,2026-05-04,2026-08-10,In Progress,0,0.0
CTR-2026-00083,AWD-2026-00083,PRC-VND-0015,22751000.0,2026-05-07,2026-12-27,In Progress,0,0.0
CTR-2026-00084,AWD-2026-00084,PRC-VND-0092,34554000.0,2026-05-02,2026-12-07,In Progress,0,0.0
CTR-2026-00085,AWD-2026-00085,PRC-VND-0058,18161000.0,2026-05-11,2026-11-03,In Progress,0,0.0
CTR-2026-00086,AWD-2026-00086,PRC-VND-0034,24207000.0,2026-05-03,2026-12-01,In Progress,0,0.0
CTR-2026-00087,AWD-2026-00087,PRC-VND-0143,21395000.0,2026-05-14,2026-10-09,In Progress,0,0.0
CTR-2026-00088,AWD-2026-00088,PRC-VND-0089,11460000.0,2026-05-16,2026-12-15,In Progress,0,0.0
CTR-2026-00089,AWD-2026-00089,PRC-VND-0050,2213000.0,2026-05-15,2026-10-31,In Progress,0,0.0
CTR-2026-00090,AWD-2026-00090,PRC-VND-0092,27232000.0,2026-05-25,2026-10-04,In Progress,0,0.0
CTR-2026-00091,AWD-2026-00091,PRC-VND-0143,26641000.0,2026-05-14,2027-01-01,In Progress,0,0.0
CTR-2026-00092,AWD-2026-00092,PRC-VND-0095,22426000.0,2026-05-22,2026-11-25,In Progress,0,0.0
CTR-2026-00093,AWD-2026-00093,PRC-VND-0037,39898000.0,2026-05-30,2026-10-21,In Progress,0,0.0
CTR-2026-00094,AWD-2026-00094,PRC-VND-0132,28247000.0,2026-06-02,2027-01-23,In Progress,0,0.0
CTR-2026-00095,AWD-2026-00095,PRC-VND-0082,29417000.0,2026-06-08,2026-09-21,In Progress,2,4637000.0
CTR-2026-00096,AWD-2026-00096,PRC-VND-0116,32591000.0,2026-05-10,2026-12-23,In Progress,0,0.0
CTR-2026-00097,AWD-2026-00097,PRC-VND-0094,24414000.0,2026-05-30,2026-09-13,In Progress,0,0.0
CTR-2026-00098,AWD-2026-00098,PRC-VND-0090,11670000.0,2026-06-18,2027-01-05,In Progress,0,0.0
CTR-2026-00099,AWD-2026-00099,PRC-VND-0134,553000.0,2026-06-13,2027-01-27,In Progress,0,0.0
CTR-2026-00100,AWD-2026-00100,PRC-VND-0065,25140000.0,2026-05-24,2026-09-16,In Progress,0,0.0
CTR-2026-00101,AWD-2026-00101,PRC-VND-0059,30896000.0,2026-06-07,2027-01-01,In Progress,0,0.0
CTR-2026-00102,AWD-2026-00102,PRC-VND-0107,5442000.0,2026-05-17,2026-10-13,In Progress,0,0.0
CTR-2026-00103,AWD-2026-00103,PRC-VND-0025,16873000.0,2026-05-19,2026-12-06,In Progress,0,0.0
CTR-2026-00104,AWD-2026-00104,PRC-VND-0121,24300000.0,2026-06-17,2026-09-28,In Progress,0,0.0
CTR-2026-00105,AWD-2026-00105,PRC-VND-0038,32945000.0,2026-06-14,2026-09-21,In Progress,0,0.0
CTR-2026-00106,AWD-2026-00106,PRC-VND-0102,9027000.0,2026-06-15,2027-01-06,In Progress,0,0.0
CTR-2026-00107,AWD-2026-00107,PRC-VND-0150,25404000.0,2026-06-29,2026-12-10,In Progress,0,0.0
CTR-2026-00108,AWD-2026-00108,PRC-VND-0147,21571000.0,2026-07-01,2026-10-04,In Progress,0,0.0
CTR-2026-00109,AWD-2026-00109,PRC-VND-0008,8432000.0,2026-06-24,2026-10-01,In Progress,0,0.0
CTR-2026-00110,AWD-2026-00110,PRC-VND-0034,8777000.0,2026-06-22,2026-10-15,In Progress,0,0.0
CTR-2026-00111,AWD-2026-00111,PRC-VND-0113,5940000.0,2026-06-24,2026-11-17,In Progress,1,659000.0
CTR-2026-00112,AWD-2026-00112,PRC-VND-0088,22122000.0,2026-07-02,2027-01-19,In Progress,0,0.0
CTR-2026-00113,AWD-2026-00113,PRC-VND-0127,11962000.0,2026-06-29,2026-10-03,In Progress,0,0.0
CTR-2026-00114,AWD-2026-00114,PRC-VND-0143,20932000.0,2026-07-02,2026-10-18,In Progress,0,0.0
CTR-2026-00115,AWD-2026-00115,PRC-VND-0055,2558000.0,2026-07-12,2026-11-12,In Progress,2,397000.0
CTR-2026-00116,AWD-2026-00116,PRC-VND-0059,39229000.0,2026-06-22,2027-01-22,In Progress,0,0.0
CTR-2026-00117,AWD-2026-00117,PRC-VND-0042,28750000.0,2026-07-01,2026-09-30,In Progress,1,2014000.0
CTR-2026-00118,AWD-2026-00118,PRC-VND-0015,9416000.0,2026-07-01,2026-11-23,In Progress,1,1013000.0
CTR-2026-00119,AWD-2026-00119,PRC-VND-0150,3616000.0,2026-07-10,2027-02-10,In Progress,0,0.0
CTR-2026-00120,AWD-2026-00120,PRC-VND-0129,19799000.0,2026-07-03,2026-10-05,In Progress,0,0.0
CTR-2026-00121,AWD-2026-00121,PRC-VND-0034,20032000.0,2026-07-01,2027-01-21,In Progress,0,0.0
CTR-2026-00122,AWD-2026-00122,PRC-VND-0075,34470000.0,2026-07-16,2026-12-17,In Progress,2,4538000.0
CTR-2026-00123,AWD-2026-00123,PRC-VND-0021,25260000.0,2026-07-10,2026-12-21,In Progress,0,0.0
CTR-2026-00124,AWD-2026-00124,PRC-VND-0045,26655000.0,2026-07-06,2027-02-04,In Progress,0,0.0
CTR-2026-00125,AWD-2026-00125,PRC-VND-0070,14081000.0,2026-07-05,2026-12-26,In Progress,0,0.0
CTR-2026-00126,AWD-2026-00126,PRC-VND-0137,32733000.0,2026-07-12,2027-01-04,In Progress,1,2798000.0
CTR-2026-00127,AWD-2026-00127,PRC-VND-0102,24313000.0,2026-07-05,2026-12-23,In Progress,0,0.0
CTR-2026-00128,AWD-2026-00128,PRC-VND-0082,35507000.0,2026-08-01,2027-01-07,In Progress,0,0.0
CTR-2026-00129,AWD-2026-00129,PRC-VND-0040,16024000.0,2026-08-02,2026-11-06,In Progress,0,0.0
CTR-2026-00130,AWD-2026-00130,PRC-VND-0113,38889000.0,2026-07-15,2026-12-22,In Progress,0,0.0
CTR-2026-00131,AWD-2026-00131,PRC-VND-0085,35074000.0,2026-07-21,2027-03-05,In Progress,1,1579000.0
CTR-2026-00132,AWD-2026-00132,PRC-VND-0037,31396000.0,2026-07-25,2027-01-10,In Progress,0,0.0
CTR-2026-00133,AWD-2026-00133,PRC-VND-0064,15043000.0,2026-08-02,2027-02-03,In Progress,0,0.0
CTR-2026-00134,AWD-2026-00134,PRC-VND-0127,43347000.0,2026-07-21,2027-03-12,In Progress,0,0.0
CTR-2026-00135,AWD-2026-00135,PRC-VND-0054,12669000.0,2026-08-17,2026-12-04,Not Started,0,0.0
CTR-2026-00136,AWD-2026-00136,PRC-VND-0022,15232000.0,2026-07-31,2027-03-08,In Progress,0,0.0
CTR-2026-00137,AWD-2026-00137,PRC-VND-0088,24163000.0,2026-07-26,2026-11-12,In Progress,0,0.0
CTR-2026-00138,AWD-2026-00138,PRC-VND-0001,10447000.0,2026-07-20,2027-01-07,In Progress,2,2373000.0
CTR-2026-00139,AWD-2026-00139,PRC-VND-0138,7563000.0,2026-07-24,2026-12-14,In Progress,0,0.0
CTR-2026-00140,AWD-2026-00140,PRC-VND-0053,8606000.0,2026-08-19,2027-01-26,Not Started,0,0.0
CTR-2026-00141,AWD-2026-00141,PRC-VND-0102,5414000.0,2026-08-03,2026-12-11,In Progress,0,0.0
CTR-2026-00142,AWD-2026-00142,PRC-VND-0080,1855000.0,2026-08-11,2027-04-06,Not Started,0,0.0
CTR-2026-00143,AWD-2026-00143,PRC-VND-0054,40993000.0,2026-08-19,2026-12-14,Not Started,1,4994000.0
CTR-2026-00144,AWD-2026-00144,PRC-VND-0147,24551000.0,2026-07-18,2026-12-14,In Progress,0,0.0
CTR-2026-00145,AWD-2026-00145,PRC-VND-0150,18406000.0,2026-08-15,2027-01-25,Not Started,0,0.0
CTR-2026-00146,AWD-2026-00146,PRC-VND-0142,16579000.0,2026-08-06,2027-01-24,Not Started,0,0.0
CTR-2026-00147,AWD-2026-00147,PRC-VND-0013,9119000.0,2026-07-28,2026-11-30,In Progress,0,0.0
CTR-2026-00148,AWD-2026-00148,PRC-VND-0022,930000.0,2026-08-16,2027-03-28,Not Started,0,0.0
CTR-2026-00149,AWD-2026-00149,PRC-VND-0096,40734000.0,2026-08-17,2027-02-08,Not Started,0,0.0
CTR-2026-00150,AWD-2026-00150,PRC-VND-0001,35680000.0,2026-08-25,2027-02-10,Not Started,0,0.0
CTR-2026-00151,AWD-2026-00151,PRC-VND-0118,23573000.0,2026-08-31,2027-04-09,Not Started,0,0.0
CTR-2026-00152,AWD-2026-00152,PRC-VND-0117,8141000.0,2026-08-31,2027-03-25,Not Started,0,0.0
CTR-2026-00153,AWD-2026-00153,PRC-VND-0127,43502000.0,2026-08-26,2027-02-11,Not Started,1,1607000.0
CTR-2026-00154,AWD-2026-00154,PRC-VND-0099,15459000.0,2026-08-17,2026-11-21,Not Started,0,0.0
CTR-2026-00155,AWD-2026-00155,PRC-VND-0025,14201000.0,2026-08-13,2026-12-30,Not Started,0,0.0
CTR-2026-00156,AWD-2026-00156,PRC-VND-0063,32257000.0,2026-08-17,2027-04-07,Not Started,0,0.0
CTR-2026-00157,AWD-2026-00157,PRC-VND-0039,4039000.0,2026-08-21,2027-01-31,Not Started,0,0.0
CTR-2026-00158,AWD-2026-00158,PRC-VND-0058,32158000.0,2026-09-03,2027-01-22,Not Started,0,0.0
CTR-2026-00159,AWD-2026-00159,PRC-VND-0057,25816000.0,2026-08-22,2027-01-26,Not Started,0,0.0
CTR-2026-00160,AWD-2026-00160,PRC-VND-0093,11270000.0,2026-08-18,2027-03-27,Not Started,0,0.0
CTR-2026-00161,AWD-2026-00161,PRC-VND-0031,22849000.0,2026-08-24,2026-12-30,Not Started,0,0.0
CTR-2026-00162,AWD-2026-00162,PRC-VND-0041,2883000.0,2026-08-13,2027-01-26,Not Started,0,0.0
CTR-2026-00163,AWD-2026-00163,PRC-VND-0147,30230000.0,2026-08-27,2027-02-27,Not Started,0,0.0
CTR-2026-00164,AWD-2026-00164,PRC-VND-0102,23641000.0,2026-08-30,2026-12-02,Not Started,2,3896000.0
CTR-2026-00165,AWD-2026-00165,PRC-VND-0002,33374000.0,2026-08-31,2026-12-28,Not Started,0,0.0
CTR-2026-00166,AWD-2026-00166,PRC-VND-0001,30533000.0,2026-08-22,2027-01-20,Not Started,2,2579000.0
CTR-2026-00167,AWD-2026-00167,PRC-VND-0057,36346000.0,2026-08-26,2027-03-05,Not Started,0,0.0
CTR-2026-00168,AWD-2026-00168,PRC-VND-0113,40573000.0,2026-08-15,2027-01-20,Not Started,1,3947000.0
CTR-2026-00169,AWD-2026-00169,PRC-VND-0054,11112000.0,2026-09-06,2027-03-01,Not Started,0,0.0
CTR-2026-00170,AWD-2026-00170,PRC-VND-0029,37630000.0,2026-09-02,2027-01-12,Not Started,0,0.0
CTR-2026-00171,AWD-2026-00171,PRC-VND-0043,4862000.0,2026-08-26,2027-02-24,Not Started,0,0.0
CTR-2026-00172,AWD-2026-00172,PRC-VND-0038,7214000.0,2026-08-19,2027-03-26,Not Started,0,0.0
CTR-2026-00173,AWD-2026-00173,PRC-VND-0095,25029000.0,2026-09-05,2027-03-17,Not Started,0,0.0
CTR-2026-00174,AWD-2026-00174,PRC-VND-0119,25249000.0,2026-09-10,2027-01-28,Not Started,1,2686000.0
CTR-2026-00175,AWD-2026-00175,PRC-VND-0073,19436000.0,2026-09-04,2027-03-17,Not Started,0,0.0
CTR-2026-00176,AWD-2026-00176,PRC-VND-0134,3279000.0,2026-09-07,2027-01-12,Not Started,1,418000.0
CTR-2026-00177,AWD-2026-00177,PRC-VND-0043,6269000.0,2026-08-26,2027-01-23,Not Started,0,0.0
CTR-2026-00178,AWD-2026-00178,PRC-VND-0067,22113000.0,2026-09-12,2026-12-13,Not Started,0,0.0
CTR-2026-00179,AWD-2026-00179,PRC-VND-0027,28023000.0,2026-08-31,2027-04-28,Not Started,0,0.0
CTR-2026-00180,AWD-2026-00180,PRC-VND-0073,41553000.0,2026-09-06,2027-04-21,Not Started,0,0.0
CTR-2026-00181,AWD-2026-00181,PRC-VND-0054,16612000.0,2026-09-04,2027-04-08,Not Started,0,0.0
CTR-2026-00182,AWD-2026-00182,PRC-VND-0087,43262000.0,2026-09-04,2027-04-11,Not Started,0,0.0
CTR-2026-00183,AWD-2026-00183,PRC-VND-0017,13834000.0,2026-09-14,2027-03-17,Not Started,0,0.0
CTR-2026-00184,AWD-2026-00184,PRC-VND-0149,17345000.0,2026-08-30,2027-03-27,Not Started,1,1626000.0
CTR-2026-00185,AWD-2026-00185,PRC-VND-0059,48334000.0,2026-09-18,2027-02-15,Not Started,2,7182000.0
CTR-2026-00186,AWD-2026-00186,PRC-VND-0083,23200000.0,2026-09-17,2026-12-24,Not Started,0,0.0
CTR-2026-00187,AWD-2026-00187,PRC-VND-0107,37857000.0,2026-08-27,2027-01-13,Not Started,1,1810000.0
CTR-2026-00188,AWD-2026-00188,PRC-VND-0082,33380000.0,2026-09-28,2027-05-26,Not Started,0,0.0
CTR-2026-00189,AWD-2026-00189,PRC-VND-0065,1021000.0,2026-09-22,2027-03-25,Not Started,0,0.0
