requisition_id,department,category,budget_id,estimated_value,raised_date,status,cancellation_reason
PR-2024-00767,Risk & Compliance,Office Supplies & Printing,BGT-2024-RSC-OPX,33730000.00,2024-08-01,Awarded,
PR-2024-00670,Lending Operations,Office Supplies & Printing,BGT-2024-LEN-OPX,24530000.00,2024-08-03,Awarded,
PR-2024-00796,Executive Admin,Software & Licenses,BGT-2024-EXA-OPX,19170000.00,2024-08-04,Awarded,
PR-2024-00574,Risk & Compliance,IT Hardware & Infrastructure,BGT-2024-RSC-CPX,27080000.00,2024-08-05,Awarded,
PR-2024-00148,Risk & Compliance,"Media, PR & Professional Services",BGT-2024-RSC-PFE,2190000.00,2024-08-06,Awarded,
PR-2024-00784,Procurement & Logistics,IT Hardware & Infrastructure,BGT-2024-PRL-CPX,4490000.00,2024-08-06,Awarded,
PR-2024-00307,Risk & Compliance,IT Hardware & Infrastructure,BGT-2024-RSC-CPX,23850000.00,2024-08-07,Awarded,
PR-2024-00675,Risk & Compliance,IT Hardware & Infrastructure,BGT-2024-RSC-CPX,2650000.00,2024-08-09,Bidding,
PR-2024-00133,IT & Infrastructure,IT Hardware & Infrastructure,BGT-2024-ITI-CPX,37000000.00,2024-08-10,Awarded,
PR-2024-00347,IT & Infrastructure,Software & Licenses,BGT-2024-ITI-OPX,22160000.00,2024-08-10,Cancelled,Re-scoped for Re-tender
PR-2024-00634,Procurement & Logistics,Software & Licenses,BGT-2024-PRL-OPX,30020000.00,2024-08-10,Cancelled,Insufficient Responsive Bids
PR-2024-00029,Lending Operations,Field Survey & Logistics,BGT-2024-LEN-OPX,22620000.00,2024-08-12,Awarded,
PR-2024-00387,Executive Admin,Software & Licenses,BGT-2024-EXA-OPX,38610000.00,2024-08-13,Awarded,
PR-2024-00378,Lending Operations,IT Hardware & Infrastructure,BGT-2024-LEN-CPX,16720000.00,2024-08-15,Awarded,
PR-2024-00507,IT & Infrastructure,IT Hardware & Infrastructure,BGT-2024-ITI-CPX,35020000.00,2024-08-17,Awarded,
PR-2024-00684,IT & Infrastructure,IT Hardware & Infrastructure,BGT-2024-ITI-CPX,14270000.00,2024-08-18,Awarded,
PR-2024-00747,Lending Operations,IT Hardware & Infrastructure,BGT-2024-LEN-CPX,24880000.00,2024-08-18,Awarded,
PR-2024-00185,IT & Infrastructure,Field Survey & Logistics,BGT-2024-ITI-OPX,27210000.00,2024-08-19,Awarded,
PR-2024-00398,Executive Admin,IT Hardware & Infrastructure,BGT-2024-EXA-CPX,4180000.00,2024-08-19,Bidding,
PR-2024-00183,Risk & Compliance,Office Supplies & Printing,BGT-2024-RSC-OPX,15470000.00,2024-08-20,Awarded,
PR-2024-00313,Risk & Compliance,IT Hardware & Infrastructure,BGT-2024-RSC-CPX,37790000.00,2024-08-20,Awarded,
PR-2024-00527,Procurement & Logistics,"Media, PR & Professional Services",BGT-2024-PRL-PFE,18760000.00,2024-08-21,Awarded,
PR-2024-00764,Procurement & Logistics,Office Supplies & Printing,BGT-2024-PRL-OPX,12150000.00,2024-08-21,Awarded,
PR-2024-00139,Procurement & Logistics,IT Hardware & Infrastructure,BGT-2024-PRL-CPX,38970000.00,2024-08-22,Awarded,
PR-2024-00399,IT & Infrastructure,Office Supplies & Printing,BGT-2024-ITI-OPX,42350000.00,2024-08-23,Bidding,
PR-2024-00503,IT & Infrastructure,Office Supplies & Printing,BGT-2024-ITI-OPX,39620000.00,2024-08-23,Awarded,
PR-2024-00676,IT & Infrastructure,IT Hardware & Infrastructure,BGT-2024-ITI-CPX,26690000.00,2024-08-24,Awarded,
PR-2024-00586,IT & Infrastructure,Office Supplies & Printing,BGT-2024-ITI-OPX,4290000.00,2024-08-25,Bidding,
PR-2024-00491,Risk & Compliance,"Media, PR & Professional Services",BGT-2024-RSC-PFE,18860000.00,2024-08-26,Awarded,
PR-2024-00077,Procurement & Logistics,Software & Licenses,BGT-2024-PRL-OPX,43510000.00,2024-08-27,Awarded,
PR-2024-00109,Procurement & Logistics,"Media, PR & Professional Services",BGT-2024-PRL-PFE,32850000.00,2024-08-28,Bidding,
PR-2024-00727,Risk & Compliance,"Media, PR & Professional Services",BGT-2024-RSC-PFE,42060000.00,2024-08-28,Awarded,
PR-2024-00070,IT & Infrastructure,IT Hardware & Infrastructure,BGT-2024-ITI-CPX,25340000.00,2024-08-29,Awarded,
PR-2024-00480,IT & Infrastructure,Software & Licenses,BGT-2024-ITI-OPX,12730000.00,2024-08-30,Cancelled,Budget Withdrawn
PR-2024-00411,Procurement & Logistics,Software & Licenses,BGT-2024-PRL-OPX,33450000.00,2024-08-31,Awarded,
PR-2024-00309,Procurement & Logistics,Software & Licenses,BGT-2024-PRL-OPX,9640000.00,2024-09-01,Awarded,
PR-2024-00339,Lending Operations,Field Survey & Logistics,BGT-2024-LEN-OPX,1270000.00,2024-09-01,Awarded,
PR-2024-00432,Procurement & Logistics,Office Supplies & Printing,BGT-2024-PRL-OPX,36960000.00,2024-09-01,Awarded,
PR-2024-00632,Lending Operations,Office Supplies & Printing,BGT-2024-LEN-OPX,5990000.00,2024-09-01,Awarded,
PR-2024-00357,Lending Operations,"Media, PR & Professional Services",BGT-2024-LEN-PFE,21820000.00,2024-09-02,Awarded,
PR-2024-00729,IT & Infrastructure,Office Supplies & Printing,BGT-2024-ITI-OPX,42500000.00,2024-09-02,Awarded,
PR-2024-00362,Risk & Compliance,Software & Licenses,BGT-2024-RSC-OPX,29100000.00,2024-09-03,Awarded,
PR-2024-00087,IT & Infrastructure,Field Survey & Logistics,BGT-2024-ITI-OPX,25770000.00,2024-09-04,Awarded,
PR-2024-00321,Procurement & Logistics,Field Survey & Logistics,BGT-2024-PRL-OPX,2500000.00,2024-09-04,Awarded,
PR-2024-00287,Executive Admin,Office Supplies & Printing,BGT-2024-EXA-OPX,11740000.00,2024-09-05,Awarded,
PR-2024-00343,Executive Admin,"Media, PR & Professional Services",BGT-2024-EXA-PFE,29170000.00,2024-09-05,Awarded,
PR-2024-00407,Executive Admin,IT Hardware & Infrastructure,BGT-2024-EXA-CPX,42650000.00,2024-09-06,Awarded,
PR-2024-00553,Executive Admin,Software & Licenses,BGT-2024-EXA-OPX,28700000.00,2024-09-06,Awarded,
PR-2024-00231,Lending Operations,"Media, PR & Professional Services",BGT-2024-LEN-PFE,11720000.00,2024-09-08,Awarded,
PR-2024-00470,Lending Operations,Software & Licenses,BGT-2024-LEN-OPX,6500000.00,2024-09-08,Awarded,
PR-2024-00100,Executive Admin,Field Survey & Logistics,BGT-2024-EXA-OPX,43900000.00,2024-09-09,Awarded,
PR-2024-00142,Risk & Compliance,Office Supplies & Printing,BGT-2024-RSC-OPX,38720000.00,2024-09-09,Awarded,
PR-2024-00247,Executive Admin,Software & Licenses,BGT-2024-EXA-OPX,25500000.00,2024-09-09,Awarded,
PR-2024-00414,Executive Admin,IT Hardware & Infrastructure,BGT-2024-EXA-CPX,1590000.00,2024-09-09,Awarded,
PR-2024-00193,Executive Admin,IT Hardware & Infrastructure,BGT-2024-EXA-CPX,2570000.00,2024-09-10,Cancelled,Insufficient Responsive Bids
PR-2024-00015,Lending Operations,Office Supplies & Printing,BGT-2024-LEN-OPX,40570000.00,2024-09-11,Awarded,
PR-2024-00512,IT & Infrastructure,Software & Licenses,BGT-2024-ITI-OPX,22930000.00,2024-09-12,Awarded,
PR-2024-00539,Procurement & Logistics,"Media, PR & Professional Services",BGT-2024-PRL-PFE,8980000.00,2024-09-12,Awarded,
PR-2024-00570,Procurement & Logistics,Field Survey & Logistics,BGT-2024-PRL-OPX,6050000.00,2024-09-12,Awarded,
PR-2024-00552,Risk & Compliance,IT Hardware & Infrastructure,BGT-2024-RSC-CPX,39830000.00,2024-09-14,Awarded,
PR-2024-00748,IT & Infrastructure,Software & Licenses,BGT-2024-ITI-OPX,12780000.00,2024-09-15,Bidding,
PR-2024-00500,Lending Operations,Field Survey & Logistics,BGT-2024-LEN-OPX,40580000.00,2024-09-16,Bidding,
PR-2024-00673,Executive Admin,Software & Licenses,BGT-2024-EXA-OPX,3440000.00,2024-09-16,Awarded,
PR-2024-00783,IT & Infrastructure,"Media, PR & Professional Services",BGT-2024-ITI-PFE,29540000.00,2024-09-16,Bidding,
PR-2024-00112,IT & Infrastructure,"Media, PR & Professional Services",BGT-2024-ITI-PFE,16010000.00,2024-09-17,Cancelled,Re-scoped for Re-tender
PR-2024-00487,Risk & Compliance,Software & Licenses,BGT-2024-RSC-OPX,4500000.00,2024-09-17,Bidding,
PR-2024-00667,Executive Admin,"Media, PR & Professional Services",BGT-2024-EXA-PFE,36200000.00,2024-09-17,Awarded,
PR-2024-00233,Procurement & Logistics,Software & Licenses,BGT-2024-PRL-OPX,23090000.00,2024-09-19,Awarded,
PR-2024-00124,Lending Operations,Software & Licenses,BGT-2024-LEN-OPX,43820000.00,2024-09-21,Awarded,
PR-2024-00757,Risk & Compliance,"Media, PR & Professional Services",BGT-2024-RSC-PFE,8450000.00,2024-09-21,Awarded,
PR-2024-00577,Risk & Compliance,Office Supplies & Printing,BGT-2024-RSC-OPX,22710000.00,2024-09-22,Bidding,
PR-2024-00630,Risk & Compliance,Software & Licenses,BGT-2024-RSC-OPX,9680000.00,2024-09-22,Bidding,
PR-2024-00096,Risk & Compliance,Office Supplies & Printing,BGT-2024-RSC-OPX,39450000.00,2024-09-23,Awarded,
PR-2024-00338,Lending Operations,Field Survey & Logistics,BGT-2024-LEN-OPX,12450000.00,2024-09-23,Cancelled,Budget Withdrawn
PR-2024-00341,Risk & Compliance,Field Survey & Logistics,BGT-2024-RSC-OPX,39870000.00,2024-09-25,Awarded,
PR-2024-00674,IT & Infrastructure,Field Survey & Logistics,BGT-2024-ITI-OPX,42880000.00,2024-09-25,Bidding,
PR-2024-00027,Lending Operations,Office Supplies & Printing,BGT-2024-LEN-OPX,4210000.00,2024-09-27,Awarded,
PR-2024-00302,Lending Operations,Field Survey & Logistics,BGT-2024-LEN-OPX,21880000.00,2024-09-27,Awarded,
PR-2024-00390,Risk & Compliance,"Media, PR & Professional Services",BGT-2024-RSC-PFE,21160000.00,2024-09-27,Awarded,
PR-2024-00282,IT & Infrastructure,Office Supplies & Printing,BGT-2024-ITI-OPX,16270000.00,2024-09-29,Bidding,
PR-2024-00547,Executive Admin,IT Hardware & Infrastructure,BGT-2024-EXA-CPX,13170000.00,2024-09-29,Awarded,
PR-2024-00086,IT & Infrastructure,IT Hardware & Infrastructure,BGT-2024-ITI-CPX,26140000.00,2024-09-30,Awarded,
PR-2024-00288,Lending Operations,Software & Licenses,BGT-2024-LEN-OPX,17910000.00,2024-09-30,Awarded,
PR-2024-00409,Risk & Compliance,IT Hardware & Infrastructure,BGT-2024-RSC-CPX,24760000.00,2024-09-30,Awarded,
PR-2024-00555,IT & Infrastructure,Office Supplies & Printing,BGT-2024-ITI-OPX,41460000.00,2024-10-01,Bidding,
PR-2024-00489,Procurement & Logistics,Office Supplies & Printing,BGT-2024-PRL-OPX,2900000.00,2024-10-02,Awarded,
PR-2024-00647,Risk & Compliance,Office Supplies & Printing,BGT-2024-RSC-OPX,33520000.00,2024-10-02,Awarded,
PR-2024-00232,Procurement & Logistics,IT Hardware & Infrastructure,BGT-2024-PRL-CPX,18730000.00,2024-10-03,Bidding,
PR-2024-00101,Procurement & Logistics,IT Hardware & Infrastructure,BGT-2024-PRL-CPX,22570000.00,2024-10-05,Bidding,
PR-2024-00134,IT & Infrastructure,Software & Licenses,BGT-2024-ITI-OPX,23660000.00,2024-10-05,Cancelled,Insufficient Responsive Bids
PR-2024-00627,Risk & Compliance,Software & Licenses,BGT-2024-RSC-OPX,4390000.00,2024-10-05,Awarded,
PR-2024-00069,Lending Operations,Field Survey & Logistics,BGT-2024-LEN-OPX,22140000.00,2024-10-06,Awarded,
PR-2024-00637,Procurement & Logistics,Office Supplies & Printing,BGT-2024-PRL-OPX,26710000.00,2024-10-06,Awarded,
PR-2024-00392,IT & Infrastructure,Office Supplies & Printing,BGT-2024-ITI-OPX,8200000.00,2024-10-07,Bidding,
PR-2024-00190,IT & Infrastructure,IT Hardware & Infrastructure,BGT-2024-ITI-CPX,13130000.00,2024-10-08,Awarded,
PR-2024-00691,Lending Operations,"Media, PR & Professional Services",BGT-2024-LEN-PFE,15960000.00,2024-10-09,Awarded,
PR-2024-00032,Procurement & Logistics,"Media, PR & Professional Services",BGT-2024-PRL-PFE,4090000.00,2024-10-11,Awarded,
PR-2024-00030,Lending Operations,IT Hardware & Infrastructure,BGT-2024-LEN-CPX,9840000.00,2024-10-15,Awarded,
PR-2024-00031,Executive Admin,"Media, PR & Professional Services",BGT-2024-EXA-PFE,30070000.00,2024-10-15,Awarded,
PR-2024-00692,Risk & Compliance,Software & Licenses,BGT-2024-RSC-OPX,27190000.00,2024-10-15,Awarded,
PR-2024-00481,IT & Infrastructure,"Media, PR & Professional Services",BGT-2024-ITI-PFE,41830000.00,2024-10-16,Awarded,
PR-2024-00549,Risk & Compliance,"Media, PR & Professional Services",BGT-2024-RSC-PFE,15170000.00,2024-10-16,Bidding,
PR-2024-00700,Executive Admin,IT Hardware & Infrastructure,BGT-2024-EXA-CPX,43600000.00,2024-10-16,Awarded,
PR-2024-00779,IT & Infrastructure,Field Survey & Logistics,BGT-2024-ITI-OPX,23310000.00,2024-10-16,Awarded,
PR-2024-00361,Risk & Compliance,Software & Licenses,BGT-2024-RSC-OPX,41420000.00,2024-10-17,Cancelled,Insufficient Responsive Bids
PR-2024-00106,Procurement & Logistics,Software & Licenses,BGT-2024-PRL-OPX,10450000.00,2024-10-18,Cancelled,Requirement Superseded
PR-2024-00337,Procurement & Logistics,Office Supplies & Printing,BGT-2024-PRL-OPX,35860000.00,2024-10-20,Awarded,
PR-2024-00558,Risk & Compliance,Field Survey & Logistics,BGT-2024-RSC-OPX,20010000.00,2024-10-23,Bidding,
PR-2024-00147,Lending Operations,Office Supplies & Printing,BGT-2024-LEN-OPX,20240000.00,2024-10-24,Awarded,
PR-2024-00425,Lending Operations,Office Supplies & Printing,BGT-2024-LEN-OPX,10150000.00,2024-10-24,Awarded,
PR-2024-00688,Risk & Compliance,Field Survey & Logistics,BGT-2024-RSC-OPX,20250000.00,2024-10-24,Bidding,
PR-2024-00433,IT & Infrastructure,Software & Licenses,BGT-2024-ITI-OPX,15210000.00,2024-10-25,Awarded,
PR-2024-00400,Lending Operations,IT Hardware & Infrastructure,BGT-2024-LEN-CPX,4050000.00,2024-10-29,Bidding,
PR-2024-00117,Executive Admin,"Media, PR & Professional Services",BGT-2024-EXA-PFE,19760000.00,2024-10-30,Cancelled,Insufficient Responsive Bids
PR-2024-00370,Procurement & Logistics,Field Survey & Logistics,BGT-2024-PRL-OPX,42580000.00,2024-10-30,Awarded,
PR-2024-00788,Procurement & Logistics,IT Hardware & Infrastructure,BGT-2024-PRL-CPX,12940000.00,2024-10-30,Cancelled,Budget Withdrawn
PR-2024-00588,IT & Infrastructure,Field Survey & Logistics,BGT-2024-ITI-OPX,5700000.00,2024-11-02,Awarded,
PR-2024-00529,Executive Admin,Office Supplies & Printing,BGT-2024-EXA-OPX,25380000.00,2024-11-03,Awarded,
PR-2024-00651,Risk & Compliance,Field Survey & Logistics,BGT-2024-RSC-OPX,4910000.00,2024-11-03,Awarded,
PR-2024-00659,IT & Infrastructure,"Media, PR & Professional Services",BGT-2024-ITI-PFE,44220000.00,2024-11-03,Awarded,
PR-2024-00742,Executive Admin,Field Survey & Logistics,BGT-2024-EXA-OPX,13690000.00,2024-11-05,Awarded,
PR-2024-00791,Procurement & Logistics,Software & Licenses,BGT-2024-PRL-OPX,35720000.00,2024-11-06,Awarded,
PR-2024-00705,Executive Admin,Software & Licenses,BGT-2024-EXA-OPX,6900000.00,2024-11-07,Bidding,
PR-2024-00334,Executive Admin,Office Supplies & Printing,BGT-2024-EXA-OPX,41900000.00,2024-11-08,Awarded,
PR-2024-00368,Risk & Compliance,Software & Licenses,BGT-2024-RSC-OPX,37770000.00,2024-11-08,Awarded,
PR-2024-00453,Risk & Compliance,"Media, PR & Professional Services",BGT-2024-RSC-PFE,41460000.00,2024-11-08,Awarded,
PR-2024-00620,Executive Admin,IT Hardware & Infrastructure,BGT-2024-EXA-CPX,35140000.00,2024-11-08,Bidding,
PR-2024-00533,Procurement & Logistics,Field Survey & Logistics,BGT-2024-PRL-OPX,32380000.00,2024-11-09,Awarded,
PR-2024-00327,Procurement & Logistics,Field Survey & Logistics,BGT-2024-PRL-OPX,18880000.00,2024-11-10,Awarded,
PR-2024-00718,IT & Infrastructure,Software & Licenses,BGT-2024-ITI-OPX,23930000.00,2024-11-10,Awarded,
PR-2024-00689,IT & Infrastructure,"Media, PR & Professional Services",BGT-2024-ITI-PFE,29030000.00,2024-11-11,Awarded,
PR-2024-00048,IT & Infrastructure,Office Supplies & Printing,BGT-2024-ITI-OPX,9680000.00,2024-11-12,Bidding,
PR-2024-00713,Lending Operations,Software & Licenses,BGT-2024-LEN-OPX,3320000.00,2024-11-12,Awarded,
PR-2024-00388,Procurement & Logistics,IT Hardware & Infrastructure,BGT-2024-PRL-CPX,16620000.00,2024-11-13,Awarded,
PR-2024-00578,Executive Admin,IT Hardware & Infrastructure,BGT-2024-EXA-CPX,42020000.00,2024-11-14,Bidding,
PR-2024-00609,Executive Admin,Field Survey & Logistics,BGT-2024-EXA-OPX,44850000.00,2024-11-15,Awarded,
PR-2024-00434,Lending Operations,IT Hardware & Infrastructure,BGT-2024-LEN-CPX,19910000.00,2024-11-16,Bidding,
PR-2024-00072,Procurement & Logistics,IT Hardware & Infrastructure,BGT-2024-PRL-CPX,33580000.00,2024-11-17,Awarded,
PR-2024-00485,Risk & Compliance,Field Survey & Logistics,BGT-2024-RSC-OPX,16120000.00,2024-11-18,Awarded,
PR-2024-00088,Executive Admin,"Media, PR & Professional Services",BGT-2024-EXA-PFE,2920000.00,2024-11-19,Awarded,
PR-2024-00513,IT & Infrastructure,Field Survey & Logistics,BGT-2024-ITI-OPX,15000000.00,2024-11-19,Bidding,
PR-2024-00056,Lending Operations,"Media, PR & Professional Services",BGT-2024-LEN-PFE,5460000.00,2024-11-20,Awarded,
PR-2024-00452,Risk & Compliance,Office Supplies & Printing,BGT-2024-RSC-OPX,1530000.00,2024-11-20,Awarded,
PR-2024-00625,Risk & Compliance,IT Hardware & Infrastructure,BGT-2024-RSC-CPX,9720000.00,2024-11-21,Bidding,
PR-2024-00465,Risk & Compliance,Office Supplies & Printing,BGT-2024-RSC-OPX,13100000.00,2024-11-22,Awarded,
PR-2024-00082,Executive Admin,Office Supplies & Printing,BGT-2024-EXA-OPX,20240000.00,2024-11-23,Awarded,
PR-2024-00610,Lending Operations,IT Hardware & Infrastructure,BGT-2024-LEN-CPX,12280000.00,2024-11-24,Bidding,
PR-2024-00258,IT & Infrastructure,"Media, PR & Professional Services",BGT-2024-ITI-PFE,33960000.00,2024-11-25,Awarded,
PR-2024-00280,Procurement & Logistics,Field Survey & Logistics,BGT-2024-PRL-OPX,32800000.00,2024-11-25,Bidding,
PR-2024-00655,Procurement & Logistics,Office Supplies & Printing,BGT-2024-PRL-OPX,8760000.00,2024-11-25,Awarded,
PR-2024-00303,Executive Admin,Software & Licenses,BGT-2024-EXA-OPX,22780000.00,2024-11-26,Awarded,
PR-2024-00114,Lending Operations,Software & Licenses,BGT-2024-LEN-OPX,16440000.00,2024-11-28,Awarded,
PR-2024-00301,Procurement & Logistics,Office Supplies & Printing,BGT-2024-PRL-OPX,34040000.00,2024-11-28,Awarded,
PR-2024-00310,Executive Admin,IT Hardware & Infrastructure,BGT-2024-EXA-CPX,6700000.00,2024-11-28,Awarded,
PR-2024-00694,Executive Admin,IT Hardware & Infrastructure,BGT-2024-EXA-CPX,15750000.00,2024-11-30,Awarded,
PR-2024-00708,Procurement & Logistics,Field Survey & Logistics,BGT-2024-PRL-OPX,16790000.00,2024-12-01,Awarded,
PR-2024-00350,Risk & Compliance,IT Hardware & Infrastructure,BGT-2024-RSC-CPX,44840000.00,2024-12-02,Bidding,
PR-2024-00374,Lending Operations,Software & Licenses,BGT-2024-LEN-OPX,18200000.00,2024-12-02,Awarded,
PR-2024-00509,Lending Operations,"Media, PR & Professional Services",BGT-2024-LEN-PFE,6070000.00,2024-12-04,Awarded,
PR-2024-00616,IT & Infrastructure,IT Hardware & Infrastructure,BGT-2024-ITI-CPX,7850000.00,2024-12-04,Awarded,
PR-2024-00679,IT & Infrastructure,"Media, PR & Professional Services",BGT-2024-ITI-PFE,30860000.00,2024-12-04,Awarded,
PR-2024-00359,IT & Infrastructure,Field Survey & Logistics,BGT-2024-ITI-OPX,27530000.00,2024-12-05,Awarded,
PR-2024-00057,Executive Admin,Software & Licenses,BGT-2024-EXA-OPX,18180000.00,2024-12-09,Awarded,
PR-2024-00525,Executive Admin,IT Hardware & Infrastructure,BGT-2024-EXA-CPX,13970000.00,2024-12-09,Awarded,
PR-2024-00471,Executive Admin,"Media, PR & Professional Services",BGT-2024-EXA-PFE,6710000.00,2024-12-10,Bidding,
PR-2024-00497,Executive Admin,"Media, PR & Professional Services",BGT-2024-EXA-PFE,29560000.00,2024-12-10,Awarded,
PR-2024-00102,Risk & Compliance,"Media, PR & Professional Services",BGT-2024-RSC-PFE,2760000.00,2024-12-13,Awarded,
PR-2024-00060,Risk & Compliance,IT Hardware & Infrastructure,BGT-2024-RSC-CPX,34240000.00,2024-12-14,Awarded,
PR-2024-00245,Executive Admin,"Media, PR & Professional Services",BGT-2024-EXA-PFE,14250000.00,2024-12-14,Awarded,
PR-2024-00415,Risk & Compliance,Software & Licenses,BGT-2024-RSC-OPX,31590000.00,2024-12-14,Bidding,
PR-2024-00126,Lending Operations,IT Hardware & Infrastructure,BGT-2024-LEN-CPX,34020000.00,2024-12-15,Awarded,
PR-2024-00225,Procurement & Logistics,"Media, PR & Professional Services",BGT-2024-PRL-PFE,35220000.00,2024-12-15,Awarded,
PR-2024-00364,Risk & Compliance,Software & Licenses,BGT-2024-RSC-OPX,28560000.00,2024-12-16,Awarded,
PR-2024-00665,IT & Infrastructure,"Media, PR & Professional Services",BGT-2024-ITI-PFE,42840000.00,2024-12-16,Awarded,
PR-2024-00271,Executive Admin,Field Survey & Logistics,BGT-2024-EXA-OPX,35100000.00,2024-12-18,Awarded,
PR-2024-00793,Lending Operations,Office Supplies & Printing,BGT-2024-LEN-OPX,19500000.00,2024-12-18,Awarded,
PR-2024-00141,Lending Operations,Software & Licenses,BGT-2024-LEN-OPX,22360000.00,2024-12-19,Awarded,
PR-2024-00075,Risk & Compliance,Office Supplies & Printing,BGT-2024-RSC-OPX,29630000.00,2024-12-20,Bidding,
PR-2024-00698,Executive Admin,Software & Licenses,BGT-2024-EXA-OPX,15380000.00,2024-12-20,Cancelled,Requirement Superseded
PR-2024-00191,Procurement & Logistics,"Media, PR & Professional Services",BGT-2024-PRL-PFE,38340000.00,2024-12-21,Awarded,
PR-2024-00265,Executive Admin,Field Survey & Logistics,BGT-2024-EXA-OPX,31310000.00,2024-12-21,Awarded,
PR-2024-00219,IT & Infrastructure,Office Supplies & Printing,BGT-2024-ITI-OPX,10840000.00,2024-12-22,Bidding,
PR-2024-00590,Risk & Compliance,"Media, PR & Professional Services",BGT-2024-RSC-PFE,40380000.00,2024-12-23,Awarded,
PR-2024-00707,IT & Infrastructure,"Media, PR & Professional Services",BGT-2024-ITI-PFE,5970000.00,2024-12-24,Awarded,
PR-2024-00206,Procurement & Logistics,Field Survey & Logistics,BGT-2024-PRL-OPX,20100000.00,2024-12-25,Cancelled,Insufficient Responsive Bids
PR-2024-00459,Lending Operations,"Media, PR & Professional Services",BGT-2024-LEN-PFE,6510000.00,2024-12-25,Awarded,
PR-2024-00768,IT & Infrastructure,IT Hardware & Infrastructure,BGT-2024-ITI-CPX,20470000.00,2024-12-25,Awarded,
PR-2024-00179,Procurement & Logistics,"Media, PR & Professional Services",BGT-2024-PRL-PFE,12930000.00,2024-12-26,Awarded,
PR-2024-00541,IT & Infrastructure,Office Supplies & Printing,BGT-2024-ITI-OPX,34720000.00,2024-12-26,Cancelled,Re-scoped for Re-tender
PR-2024-00781,Executive Admin,"Media, PR & Professional Services",BGT-2024-EXA-PFE,44290000.00,2024-12-28,Awarded,
PR-2024-00294,Executive Admin,Software & Licenses,BGT-2024-EXA-OPX,2040000.00,2024-12-29,Bidding,
PR-2024-00556,Executive Admin,IT Hardware & Infrastructure,BGT-2024-EXA-CPX,27860000.00,2024-12-29,Awarded,
PR-2024-00795,Procurement & Logistics,Office Supplies & Printing,BGT-2024-PRL-OPX,30270000.00,2024-12-29,Bidding,
PR-2024-00508,Procurement & Logistics,Office Supplies & Printing,BGT-2024-PRL-OPX,43620000.00,2024-12-30,Awarded,
PR-2024-00241,Lending Operations,IT Hardware & Infrastructure,BGT-2024-LEN-CPX,21650000.00,2024-12-31,Awarded,
PR-2025-00422,Risk & Compliance,Office Supplies & Printing,BGT-2025-RSC-OPX,39520000.00,2025-01-01,Bidding,
PR-2025-00741,Executive Admin,Field Survey & Logistics,BGT-2025-EXA-OPX,41510000.00,2025-01-01,Awarded,
PR-2025-00214,IT & Infrastructure,Office Supplies & Printing,BGT-2025-ITI-OPX,43590000.00,2025-01-03,Awarded,
PR-2025-00619,Executive Admin,Office Supplies & Printing,BGT-2025-EXA-OPX,23510000.00,2025-01-03,Awarded,
PR-2025-00697,Procurement & Logistics,Software & Licenses,BGT-2025-PRL-OPX,27090000.00,2025-01-04,Awarded,
PR-2025-00460,Lending Operations,IT Hardware & Infrastructure,BGT-2025-LEN-CPX,28160000.00,2025-01-08,Awarded,
PR-2025-00468,Procurement & Logistics,"Media, PR & Professional Services",BGT-2025-PRL-PFE,29250000.00,2025-01-08,Awarded,
PR-2025-00746,Risk & Compliance,Office Supplies & Printing,BGT-2025-RSC-OPX,14710000.00,2025-01-09,Awarded,
PR-2025-00538,IT & Infrastructure,Office Supplies & Printing,BGT-2025-ITI-OPX,39420000.00,2025-01-10,Awarded,
PR-2025-00548,Risk & Compliance,Field Survey & Logistics,BGT-2025-RSC-OPX,9320000.00,2025-01-11,Awarded,
PR-2025-00065,IT & Infrastructure,"Media, PR & Professional Services",BGT-2025-ITI-PFE,4060000.00,2025-01-12,Awarded,
PR-2025-00448,Procurement & Logistics,"Media, PR & Professional Services",BGT-2025-PRL-PFE,31880000.00,2025-01-13,Awarded,
PR-2025-00235,Lending Operations,"Media, PR & Professional Services",BGT-2025-LEN-PFE,27530000.00,2025-01-19,Awarded,
PR-2025-00220,Risk & Compliance,IT Hardware & Infrastructure,BGT-2025-RSC-CPX,42450000.00,2025-01-20,Awarded,
PR-2025-00450,Procurement & Logistics,Software & Licenses,BGT-2025-PRL-OPX,28880000.00,2025-01-20,Awarded,
PR-2025-00682,Risk & Compliance,Office Supplies & Printing,BGT-2025-RSC-OPX,38870000.00,2025-01-21,Awarded,
PR-2025-00381,IT & Infrastructure,Office Supplies & Printing,BGT-2025-ITI-OPX,44270000.00,2025-01-22,Awarded,
PR-2025-00021,Procurement & Logistics,Field Survey & Logistics,BGT-2025-PRL-OPX,21280000.00,2025-01-23,Awarded,
PR-2025-00197,Executive Admin,Office Supplies & Printing,BGT-2025-EXA-OPX,21110000.00,2025-01-23,Awarded,
PR-2025-00445,Procurement & Logistics,"Media, PR & Professional Services",BGT-2025-PRL-PFE,17000000.00,2025-01-23,Awarded,
PR-2025-00511,Lending Operations,IT Hardware & Infrastructure,BGT-2025-LEN-CPX,5410000.00,2025-01-25,Bidding,
PR-2025-00567,Lending Operations,IT Hardware & Infrastructure,BGT-2025-LEN-CPX,21850000.00,2025-01-25,Awarded,
PR-2025-00035,IT & Infrastructure,IT Hardware & Infrastructure,BGT-2025-ITI-CPX,18820000.00,2025-01-26,Awarded,
PR-2025-00666,Executive Admin,"Media, PR & Professional Services",BGT-2025-EXA-PFE,38060000.00,2025-01-26,Bidding,
PR-2025-00026,IT & Infrastructure,Office Supplies & Printing,BGT-2025-ITI-OPX,17330000.00,2025-01-27,Awarded,
PR-2025-00189,Lending Operations,"Media, PR & Professional Services",BGT-2025-LEN-PFE,37010000.00,2025-01-27,Awarded,
PR-2025-00217,Lending Operations,Office Supplies & Printing,BGT-2025-LEN-OPX,25730000.00,2025-01-27,Awarded,
PR-2025-00563,Executive Admin,Field Survey & Logistics,BGT-2025-EXA-OPX,36810000.00,2025-01-28,Awarded,
PR-2025-00621,Lending Operations,Field Survey & Logistics,BGT-2025-LEN-OPX,37590000.00,2025-01-28,Awarded,
PR-2025-00360,IT & Infrastructure,Field Survey & Logistics,BGT-2025-ITI-OPX,16610000.00,2025-01-29,Bidding,
PR-2025-00606,Risk & Compliance,Software & Licenses,BGT-2025-RSC-OPX,42170000.00,2025-01-29,Awarded,
PR-2025-00171,Risk & Compliance,Field Survey & Logistics,BGT-2025-RSC-OPX,6540000.00,2025-01-30,Awarded,
PR-2025-00395,Risk & Compliance,Software & Licenses,BGT-2025-RSC-OPX,33770000.00,2025-01-31,Awarded,
PR-2025-00404,Lending Operations,Field Survey & Logistics,BGT-2025-LEN-OPX,2630000.00,2025-02-01,Awarded,
PR-2025-00562,Executive Admin,"Media, PR & Professional Services",BGT-2025-EXA-PFE,31680000.00,2025-02-02,Cancelled,Budget Withdrawn
PR-2025-00351,IT & Infrastructure,Office Supplies & Printing,BGT-2025-ITI-OPX,11410000.00,2025-02-06,Awarded,
PR-2025-00709,Procurement & Logistics,Field Survey & Logistics,BGT-2025-PRL-OPX,32690000.00,2025-02-06,Awarded,
PR-2025-00626,Lending Operations,"Media, PR & Professional Services",BGT-2025-LEN-PFE,250000.00,2025-02-07,Bidding,
PR-2025-00335,Lending Operations,Office Supplies & Printing,BGT-2025-LEN-OPX,36390000.00,2025-02-09,Awarded,
PR-2025-00663,Executive Admin,IT Hardware & Infrastructure,BGT-2025-EXA-CPX,9950000.00,2025-02-09,Awarded,
PR-2025-00004,IT & Infrastructure,"Media, PR & Professional Services",BGT-2025-ITI-PFE,32830000.00,2025-02-11,Awarded,
PR-2025-00473,IT & Infrastructure,Software & Licenses,BGT-2025-ITI-OPX,8460000.00,2025-02-11,Awarded,
PR-2025-00067,Risk & Compliance,Office Supplies & Printing,BGT-2025-RSC-OPX,32980000.00,2025-02-13,Awarded,
PR-2025-00081,IT & Infrastructure,Office Supplies & Printing,BGT-2025-ITI-OPX,4030000.00,2025-02-15,Bidding,
PR-2025-00292,Procurement & Logistics,"Media, PR & Professional Services",BGT-2025-PRL-PFE,43720000.00,2025-02-16,Bidding,
PR-2025-00279,Executive Admin,IT Hardware & Infrastructure,BGT-2025-EXA-CPX,32620000.00,2025-02-17,Awarded,
PR-2025-00531,Procurement & Logistics,Office Supplies & Printing,BGT-2025-PRL-OPX,13100000.00,2025-02-18,Awarded,
PR-2025-00257,Executive Admin,"Media, PR & Professional Services",BGT-2025-EXA-PFE,27200000.00,2025-02-19,Awarded,
PR-2025-00765,Executive Admin,IT Hardware & Infrastructure,BGT-2025-EXA-CPX,8670000.00,2025-02-20,Awarded,
PR-2025-00733,Executive Admin,Field Survey & Logistics,BGT-2025-EXA-OPX,22530000.00,2025-02-23,Awarded,
PR-2025-00041,Risk & Compliance,IT Hardware & Infrastructure,BGT-2025-RSC-CPX,440000.00,2025-02-24,Bidding,
PR-2025-00129,Risk & Compliance,"Media, PR & Professional Services",BGT-2025-RSC-PFE,44660000.00,2025-02-24,Awarded,
PR-2025-00693,Lending Operations,Office Supplies & Printing,BGT-2025-LEN-OPX,11440000.00,2025-02-25,Awarded,
PR-2025-00144,Risk & Compliance,IT Hardware & Infrastructure,BGT-2025-RSC-CPX,22550000.00,2025-02-26,Awarded,
PR-2025-00385,IT & Infrastructure,IT Hardware & Infrastructure,BGT-2025-ITI-CPX,33460000.00,2025-02-28,Bidding,
PR-2025-00284,IT & Infrastructure,"Media, PR & Professional Services",BGT-2025-ITI-PFE,31420000.00,2025-03-02,Awarded,
PR-2025-00329,Executive Admin,Office Supplies & Printing,BGT-2025-EXA-OPX,14510000.00,2025-03-02,Awarded,
PR-2025-00530,Lending Operations,IT Hardware & Infrastructure,BGT-2025-LEN-CPX,21650000.00,2025-03-02,Awarded,
PR-2025-00167,Executive Admin,Software & Licenses,BGT-2025-EXA-OPX,6150000.00,2025-03-05,Bidding,
PR-2025-00495,Executive Admin,Office Supplies & Printing,BGT-2025-EXA-OPX,27790000.00,2025-03-05,Awarded,
PR-2025-00243,Risk & Compliance,IT Hardware & Infrastructure,BGT-2025-RSC-CPX,5170000.00,2025-03-07,Awarded,
PR-2025-00039,IT & Infrastructure,Office Supplies & Printing,BGT-2025-ITI-OPX,42180000.00,2025-03-08,Awarded,
PR-2025-00687,Executive Admin,Software & Licenses,BGT-2025-EXA-OPX,42800000.00,2025-03-08,Awarded,
PR-2025-00348,Procurement & Logistics,IT Hardware & Infrastructure,BGT-2025-PRL-CPX,2470000.00,2025-03-09,Awarded,
PR-2025-00569,Risk & Compliance,Office Supplies & Printing,BGT-2025-RSC-OPX,9400000.00,2025-03-09,Awarded,
PR-2025-00120,Executive Admin,Office Supplies & Printing,BGT-2025-EXA-OPX,20680000.00,2025-03-12,Awarded,
PR-2025-00326,Executive Admin,Field Survey & Logistics,BGT-2025-EXA-OPX,41500000.00,2025-03-12,Awarded,
PR-2025-00593,Executive Admin,Office Supplies & Printing,BGT-2025-EXA-OPX,14930000.00,2025-03-14,Bidding,
PR-2025-00598,Lending Operations,Office Supplies & Printing,BGT-2025-LEN-OPX,11630000.00,2025-03-15,Awarded,
PR-2025-00377,IT & Infrastructure,"Media, PR & Professional Services",BGT-2025-ITI-PFE,22560000.00,2025-03-16,Awarded,
PR-2025-00772,Lending Operations,IT Hardware & Infrastructure,BGT-2025-LEN-CPX,3270000.00,2025-03-17,Awarded,
PR-2025-00744,Executive Admin,"Media, PR & Professional Services",BGT-2025-EXA-PFE,8700000.00,2025-03-18,Bidding,
PR-2025-00543,IT & Infrastructure,Field Survey & Logistics,BGT-2025-ITI-OPX,22010000.00,2025-03-19,Awarded,
PR-2025-00044,Executive Admin,"Media, PR & Professional Services",BGT-2025-EXA-PFE,25600000.00,2025-03-22,Bidding,
PR-2025-00408,IT & Infrastructure,"Media, PR & Professional Services",BGT-2025-ITI-PFE,29540000.00,2025-03-22,Awarded,
PR-2025-00121,IT & Infrastructure,Software & Licenses,BGT-2025-ITI-OPX,37420000.00,2025-03-26,Awarded,
PR-2025-00127,Procurement & Logistics,Field Survey & Logistics,BGT-2025-PRL-OPX,34010000.00,2025-03-26,Awarded,
PR-2025-00532,Procurement & Logistics,Office Supplies & Printing,BGT-2025-PRL-OPX,6770000.00,2025-03-26,Awarded,
PR-2025-00516,IT & Infrastructure,Software & Licenses,BGT-2025-ITI-OPX,10720000.00,2025-03-29,Awarded,
PR-2025-00083,IT & Infrastructure,IT Hardware & Infrastructure,BGT-2025-ITI-CPX,23820000.00,2025-04-02,Awarded,
PR-2025-00159,Procurement & Logistics,Field Survey & Logistics,BGT-2025-PRL-OPX,10060000.00,2025-04-02,Awarded,
PR-2025-00221,Lending Operations,"Media, PR & Professional Services",BGT-2025-LEN-PFE,25290000.00,2025-04-02,Bidding,
PR-2025-00349,Lending Operations,"Media, PR & Professional Services",BGT-2025-LEN-PFE,13970000.00,2025-04-02,Awarded,
PR-2025-00417,Procurement & Logistics,Software & Licenses,BGT-2025-PRL-OPX,12990000.00,2025-04-07,Awarded,
PR-2025-00535,Executive Admin,IT Hardware & Infrastructure,BGT-2025-EXA-CPX,2140000.00,2025-04-07,Awarded,
PR-2025-00213,Risk & Compliance,Field Survey & Logistics,BGT-2025-RSC-OPX,30040000.00,2025-04-08,Awarded,
PR-2025-00477,Risk & Compliance,Software & Licenses,BGT-2025-RSC-OPX,4620000.00,2025-04-08,Bidding,
PR-2025-00686,Risk & Compliance,Office Supplies & Printing,BGT-2025-RSC-OPX,43010000.00,2025-04-08,Bidding,
PR-2025-00192,Risk & Compliance,Field Survey & Logistics,BGT-2025-RSC-OPX,24280000.00,2025-04-09,Awarded,
PR-2025-00683,IT & Infrastructure,Software & Licenses,BGT-2025-ITI-OPX,35540000.00,2025-04-09,Awarded,
PR-2025-00785,Risk & Compliance,"Media, PR & Professional Services",BGT-2025-RSC-PFE,34670000.00,2025-04-09,Awarded,
PR-2025-00063,Procurement & Logistics,IT Hardware & Infrastructure,BGT-2025-PRL-CPX,25240000.00,2025-04-10,Bidding,
PR-2025-00743,Lending Operations,Office Supplies & Printing,BGT-2025-LEN-OPX,37140000.00,2025-04-11,Bidding,
PR-2025-00200,Procurement & Logistics,Office Supplies & Printing,BGT-2025-PRL-OPX,31610000.00,2025-04-13,Awarded,
PR-2025-00789,Risk & Compliance,Field Survey & Logistics,BGT-2025-RSC-OPX,29690000.00,2025-04-17,Bidding,
PR-2025-00091,Risk & Compliance,IT Hardware & Infrastructure,BGT-2025-RSC-CPX,35270000.00,2025-04-18,Awarded,
PR-2025-00158,Risk & Compliance,IT Hardware & Infrastructure,BGT-2025-RSC-CPX,9400000.00,2025-04-19,Bidding,
PR-2025-00451,IT & Infrastructure,Software & Licenses,BGT-2025-ITI-OPX,34220000.00,2025-04-22,Awarded,
PR-2025-00599,Lending Operations,Field Survey & Logistics,BGT-2025-LEN-OPX,10160000.00,2025-04-22,Awarded,
PR-2025-00172,IT & Infrastructure,Software & Licenses,BGT-2025-ITI-OPX,32040000.00,2025-04-23,Awarded,
PR-2025-00256,Executive Admin,IT Hardware & Infrastructure,BGT-2025-EXA-CPX,11170000.00,2025-04-23,Awarded,
PR-2025-00455,IT & Infrastructure,Office Supplies & Printing,BGT-2025-ITI-OPX,26040000.00,2025-04-23,Awarded,
PR-2025-00678,Risk & Compliance,Field Survey & Logistics,BGT-2025-RSC-OPX,36770000.00,2025-04-26,Awarded,
PR-2025-00346,Executive Admin,Field Survey & Logistics,BGT-2025-EXA-OPX,10430000.00,2025-04-29,Awarded,
PR-2025-00521,Executive Admin,Field Survey & Logistics,BGT-2025-EXA-OPX,8900000.00,2025-04-29,Awarded,
PR-2025-00592,Lending Operations,IT Hardware & Infrastructure,BGT-2025-LEN-CPX,1270000.00,2025-04-29,Awarded,
PR-2025-00024,Executive Admin,Field Survey & Logistics,BGT-2025-EXA-OPX,9690000.00,2025-04-30,Awarded,
PR-2025-00089,IT & Infrastructure,Field Survey & Logistics,BGT-2025-ITI-OPX,42510000.00,2025-05-01,Bidding,
PR-2025-00605,Lending Operations,Software & Licenses,BGT-2025-LEN-OPX,10350000.00,2025-05-02,Awarded,
PR-2025-00728,Risk & Compliance,Office Supplies & Printing,BGT-2025-RSC-OPX,17910000.00,2025-05-03,Awarded,
PR-2025-00240,Procurement & Logistics,Office Supplies & Printing,BGT-2025-PRL-OPX,19880000.00,2025-05-07,Awarded,
PR-2025-00457,Executive Admin,Office Supplies & Printing,BGT-2025-EXA-OPX,10430000.00,2025-05-09,Awarded,
PR-2025-00490,Procurement & Logistics,Office Supplies & Printing,BGT-2025-PRL-OPX,7230000.00,2025-05-09,Awarded,
PR-2025-00706,Executive Admin,"Media, PR & Professional Services",BGT-2025-EXA-PFE,4770000.00,2025-05-09,Cancelled,Insufficient Responsive Bids
PR-2025-00160,Risk & Compliance,Office Supplies & Printing,BGT-2025-RSC-OPX,29140000.00,2025-05-12,Awarded,
PR-2025-00494,Procurement & Logistics,Office Supplies & Printing,BGT-2025-PRL-OPX,8800000.00,2025-05-12,Awarded,
PR-2025-00178,Procurement & Logistics,"Media, PR & Professional Services",BGT-2025-PRL-PFE,9190000.00,2025-05-13,Cancelled,Requirement Superseded
PR-2025-00323,Risk & Compliance,Field Survey & Logistics,BGT-2025-RSC-OPX,19860000.00,2025-05-14,Cancelled,Budget Withdrawn
PR-2025-00276,Risk & Compliance,Software & Licenses,BGT-2025-RSC-OPX,23960000.00,2025-05-15,Awarded,
PR-2025-00719,IT & Infrastructure,IT Hardware & Infrastructure,BGT-2025-ITI-CPX,33500000.00,2025-05-15,Awarded,
PR-2025-00458,Risk & Compliance,Software & Licenses,BGT-2025-RSC-OPX,25790000.00,2025-05-16,Awarded,
PR-2025-00645,Executive Admin,Office Supplies & Printing,BGT-2025-EXA-OPX,32330000.00,2025-05-16,Awarded,
PR-2025-00602,Risk & Compliance,Office Supplies & Printing,BGT-2025-RSC-OPX,26160000.00,2025-05-18,Bidding,
PR-2025-00737,Procurement & Logistics,IT Hardware & Infrastructure,BGT-2025-PRL-CPX,13960000.00,2025-05-18,Awarded,
PR-2025-00568,Executive Admin,Software & Licenses,BGT-2025-EXA-OPX,10760000.00,2025-05-20,Awarded,
PR-2025-00640,IT & Infrastructure,IT Hardware & Infrastructure,BGT-2025-ITI-CPX,1410000.00,2025-05-20,Awarded,
PR-2025-00554,Procurement & Logistics,"Media, PR & Professional Services",BGT-2025-PRL-PFE,18050000.00,2025-05-25,Awarded,
PR-2025-00105,Lending Operations,IT Hardware & Infrastructure,BGT-2025-LEN-CPX,17000000.00,2025-05-27,Bidding,
PR-2025-00181,Lending Operations,"Media, PR & Professional Services",BGT-2025-LEN-PFE,17540000.00,2025-05-27,Awarded,
PR-2025-00720,Procurement & Logistics,Software & Licenses,BGT-2025-PRL-OPX,14890000.00,2025-05-27,Awarded,
PR-2025-00380,Risk & Compliance,Software & Licenses,BGT-2025-RSC-OPX,6260000.00,2025-05-29,Awarded,
PR-2025-00393,Lending Operations,Software & Licenses,BGT-2025-LEN-OPX,21160000.00,2025-05-29,Awarded,
PR-2025-00234,IT & Infrastructure,IT Hardware & Infrastructure,BGT-2025-ITI-CPX,6590000.00,2025-05-30,Awarded,
PR-2025-00756,IT & Infrastructure,"Media, PR & Professional Services",BGT-2025-ITI-PFE,36960000.00,2025-05-30,Awarded,
PR-2025-00486,Risk & Compliance,"Media, PR & Professional Services",BGT-2025-RSC-PFE,33000000.00,2025-06-03,Awarded,
PR-2025-00735,Procurement & Logistics,Field Survey & Logistics,BGT-2025-PRL-OPX,17930000.00,2025-06-03,Awarded,
PR-2025-00014,Risk & Compliance,Field Survey & Logistics,BGT-2025-RSC-OPX,14780000.00,2025-06-04,Awarded,
PR-2025-00492,Risk & Compliance,Office Supplies & Printing,BGT-2025-RSC-OPX,34410000.00,2025-06-04,Awarded,
PR-2025-00550,Procurement & Logistics,"Media, PR & Professional Services",BGT-2025-PRL-PFE,2690000.00,2025-06-04,Bidding,
PR-2025-00138,IT & Infrastructure,Software & Licenses,BGT-2025-ITI-OPX,2670000.00,2025-06-05,Bidding,
PR-2025-00519,Procurement & Logistics,"Media, PR & Professional Services",BGT-2025-PRL-PFE,20830000.00,2025-06-05,Awarded,
PR-2025-00118,Lending Operations,Office Supplies & Printing,BGT-2025-LEN-OPX,11450000.00,2025-06-06,Awarded,
PR-2025-00163,Executive Admin,Field Survey & Logistics,BGT-2025-EXA-OPX,19870000.00,2025-06-06,Awarded,
PR-2025-00355,IT & Infrastructure,Field Survey & Logistics,BGT-2025-ITI-OPX,21410000.00,2025-06-06,Awarded,
PR-2025-00643,Risk & Compliance,"Media, PR & Professional Services",BGT-2025-RSC-PFE,40350000.00,2025-06-06,Bidding,
PR-2025-00447,Procurement & Logistics,"Media, PR & Professional Services",BGT-2025-PRL-PFE,27640000.00,2025-06-07,Bidding,
PR-2025-00559,Executive Admin,IT Hardware & Infrastructure,BGT-2025-EXA-CPX,6540000.00,2025-06-09,Awarded,
PR-2025-00582,Lending Operations,Field Survey & Logistics,BGT-2025-LEN-OPX,33890000.00,2025-06-10,Awarded,
PR-2025-00498,Risk & Compliance,Field Survey & Logistics,BGT-2025-RSC-OPX,25990000.00,2025-06-12,Awarded,
PR-2025-00128,Executive Admin,Software & Licenses,BGT-2025-EXA-OPX,33300000.00,2025-06-14,Awarded,
PR-2025-00717,IT & Infrastructure,IT Hardware & Infrastructure,BGT-2025-ITI-CPX,13200000.00,2025-06-15,Awarded,
PR-2025-00296,Lending Operations,IT Hardware & Infrastructure,BGT-2025-LEN-CPX,9900000.00,2025-06-16,Awarded,
PR-2025-00523,Executive Admin,IT Hardware & Infrastructure,BGT-2025-EXA-CPX,5210000.00,2025-06-17,Awarded,
PR-2025-00149,Procurement & Logistics,"Media, PR & Professional Services",BGT-2025-PRL-PFE,920000.00,2025-06-18,Awarded,
PR-2025-00344,Executive Admin,IT Hardware & Infrastructure,BGT-2025-EXA-CPX,18540000.00,2025-06-20,Awarded,
PR-2025-00648,Lending Operations,Software & Licenses,BGT-2025-LEN-OPX,12230000.00,2025-06-23,Cancelled,Requirement Superseded
PR-2025-00755,Executive Admin,Office Supplies & Printing,BGT-2025-EXA-OPX,19680000.00,2025-06-23,Awarded,
PR-2025-00224,Risk & Compliance,"Media, PR & Professional Services",BGT-2025-RSC-PFE,4460000.00,2025-06-24,Awarded,
PR-2025-00589,Executive Admin,Field Survey & Logistics,BGT-2025-EXA-OPX,37690000.00,2025-06-26,Awarded,
PR-2025-00661,Procurement & Logistics,Software & Licenses,BGT-2025-PRL-OPX,37270000.00,2025-06-26,Bidding,
PR-2025-00299,IT & Infrastructure,Software & Licenses,BGT-2025-ITI-OPX,38920000.00,2025-06-27,Bidding,
PR-2025-00704,Executive Admin,Field Survey & Logistics,BGT-2025-EXA-OPX,10640000.00,2025-06-27,Awarded,
PR-2025-00731,Executive Admin,"Media, PR & Professional Services",BGT-2025-EXA-PFE,42350000.00,2025-06-27,Awarded,
PR-2025-00579,IT & Infrastructure,IT Hardware & Infrastructure,BGT-2025-ITI-CPX,44870000.00,2025-07-01,Awarded,
PR-2025-00749,Procurement & Logistics,Software & Licenses,BGT-2025-PRL-OPX,12440000.00,2025-07-04,Bidding,
PR-2025-00162,IT & Infrastructure,Field Survey & Logistics,BGT-2025-ITI-OPX,28800000.00,2025-07-05,Bidding,
PR-2025-00478,Risk & Compliance,Software & Licenses,BGT-2025-RSC-OPX,43350000.00,2025-07-06,Awarded,
PR-2025-00644,Procurement & Logistics,IT Hardware & Infrastructure,BGT-2025-PRL-CPX,43850000.00,2025-07-07,Awarded,
PR-2025-00025,Risk & Compliance,IT Hardware & Infrastructure,BGT-2025-RSC-CPX,1730000.00,2025-07-08,Awarded,
PR-2025-00153,Executive Admin,Office Supplies & Printing,BGT-2025-EXA-OPX,41060000.00,2025-07-08,Bidding,
PR-2025-00354,Executive Admin,IT Hardware & Infrastructure,BGT-2025-EXA-CPX,32600000.00,2025-07-08,Awarded,
PR-2025-00424,Risk & Compliance,IT Hardware & Infrastructure,BGT-2025-RSC-CPX,21370000.00,2025-07-08,Awarded,
PR-2025-00467,Lending Operations,Field Survey & Logistics,BGT-2025-LEN-OPX,41130000.00,2025-07-08,Awarded,
PR-2025-00006,Lending Operations,IT Hardware & Infrastructure,BGT-2025-LEN-CPX,34100000.00,2025-07-11,Awarded,
PR-2025-00058,Risk & Compliance,Software & Licenses,BGT-2025-RSC-OPX,29970000.00,2025-07-11,Awarded,
PR-2025-00345,Risk & Compliance,IT Hardware & Infrastructure,BGT-2025-RSC-CPX,28540000.00,2025-07-11,Bidding,
PR-2025-00386,Risk & Compliance,Field Survey & Logistics,BGT-2025-RSC-OPX,44530000.00,2025-07-11,Awarded,
PR-2025-00426,IT & Infrastructure,Office Supplies & Printing,BGT-2025-ITI-OPX,36050000.00,2025-07-11,Bidding,
PR-2025-00176,Lending Operations,Field Survey & Logistics,BGT-2025-LEN-OPX,29880000.00,2025-07-12,Awarded,
PR-2025-00736,Lending Operations,Software & Licenses,BGT-2025-LEN-OPX,22440000.00,2025-07-13,Awarded,
PR-2025-00413,Executive Admin,Field Survey & Logistics,BGT-2025-EXA-OPX,40560000.00,2025-07-15,Awarded,
PR-2025-00572,Lending Operations,IT Hardware & Infrastructure,BGT-2025-LEN-CPX,29480000.00,2025-07-18,Awarded,
PR-2025-00297,Risk & Compliance,Software & Licenses,BGT-2025-RSC-OPX,2970000.00,2025-07-22,Awarded,
PR-2025-00710,IT & Infrastructure,Software & Licenses,BGT-2025-ITI-OPX,12990000.00,2025-07-22,Awarded,
PR-2025-00499,Procurement & Logistics,IT Hardware & Infrastructure,BGT-2025-PRL-CPX,18030000.00,2025-07-23,Awarded,
PR-2025-00040,Risk & Compliance,Software & Licenses,BGT-2025-RSC-OPX,15400000.00,2025-07-24,Awarded,
PR-2025-00420,Lending Operations,IT Hardware & Infrastructure,BGT-2025-LEN-CPX,5910000.00,2025-07-24,Awarded,
PR-2025-00431,Lending Operations,Field Survey & Logistics,BGT-2025-LEN-OPX,8850000.00,2025-07-24,Awarded,
PR-2025-00454,Risk & Compliance,IT Hardware & Infrastructure,BGT-2025-RSC-CPX,26890000.00,2025-07-26,Awarded,
PR-2025-00551,IT & Infrastructure,Field Survey & Logistics,BGT-2025-ITI-OPX,32670000.00,2025-07-26,Awarded,
PR-2025-00437,Executive Admin,IT Hardware & Infrastructure,BGT-2025-EXA-CPX,40970000.00,2025-07-27,Awarded,
PR-2025-00715,Procurement & Logistics,Office Supplies & Printing,BGT-2025-PRL-OPX,21270000.00,2025-07-27,Cancelled,Requirement Superseded
PR-2025-00502,Executive Admin,IT Hardware & Infrastructure,BGT-2025-EXA-CPX,5250000.00,2025-07-28,Awarded,
PR-2025-00002,Procurement & Logistics,Office Supplies & Printing,BGT-2025-PRL-OPX,40840000.00,2025-07-29,Awarded,
PR-2025-00052,Procurement & Logistics,Field Survey & Logistics,BGT-2025-PRL-OPX,11370000.00,2025-07-29,Bidding,
PR-2025-00277,Procurement & Logistics,IT Hardware & Infrastructure,BGT-2025-PRL-CPX,13670000.00,2025-07-29,Awarded,
PR-2025-00702,Procurement & Logistics,Field Survey & Logistics,BGT-2025-PRL-OPX,8990000.00,2025-07-29,Awarded,
PR-2025-00608,Executive Admin,Software & Licenses,BGT-2025-EXA-OPX,6000000.00,2025-07-31,Awarded,
PR-2025-00660,Risk & Compliance,Office Supplies & Printing,BGT-2025-RSC-OPX,24030000.00,2025-07-31,Awarded,
PR-2025-00773,Lending Operations,Field Survey & Logistics,BGT-2025-LEN-OPX,44620000.00,2025-07-31,Bidding,
PR-2025-00546,Procurement & Logistics,Software & Licenses,BGT-2025-PRL-OPX,10550000.00,2025-08-03,Awarded,
PR-2025-00595,Risk & Compliance,"Media, PR & Professional Services",BGT-2025-RSC-PFE,1550000.00,2025-08-03,Bidding,
PR-2025-00762,Lending Operations,Office Supplies & Printing,BGT-2025-LEN-OPX,18670000.00,2025-08-03,Bidding,
PR-2025-00319,Procurement & Logistics,Office Supplies & Printing,BGT-2025-PRL-OPX,6240000.00,2025-08-04,Awarded,
PR-2025-00751,Lending Operations,Field Survey & Logistics,BGT-2025-LEN-OPX,43030000.00,2025-08-04,Awarded,
PR-2025-00168,IT & Infrastructure,Field Survey & Logistics,BGT-2025-ITI-OPX,42840000.00,2025-08-05,Bidding,
PR-2025-00122,Executive Admin,IT Hardware & Infrastructure,BGT-2025-EXA-CPX,18130000.00,2025-08-06,Awarded,
PR-2025-00328,Risk & Compliance,IT Hardware & Infrastructure,BGT-2025-RSC-CPX,27210000.00,2025-08-06,Awarded,
PR-2025-00488,Risk & Compliance,Software & Licenses,BGT-2025-RSC-OPX,17090000.00,2025-08-06,Cancelled,Re-scoped for Re-tender
PR-2025-00587,Lending Operations,"Media, PR & Professional Services",BGT-2025-LEN-PFE,14280000.00,2025-08-07,Awarded,
PR-2025-00107,IT & Infrastructure,Software & Licenses,BGT-2025-ITI-OPX,6370000.00,2025-08-08,Awarded,
PR-2025-00059,Executive Admin,Field Survey & Logistics,BGT-2025-EXA-OPX,30310000.00,2025-08-10,Awarded,
PR-2025-00028,Executive Admin,Field Survey & Logistics,BGT-2025-EXA-OPX,21540000.00,2025-08-12,Awarded,
PR-2025-00038,Risk & Compliance,"Media, PR & Professional Services",BGT-2025-RSC-PFE,32720000.00,2025-08-13,Awarded,
PR-2025-00505,Executive Admin,IT Hardware & Infrastructure,BGT-2025-EXA-CPX,11460000.00,2025-08-13,Bidding,
PR-2025-00672,Lending Operations,Field Survey & Logistics,BGT-2025-LEN-OPX,20550000.00,2025-08-14,Awarded,
PR-2025-00394,Lending Operations,Software & Licenses,BGT-2025-LEN-OPX,3700000.00,2025-08-15,Bidding,
PR-2025-00402,Executive Admin,"Media, PR & Professional Services",BGT-2025-EXA-PFE,43140000.00,2025-08-16,Awarded,
PR-2025-00049,IT & Infrastructure,Software & Licenses,BGT-2025-ITI-OPX,20020000.00,2025-08-17,Cancelled,Re-scoped for Re-tender
PR-2025-00095,Procurement & Logistics,Software & Licenses,BGT-2025-PRL-OPX,33210000.00,2025-08-17,Bidding,
PR-2025-00484,Lending Operations,"Media, PR & Professional Services",BGT-2025-LEN-PFE,11300000.00,2025-08-17,Awarded,
PR-2025-00623,Risk & Compliance,Software & Licenses,BGT-2025-RSC-OPX,44110000.00,2025-08-18,Awarded,
PR-2025-00475,Procurement & Logistics,"Media, PR & Professional Services",BGT-2025-PRL-PFE,13390000.00,2025-08-19,Awarded,
PR-2025-00078,Risk & Compliance,Office Supplies & Printing,BGT-2025-RSC-OPX,21700000.00,2025-08-20,Awarded,
PR-2025-00264,Risk & Compliance,Software & Licenses,BGT-2025-RSC-OPX,14610000.00,2025-08-20,Awarded,
PR-2025-00685,IT & Infrastructure,Software & Licenses,BGT-2025-ITI-OPX,26310000.00,2025-08-22,Awarded,
PR-2025-00754,Lending Operations,Software & Licenses,BGT-2025-LEN-OPX,11810000.00,2025-08-22,Cancelled,Insufficient Responsive Bids
PR-2025-00571,IT & Infrastructure,IT Hardware & Infrastructure,BGT-2025-ITI-CPX,37870000.00,2025-08-24,Awarded,
PR-2025-00034,IT & Infrastructure,Office Supplies & Printing,BGT-2025-ITI-OPX,12040000.00,2025-08-25,Awarded,
PR-2025-00308,IT & Infrastructure,Software & Licenses,BGT-2025-ITI-OPX,30810000.00,2025-08-25,Awarded,
PR-2025-00119,Lending Operations,Software & Licenses,BGT-2025-LEN-OPX,14560000.00,2025-08-26,Awarded,
PR-2025-00009,Executive Admin,Office Supplies & Printing,BGT-2025-EXA-OPX,11980000.00,2025-08-29,Awarded,
PR-2025-00416,IT & Infrastructure,Office Supplies & Printing,BGT-2025-ITI-OPX,29250000.00,2025-08-29,Bidding,
PR-2025-00428,Executive Admin,"Media, PR & Professional Services",BGT-2025-EXA-PFE,24490000.00,2025-08-29,Awarded,
PR-2025-00421,Lending Operations,Office Supplies & Printing,BGT-2025-LEN-OPX,26750000.00,2025-08-30,Awarded,
PR-2025-00278,Procurement & Logistics,"Media, PR & Professional Services",BGT-2025-PRL-PFE,9930000.00,2025-08-31,Bidding,
PR-2025-00195,Lending Operations,Software & Licenses,BGT-2025-LEN-OPX,42950000.00,2025-09-01,Awarded,
PR-2025-00207,Executive Admin,Office Supplies & Printing,BGT-2025-EXA-OPX,15940000.00,2025-09-01,Awarded,
PR-2025-00777,Lending Operations,Office Supplies & Printing,BGT-2025-LEN-OPX,17570000.00,2025-09-03,Awarded,
PR-2025-00285,Lending Operations,"Media, PR & Professional Services",BGT-2025-LEN-PFE,27380000.00,2025-09-04,Bidding,
PR-2025-00501,Executive Admin,"Media, PR & Professional Services",BGT-2025-EXA-PFE,41720000.00,2025-09-04,Bidding,
PR-2025-00267,Procurement & Logistics,Field Survey & Logistics,BGT-2025-PRL-OPX,43960000.00,2025-09-05,Awarded,
PR-2025-00690,Executive Admin,"Media, PR & Professional Services",BGT-2025-EXA-PFE,27700000.00,2025-09-05,Bidding,
PR-2025-00738,Executive Admin,Software & Licenses,BGT-2025-EXA-OPX,7410000.00,2025-09-05,Bidding,
PR-2025-00242,Lending Operations,IT Hardware & Infrastructure,BGT-2025-LEN-CPX,23820000.00,2025-09-06,Awarded,
PR-2025-00300,Lending Operations,IT Hardware & Infrastructure,BGT-2025-LEN-CPX,28260000.00,2025-09-06,Awarded,
PR-2025-00010,Lending Operations,Field Survey & Logistics,BGT-2025-LEN-OPX,22040000.00,2025-09-07,Awarded,
PR-2025-00198,Risk & Compliance,Software & Licenses,BGT-2025-RSC-OPX,26410000.00,2025-09-07,Bidding,
PR-2025-00298,Lending Operations,IT Hardware & Infrastructure,BGT-2025-LEN-CPX,8170000.00,2025-09-07,Bidding,
PR-2025-00315,Lending Operations,IT Hardware & Infrastructure,BGT-2025-LEN-CPX,29520000.00,2025-09-07,Awarded,
PR-2025-00366,IT & Infrastructure,Field Survey & Logistics,BGT-2025-ITI-OPX,26190000.00,2025-09-07,Bidding,
PR-2025-00681,Risk & Compliance,Software & Licenses,BGT-2025-RSC-OPX,40160000.00,2025-09-07,Bidding,
PR-2025-00012,Lending Operations,Software & Licenses,BGT-2025-LEN-OPX,9270000.00,2025-09-08,Awarded,
PR-2025-00237,Executive Admin,Field Survey & Logistics,BGT-2025-EXA-OPX,24750000.00,2025-09-08,Awarded,
PR-2025-00782,Procurement & Logistics,"Media, PR & Professional Services",BGT-2025-PRL-PFE,3540000.00,2025-09-08,Awarded,
PR-2025-00295,Lending Operations,IT Hardware & Infrastructure,BGT-2025-LEN-CPX,5160000.00,2025-09-12,Awarded,
PR-2025-00397,Executive Admin,"Media, PR & Professional Services",BGT-2025-EXA-PFE,2340000.00,2025-09-12,Awarded,
PR-2025-00205,Lending Operations,Office Supplies & Printing,BGT-2025-LEN-OPX,6500000.00,2025-09-13,Awarded,
PR-2025-00071,Executive Admin,IT Hardware & Infrastructure,BGT-2025-EXA-CPX,15970000.00,2025-09-15,Awarded,
PR-2025-00442,Lending Operations,Software & Licenses,BGT-2025-LEN-OPX,33090000.00,2025-09-15,Bidding,
PR-2025-00649,IT & Infrastructure,Office Supplies & Printing,BGT-2025-ITI-OPX,23440000.00,2025-09-15,Awarded,
PR-2025-00383,Executive Admin,Office Supplies & Printing,BGT-2025-EXA-OPX,35880000.00,2025-09-16,Awarded,
PR-2025-00438,Procurement & Logistics,Software & Licenses,BGT-2025-PRL-OPX,1350000.00,2025-09-17,Bidding,
PR-2025-00476,Lending Operations,Office Supplies & Printing,BGT-2025-LEN-OPX,23950000.00,2025-09-17,Awarded,
PR-2025-00716,Executive Admin,IT Hardware & Infrastructure,BGT-2025-EXA-CPX,3710000.00,2025-09-17,Awarded,
PR-2025-00418,Executive Admin,"Media, PR & Professional Services",BGT-2025-EXA-PFE,39290000.00,2025-09-18,Awarded,
PR-2025-00064,IT & Infrastructure,"Media, PR & Professional Services",BGT-2025-ITI-PFE,21080000.00,2025-09-19,Cancelled,Budget Withdrawn
PR-2025-00449,Lending Operations,Software & Licenses,BGT-2025-LEN-OPX,40250000.00,2025-09-19,Awarded,
PR-2025-00412,Lending Operations,Office Supplies & Printing,BGT-2025-LEN-OPX,21510000.00,2025-09-20,Awarded,
PR-2025-00175,Risk & Compliance,"Media, PR & Professional Services",BGT-2025-RSC-PFE,30500000.00,2025-09-21,Bidding,
PR-2025-00638,Lending Operations,Software & Licenses,BGT-2025-LEN-OPX,1670000.00,2025-09-22,Bidding,
PR-2025-00022,Risk & Compliance,Software & Licenses,BGT-2025-RSC-OPX,28110000.00,2025-09-25,Awarded,
PR-2025-00372,Procurement & Logistics,Field Survey & Logistics,BGT-2025-PRL-OPX,32550000.00,2025-09-26,Bidding,
PR-2025-00436,Procurement & Logistics,Software & Licenses,BGT-2025-PRL-OPX,43680000.00,2025-09-26,Awarded,
PR-2025-00607,Executive Admin,"Media, PR & Professional Services",BGT-2025-EXA-PFE,36950000.00,2025-09-29,Awarded,
PR-2025-00150,Lending Operations,Office Supplies & Printing,BGT-2025-LEN-OPX,28010000.00,2025-09-30,Awarded,
PR-2025-00799,Executive Admin,Field Survey & Logistics,BGT-2025-EXA-OPX,16830000.00,2025-10-02,Awarded,
PR-2025-00342,IT & Infrastructure,Field Survey & Logistics,BGT-2025-ITI-OPX,30930000.00,2025-10-06,Bidding,
PR-2025-00156,Lending Operations,"Media, PR & Professional Services",BGT-2025-LEN-PFE,19310000.00,2025-10-07,Awarded,
PR-2025-00199,IT & Infrastructure,Office Supplies & Printing,BGT-2025-ITI-OPX,36880000.00,2025-10-07,Awarded,
PR-2025-00210,IT & Infrastructure,Field Survey & Logistics,BGT-2025-ITI-OPX,37560000.00,2025-10-07,Awarded,
PR-2025-00020,IT & Infrastructure,Field Survey & Logistics,BGT-2025-ITI-OPX,21580000.00,2025-10-08,Bidding,
PR-2025-00016,Lending Operations,IT Hardware & Infrastructure,BGT-2025-LEN-CPX,13100000.00,2025-10-10,Awarded,
PR-2025-00461,IT & Infrastructure,Software & Licenses,BGT-2025-ITI-OPX,5050000.00,2025-10-10,Awarded,
PR-2025-00631,IT & Infrastructure,Software & Licenses,BGT-2025-ITI-OPX,31390000.00,2025-10-10,Awarded,
PR-2025-00273,Risk & Compliance,IT Hardware & Infrastructure,BGT-2025-RSC-CPX,11090000.00,2025-10-11,Awarded,
PR-2025-00703,Lending Operations,IT Hardware & Infrastructure,BGT-2025-LEN-CPX,31460000.00,2025-10-12,Bidding,
PR-2025-00653,Procurement & Logistics,Office Supplies & Printing,BGT-2025-PRL-OPX,1490000.00,2025-10-13,Awarded,
PR-2025-00289,Executive Admin,IT Hardware & Infrastructure,BGT-2025-EXA-CPX,33560000.00,2025-10-15,Awarded,
PR-2025-00792,Procurement & Logistics,IT Hardware & Infrastructure,BGT-2025-PRL-CPX,44610000.00,2025-10-17,Awarded,
PR-2025-00229,Lending Operations,Office Supplies & Printing,BGT-2025-LEN-OPX,6580000.00,2025-10-18,Awarded,
PR-2025-00657,Risk & Compliance,Field Survey & Logistics,BGT-2025-RSC-OPX,35830000.00,2025-10-20,Awarded,
PR-2025-00094,IT & Infrastructure,"Media, PR & Professional Services",BGT-2025-ITI-PFE,30870000.00,2025-10-21,Awarded,
PR-2025-00203,IT & Infrastructure,Field Survey & Logistics,BGT-2025-ITI-OPX,3870000.00,2025-10-23,Awarded,
PR-2025-00352,IT & Infrastructure,"Media, PR & Professional Services",BGT-2025-ITI-PFE,29200000.00,2025-10-23,Awarded,
PR-2025-00540,Risk & Compliance,IT Hardware & Infrastructure,BGT-2025-RSC-CPX,25870000.00,2025-10-23,Awarded,
PR-2025-00007,Risk & Compliance,Office Supplies & Printing,BGT-2025-RSC-OPX,40060000.00,2025-10-25,Awarded,
PR-2025-00639,Executive Admin,Software & Licenses,BGT-2025-EXA-OPX,15490000.00,2025-10-25,Awarded,
PR-2025-00154,Risk & Compliance,Field Survey & Logistics,BGT-2025-RSC-OPX,44210000.00,2025-10-26,Bidding,
PR-2025-00062,IT & Infrastructure,Field Survey & Logistics,BGT-2025-ITI-OPX,7590000.00,2025-10-27,Awarded,
PR-2025-00656,IT & Infrastructure,"Media, PR & Professional Services",BGT-2025-ITI-PFE,44700000.00,2025-10-27,Bidding,
PR-2025-00753,Lending Operations,IT Hardware & Infrastructure,BGT-2025-LEN-CPX,22250000.00,2025-10-27,Bidding,
PR-2025-00545,Risk & Compliance,Office Supplies & Printing,BGT-2025-RSC-OPX,41340000.00,2025-10-28,Awarded,
PR-2025-00216,Procurement & Logistics,IT Hardware & Infrastructure,BGT-2025-PRL-CPX,25790000.00,2025-10-29,Awarded,
PR-2025-00794,Risk & Compliance,Field Survey & Logistics,BGT-2025-RSC-OPX,4090000.00,2025-10-29,Awarded,
PR-2025-00017,Lending Operations,Software & Licenses,BGT-2025-LEN-OPX,4760000.00,2025-10-30,Awarded,
PR-2025-00293,Procurement & Logistics,Office Supplies & Printing,BGT-2025-PRL-OPX,30530000.00,2025-10-30,Cancelled,Re-scoped for Re-tender
PR-2025-00365,Lending Operations,IT Hardware & Infrastructure,BGT-2025-LEN-CPX,16440000.00,2025-10-30,Awarded,
PR-2025-00140,IT & Infrastructure,Office Supplies & Printing,BGT-2025-ITI-OPX,40090000.00,2025-11-01,Bidding,
PR-2025-00369,Risk & Compliance,"Media, PR & Professional Services",BGT-2025-RSC-PFE,26380000.00,2025-11-01,Bidding,
PR-2025-00601,Executive Admin,IT Hardware & Infrastructure,BGT-2025-EXA-CPX,3800000.00,2025-11-01,Awarded,
PR-2025-00677,Lending Operations,Software & Licenses,BGT-2025-LEN-OPX,7910000.00,2025-11-01,Awarded,
PR-2025-00724,Lending Operations,Office Supplies & Printing,BGT-2025-LEN-OPX,17380000.00,2025-11-01,Awarded,
PR-2025-00576,Risk & Compliance,Software & Licenses,BGT-2025-RSC-OPX,25700000.00,2025-11-02,Bidding,
PR-2025-00636,IT & Infrastructure,Field Survey & Logistics,BGT-2025-ITI-OPX,30860000.00,2025-11-03,Awarded,
PR-2025-00268,Lending Operations,"Media, PR & Professional Services",BGT-2025-LEN-PFE,3520000.00,2025-11-04,Awarded,
PR-2025-00305,Risk & Compliance,Field Survey & Logistics,BGT-2025-RSC-OPX,23190000.00,2025-11-04,Awarded,
PR-2025-00244,Risk & Compliance,IT Hardware & Infrastructure,BGT-2025-RSC-CPX,37190000.00,2025-11-05,Awarded,
PR-2025-00419,IT & Infrastructure,Field Survey & Logistics,BGT-2025-ITI-OPX,11710000.00,2025-11-09,Awarded,
PR-2025-00036,Procurement & Logistics,Field Survey & Logistics,BGT-2025-PRL-OPX,22640000.00,2025-11-11,Awarded,
PR-2025-00371,Risk & Compliance,Field Survey & Logistics,BGT-2025-RSC-OPX,11730000.00,2025-11-14,Bidding,
PR-2025-00008,Procurement & Logistics,Field Survey & Logistics,BGT-2025-PRL-OPX,32950000.00,2025-11-15,Awarded,
PR-2025-00055,Risk & Compliance,"Media, PR & Professional Services",BGT-2025-RSC-PFE,18850000.00,2025-11-15,Bidding,
PR-2025-00469,Executive Admin,IT Hardware & Infrastructure,BGT-2025-EXA-CPX,21580000.00,2025-11-15,Awarded,
PR-2025-00580,Risk & Compliance,IT Hardware & Infrastructure,BGT-2025-RSC-CPX,32430000.00,2025-11-15,Awarded,
PR-2025-00115,Executive Admin,"Media, PR & Professional Services",BGT-2025-EXA-PFE,38830000.00,2025-11-16,Awarded,
PR-2025-00798,IT & Infrastructure,Field Survey & Logistics,BGT-2025-ITI-OPX,30470000.00,2025-11-16,Bidding,
PR-2025-00291,Executive Admin,Office Supplies & Printing,BGT-2025-EXA-OPX,3890000.00,2025-11-17,Bidding,
PR-2025-00131,Executive Admin,"Media, PR & Professional Services",BGT-2025-EXA-PFE,9480000.00,2025-11-19,Awarded,
PR-2025-00170,Lending Operations,Office Supplies & Printing,BGT-2025-LEN-OPX,36090000.00,2025-11-19,Awarded,
PR-2025-00444,Lending Operations,Field Survey & Logistics,BGT-2025-LEN-OPX,16370000.00,2025-11-19,Bidding,
PR-2025-00510,Procurement & Logistics,IT Hardware & Infrastructure,BGT-2025-PRL-CPX,32980000.00,2025-11-19,Awarded,
PR-2025-00090,Risk & Compliance,"Media, PR & Professional Services",BGT-2025-RSC-PFE,12500000.00,2025-11-21,Awarded,
PR-2025-00068,Executive Admin,Field Survey & Logistics,BGT-2025-EXA-OPX,14920000.00,2025-11-22,Bidding,
PR-2025-00080,Executive Admin,Software & Licenses,BGT-2025-EXA-OPX,4650000.00,2025-11-22,Bidding,
PR-2025-00406,Risk & Compliance,IT Hardware & Infrastructure,BGT-2025-RSC-CPX,23090000.00,2025-11-22,Awarded,
PR-2025-00517,IT & Infrastructure,"Media, PR & Professional Services",BGT-2025-ITI-PFE,25200000.00,2025-11-24,Awarded,
PR-2025-00646,Executive Admin,Office Supplies & Printing,BGT-2025-EXA-OPX,34690000.00,2025-11-25,Cancelled,Budget Withdrawn
PR-2025-00396,Lending Operations,Software & Licenses,BGT-2025-LEN-OPX,15690000.00,2025-11-28,Awarded,
PR-2025-00763,Lending Operations,Office Supplies & Printing,BGT-2025-LEN-OPX,37010000.00,2025-11-28,Awarded,
PR-2025-00800,Procurement & Logistics,"Media, PR & Professional Services",BGT-2025-PRL-PFE,35560000.00,2025-11-29,Awarded,
PR-2025-00013,IT & Infrastructure,Field Survey & Logistics,BGT-2025-ITI-OPX,29360000.00,2025-11-30,Awarded,
PR-2025-00332,Lending Operations,"Media, PR & Professional Services",BGT-2025-LEN-PFE,6360000.00,2025-12-01,Awarded,
PR-2025-00463,IT & Infrastructure,"Media, PR & Professional Services",BGT-2025-ITI-PFE,29020000.00,2025-12-01,Bidding,
PR-2025-00524,Executive Admin,IT Hardware & Infrastructure,BGT-2025-EXA-CPX,38820000.00,2025-12-01,Awarded,
PR-2025-00790,Risk & Compliance,IT Hardware & Infrastructure,BGT-2025-RSC-CPX,12310000.00,2025-12-01,Awarded,
PR-2025-00084,Executive Admin,Software & Licenses,BGT-2025-EXA-OPX,25320000.00,2025-12-02,Bidding,
PR-2025-00581,IT & Infrastructure,Office Supplies & Printing,BGT-2025-ITI-OPX,25110000.00,2025-12-02,Awarded,
PR-2025-00018,Procurement & Logistics,Office Supplies & Printing,BGT-2025-PRL-OPX,9420000.00,2025-12-04,Awarded,
PR-2025-00186,Risk & Compliance,IT Hardware & Infrastructure,BGT-2025-RSC-CPX,21480000.00,2025-12-07,Awarded,
PR-2025-00208,IT & Infrastructure,IT Hardware & Infrastructure,BGT-2025-ITI-CPX,30320000.00,2025-12-07,Awarded,
PR-2025-00561,Risk & Compliance,Field Survey & Logistics,BGT-2025-RSC-OPX,25420000.00,2025-12-07,Awarded,
PR-2025-00311,Risk & Compliance,Software & Licenses,BGT-2025-RSC-OPX,15100000.00,2025-12-10,Bidding,
PR-2025-00053,Executive Admin,"Media, PR & Professional Services",BGT-2025-EXA-PFE,34750000.00,2025-12-11,Awarded,
PR-2025-00336,Procurement & Logistics,Field Survey & Logistics,BGT-2025-PRL-OPX,26280000.00,2025-12-12,Bidding,
PR-2025-00482,Executive Admin,Field Survey & Logistics,BGT-2025-EXA-OPX,14370000.00,2025-12-13,Awarded,
PR-2025-00228,Lending Operations,Office Supplies & Printing,BGT-2025-LEN-OPX,29180000.00,2025-12-14,Awarded,
PR-2025-00252,Risk & Compliance,IT Hardware & Infrastructure,BGT-2025-RSC-CPX,34730000.00,2025-12-14,Awarded,
PR-2025-00479,Executive Admin,"Media, PR & Professional Services",BGT-2025-EXA-PFE,26440000.00,2025-12-16,Awarded,
PR-2025-00047,Executive Admin,Software & Licenses,BGT-2025-EXA-OPX,740000.00,2025-12-17,Bidding,
PR-2025-00152,Lending Operations,Office Supplies & Printing,BGT-2025-LEN-OPX,27540000.00,2025-12-17,Awarded,
PR-2025-00262,Risk & Compliance,IT Hardware & Infrastructure,BGT-2025-RSC-CPX,32850000.00,2025-12-18,Bidding,
PR-2025-00384,Risk & Compliance,"Media, PR & Professional Services",BGT-2025-RSC-PFE,34420000.00,2025-12-18,Awarded,
PR-2025-00472,Lending Operations,Office Supplies & Printing,BGT-2025-LEN-OPX,13510000.00,2025-12-18,Awarded,
PR-2025-00446,Procurement & Logistics,Software & Licenses,BGT-2025-PRL-OPX,1540000.00,2025-12-19,Bidding,
PR-2025-00248,Risk & Compliance,"Media, PR & Professional Services",BGT-2025-RSC-PFE,13020000.00,2025-12-20,Bidding,
PR-2025-00003,Risk & Compliance,IT Hardware & Infrastructure,BGT-2025-RSC-CPX,39450000.00,2025-12-22,Awarded,
PR-2025-00113,Risk & Compliance,Office Supplies & Printing,BGT-2025-RSC-OPX,30260000.00,2025-12-22,Awarded,
PR-2025-00194,Procurement & Logistics,Software & Licenses,BGT-2025-PRL-OPX,16180000.00,2025-12-22,Awarded,
PR-2025-00074,Risk & Compliance,"Media, PR & Professional Services",BGT-2025-RSC-PFE,2790000.00,2025-12-24,Bidding,
PR-2025-00306,IT & Infrastructure,IT Hardware & Infrastructure,BGT-2025-ITI-CPX,34040000.00,2025-12-24,Bidding,
PR-2025-00565,Risk & Compliance,IT Hardware & Infrastructure,BGT-2025-RSC-CPX,8270000.00,2025-12-24,Bidding,
PR-2025-00042,Executive Admin,Office Supplies & Printing,BGT-2025-EXA-OPX,22300000.00,2025-12-25,Awarded,
PR-2025-00099,IT & Infrastructure,Software & Licenses,BGT-2025-ITI-OPX,8300000.00,2025-12-25,Awarded,
PR-2025-00274,Risk & Compliance,"Media, PR & Professional Services",BGT-2025-RSC-PFE,33820000.00,2025-12-26,Awarded,
PR-2025-00108,Lending Operations,Field Survey & Logistics,BGT-2025-LEN-OPX,44010000.00,2025-12-27,Bidding,
PR-2025-00662,Procurement & Logistics,Field Survey & Logistics,BGT-2025-PRL-OPX,24020000.00,2025-12-27,Bidding,
PR-2025-00054,Executive Admin,"Media, PR & Professional Services",BGT-2025-EXA-PFE,15140000.00,2025-12-28,Bidding,
PR-2025-00137,Procurement & Logistics,Office Supplies & Printing,BGT-2025-PRL-OPX,44420000.00,2025-12-28,Awarded,
PR-2025-00253,IT & Infrastructure,Field Survey & Logistics,BGT-2025-ITI-OPX,35630000.00,2025-12-28,Awarded,
PR-2025-00263,Lending Operations,IT Hardware & Infrastructure,BGT-2025-LEN-CPX,13940000.00,2025-12-28,Bidding,
PR-2025-00269,Executive Admin,"Media, PR & Professional Services",BGT-2025-EXA-PFE,21300000.00,2025-12-28,Bidding,
PR-2025-00429,Risk & Compliance,IT Hardware & Infrastructure,BGT-2025-RSC-CPX,4460000.00,2025-12-31,Bidding,
PR-2025-00600,Executive Admin,"Media, PR & Professional Services",BGT-2025-EXA-PFE,27530000.00,2025-12-31,Awarded,
PR-2026-00037,Lending Operations,IT Hardware & Infrastructure,BGT-2026-LEN-CPX,9510000.00,2026-01-01,Awarded,
PR-2026-00093,IT & Infrastructure,Office Supplies & Printing,BGT-2026-ITI-OPX,9010000.00,2026-01-03,Awarded,
PR-2026-00184,Lending Operations,IT Hardware & Infrastructure,BGT-2026-LEN-CPX,30190000.00,2026-01-06,Awarded,
PR-2026-00304,Lending Operations,Software & Licenses,BGT-2026-LEN-OPX,5810000.00,2026-01-06,Awarded,
PR-2026-00353,Executive Admin,Office Supplies & Printing,BGT-2026-EXA-OPX,7570000.00,2026-01-07,Awarded,
PR-2026-00050,Procurement & Logistics,Software & Licenses,BGT-2026-PRL-OPX,22650000.00,2026-01-08,Cancelled,Budget Withdrawn
PR-2026-00023,Risk & Compliance,Office Supplies & Printing,BGT-2026-RSC-OPX,32750000.00,2026-01-10,Awarded,
PR-2026-00215,Executive Admin,Field Survey & Logistics,BGT-2026-EXA-OPX,18770000.00,2026-01-11,Awarded,
PR-2026-00441,Executive Admin,IT Hardware & Infrastructure,BGT-2026-EXA-CPX,38870000.00,2026-01-11,Awarded,
PR-2026-00079,IT & Infrastructure,IT Hardware & Infrastructure,BGT-2026-ITI-CPX,480000.00,2026-01-12,Awarded,
PR-2026-00249,IT & Infrastructure,Office Supplies & Printing,BGT-2026-ITI-OPX,35510000.00,2026-01-15,Bidding,
PR-2026-00246,Risk & Compliance,Field Survey & Logistics,BGT-2026-RSC-OPX,6800000.00,2026-01-17,Awarded,
PR-2026-00322,Executive Admin,Office Supplies & Printing,BGT-2026-EXA-OPX,6600000.00,2026-01-19,Awarded,
PR-2026-00628,Executive Admin,Field Survey & Logistics,BGT-2026-EXA-OPX,12330000.00,2026-01-19,Bidding,
PR-2026-00312,Risk & Compliance,Office Supplies & Printing,BGT-2026-RSC-OPX,34050000.00,2026-01-20,Bidding,
PR-2026-00104,Executive Admin,"Media, PR & Professional Services",BGT-2026-EXA-PFE,22160000.00,2026-01-25,Awarded,
PR-2026-00043,IT & Infrastructure,Software & Licenses,BGT-2026-ITI-OPX,20200000.00,2026-01-28,Awarded,
PR-2026-00614,Executive Admin,"Media, PR & Professional Services",BGT-2026-EXA-PFE,3540000.00,2026-01-28,Bidding,
PR-2026-00534,Risk & Compliance,Office Supplies & Printing,BGT-2026-RSC-OPX,41750000.00,2026-01-30,Awarded,
PR-2026-00238,IT & Infrastructure,IT Hardware & Infrastructure,BGT-2026-ITI-CPX,25060000.00,2026-02-04,Awarded,
PR-2026-00597,Lending Operations,Office Supplies & Printing,BGT-2026-LEN-OPX,4930000.00,2026-02-04,Bidding,
PR-2026-00085,Procurement & Logistics,IT Hardware & Infrastructure,BGT-2026-PRL-CPX,34910000.00,2026-02-05,Bidding,
PR-2026-00202,Procurement & Logistics,Software & Licenses,BGT-2026-PRL-OPX,25330000.00,2026-02-06,Awarded,
PR-2026-00560,IT & Infrastructure,"Media, PR & Professional Services",BGT-2026-ITI-PFE,2040000.00,2026-02-07,Awarded,
PR-2026-00375,IT & Infrastructure,IT Hardware & Infrastructure,BGT-2026-ITI-CPX,5930000.00,2026-02-09,Bidding,
PR-2026-00456,Executive Admin,Office Supplies & Printing,BGT-2026-EXA-OPX,22920000.00,2026-02-12,Awarded,
PR-2026-00774,Procurement & Logistics,Software & Licenses,BGT-2026-PRL-OPX,1100000.00,2026-02-12,Awarded,
PR-2026-00423,Risk & Compliance,Office Supplies & Printing,BGT-2026-RSC-OPX,41280000.00,2026-02-13,Awarded,
PR-2026-00464,IT & Infrastructure,Field Survey & Logistics,BGT-2026-ITI-OPX,27150000.00,2026-02-13,Awarded,
PR-2026-00714,IT & Infrastructure,"Media, PR & Professional Services",BGT-2026-ITI-PFE,7660000.00,2026-02-13,Awarded,
PR-2026-00116,IT & Infrastructure,Field Survey & Logistics,BGT-2026-ITI-OPX,24580000.00,2026-02-14,Bidding,
PR-2026-00522,Procurement & Logistics,Software & Licenses,BGT-2026-PRL-OPX,940000.00,2026-02-14,Awarded,
PR-2026-00664,Lending Operations,Field Survey & Logistics,BGT-2026-LEN-OPX,41860000.00,2026-02-15,Bidding,
PR-2026-00227,Procurement & Logistics,Software & Licenses,BGT-2026-PRL-OPX,31680000.00,2026-02-16,Awarded,
PR-2026-00325,Procurement & Logistics,"Media, PR & Professional Services",BGT-2026-PRL-PFE,29430000.00,2026-02-16,Awarded,
PR-2026-00712,Executive Admin,Software & Licenses,BGT-2026-EXA-OPX,34590000.00,2026-02-17,Awarded,
PR-2026-00430,Lending Operations,Field Survey & Logistics,BGT-2026-LEN-OPX,9800000.00,2026-02-18,Awarded,
PR-2026-00641,Procurement & Logistics,Office Supplies & Printing,BGT-2026-PRL-OPX,14670000.00,2026-02-18,Awarded,
PR-2026-00391,Executive Admin,Field Survey & Logistics,BGT-2026-EXA-OPX,43790000.00,2026-02-19,Awarded,
PR-2026-00771,Lending Operations,Software & Licenses,BGT-2026-LEN-OPX,8570000.00,2026-02-19,Awarded,
PR-2026-00092,Executive Admin,Office Supplies & Printing,BGT-2026-EXA-OPX,11880000.00,2026-02-20,Awarded,
PR-2026-00401,Risk & Compliance,"Media, PR & Professional Services",BGT-2026-RSC-PFE,15740000.00,2026-02-20,Bidding,
PR-2026-00520,IT & Infrastructure,IT Hardware & Infrastructure,BGT-2026-ITI-CPX,36330000.00,2026-02-20,Awarded,
PR-2026-00151,Procurement & Logistics,IT Hardware & Infrastructure,BGT-2026-PRL-CPX,20720000.00,2026-02-21,Bidding,
PR-2026-00259,Lending Operations,Field Survey & Logistics,BGT-2026-LEN-OPX,20190000.00,2026-02-21,Awarded,
PR-2026-00283,Risk & Compliance,IT Hardware & Infrastructure,BGT-2026-RSC-CPX,29340000.00,2026-02-21,Awarded,
PR-2026-00514,IT & Infrastructure,IT Hardware & Infrastructure,BGT-2026-ITI-CPX,11640000.00,2026-02-25,Awarded,
PR-2026-00435,Risk & Compliance,"Media, PR & Professional Services",BGT-2026-RSC-PFE,23500000.00,2026-02-26,Cancelled,Requirement Superseded
PR-2026-00769,Executive Admin,Field Survey & Logistics,BGT-2026-EXA-OPX,17040000.00,2026-02-27,Awarded,
PR-2026-00373,IT & Infrastructure,Software & Licenses,BGT-2026-ITI-OPX,12240000.00,2026-03-01,Awarded,
PR-2026-00382,Lending Operations,IT Hardware & Infrastructure,BGT-2026-LEN-CPX,37400000.00,2026-03-01,Awarded,
PR-2026-00622,Risk & Compliance,Software & Licenses,BGT-2026-RSC-OPX,15660000.00,2026-03-01,Cancelled,Requirement Superseded
PR-2026-00019,Procurement & Logistics,IT Hardware & Infrastructure,BGT-2026-PRL-CPX,36050000.00,2026-03-02,Awarded,
PR-2026-00286,Risk & Compliance,"Media, PR & Professional Services",BGT-2026-RSC-PFE,15590000.00,2026-03-02,Awarded,
PR-2026-00752,Executive Admin,Field Survey & Logistics,BGT-2026-EXA-OPX,12170000.00,2026-03-02,Bidding,
PR-2026-00591,Risk & Compliance,Software & Licenses,BGT-2026-RSC-OPX,41640000.00,2026-03-03,Awarded,
PR-2026-00466,IT & Infrastructure,Field Survey & Logistics,BGT-2026-ITI-OPX,24300000.00,2026-03-04,Awarded,
PR-2026-00652,Risk & Compliance,Field Survey & Logistics,BGT-2026-RSC-OPX,18990000.00,2026-03-04,Awarded,
PR-2026-00603,IT & Infrastructure,Software & Licenses,BGT-2026-ITI-OPX,23220000.00,2026-03-05,Awarded,
PR-2026-00658,Procurement & Logistics,Office Supplies & Printing,BGT-2026-PRL-OPX,14720000.00,2026-03-05,Bidding,
PR-2026-00575,IT & Infrastructure,Office Supplies & Printing,BGT-2026-ITI-OPX,20420000.00,2026-03-08,Bidding,
PR-2026-00624,Lending Operations,Software & Licenses,BGT-2026-LEN-OPX,31150000.00,2026-03-08,Awarded,
PR-2026-00051,Procurement & Logistics,IT Hardware & Infrastructure,BGT-2026-PRL-CPX,31600000.00,2026-03-12,Awarded,
PR-2026-00493,Lending Operations,IT Hardware & Infrastructure,BGT-2026-LEN-CPX,37760000.00,2026-03-13,Awarded,
PR-2026-00635,Executive Admin,"Media, PR & Professional Services",BGT-2026-EXA-PFE,35480000.00,2026-03-13,Awarded,
PR-2026-00629,Executive Admin,Field Survey & Logistics,BGT-2026-EXA-OPX,6630000.00,2026-03-14,Awarded,
PR-2026-00766,Executive Admin,IT Hardware & Infrastructure,BGT-2026-EXA-CPX,11950000.00,2026-03-15,Awarded,
PR-2026-00182,Procurement & Logistics,"Media, PR & Professional Services",BGT-2026-PRL-PFE,13830000.00,2026-03-16,Awarded,
PR-2026-00226,Executive Admin,Office Supplies & Printing,BGT-2026-EXA-OPX,37680000.00,2026-03-16,Awarded,
PR-2026-00157,IT & Infrastructure,Field Survey & Logistics,BGT-2026-ITI-OPX,26250000.00,2026-03-17,Awarded,
PR-2026-00356,Lending Operations,Software & Licenses,BGT-2026-LEN-OPX,11070000.00,2026-03-17,Bidding,
PR-2026-00367,Lending Operations,IT Hardware & Infrastructure,BGT-2026-LEN-CPX,35380000.00,2026-03-18,Awarded,
PR-2026-00787,Executive Admin,Software & Licenses,BGT-2026-EXA-OPX,42540000.00,2026-03-18,Awarded,
PR-2026-00594,Executive Admin,IT Hardware & Infrastructure,BGT-2026-EXA-CPX,3710000.00,2026-03-19,Awarded,
PR-2026-00740,IT & Infrastructure,Software & Licenses,BGT-2026-ITI-OPX,28600000.00,2026-03-19,Awarded,
PR-2026-00340,Risk & Compliance,"Media, PR & Professional Services",BGT-2026-RSC-PFE,27100000.00,2026-03-20,Awarded,
PR-2026-00061,Lending Operations,Software & Licenses,BGT-2026-LEN-OPX,39270000.00,2026-03-21,Awarded,
PR-2026-00330,Risk & Compliance,Office Supplies & Printing,BGT-2026-RSC-OPX,19820000.00,2026-03-26,Awarded,
PR-2026-00462,Procurement & Logistics,"Media, PR & Professional Services",BGT-2026-PRL-PFE,38460000.00,2026-03-27,Bidding,
PR-2026-00405,Lending Operations,Field Survey & Logistics,BGT-2026-LEN-OPX,28490000.00,2026-03-30,Awarded,
PR-2026-00316,Procurement & Logistics,Office Supplies & Printing,BGT-2026-PRL-OPX,21650000.00,2026-03-31,Awarded,
PR-2026-00797,Executive Admin,Field Survey & Logistics,BGT-2026-EXA-OPX,13750000.00,2026-04-02,Awarded,
PR-2026-00668,Lending Operations,"Media, PR & Professional Services",BGT-2026-LEN-PFE,2640000.00,2026-04-05,Awarded,
PR-2026-00650,Risk & Compliance,Software & Licenses,BGT-2026-RSC-OPX,31180000.00,2026-04-06,Awarded,
PR-2026-00750,Executive Admin,Office Supplies & Printing,BGT-2026-EXA-OPX,29980000.00,2026-04-07,Awarded,
PR-2026-00266,Executive Admin,"Media, PR & Professional Services",BGT-2026-EXA-PFE,22470000.00,2026-04-09,Awarded,
PR-2026-00314,Lending Operations,IT Hardware & Infrastructure,BGT-2026-LEN-CPX,34580000.00,2026-04-09,Cancelled,Requirement Superseded
PR-2026-00566,Risk & Compliance,Software & Licenses,BGT-2026-RSC-OPX,41870000.00,2026-04-09,Awarded,
PR-2026-00046,Executive Admin,Software & Licenses,BGT-2026-EXA-OPX,27780000.00,2026-04-10,Awarded,
PR-2026-00261,Risk & Compliance,Software & Licenses,BGT-2026-RSC-OPX,28320000.00,2026-04-11,Awarded,
PR-2026-00239,Procurement & Logistics,IT Hardware & Infrastructure,BGT-2026-PRL-CPX,34510000.00,2026-04-12,Awarded,
PR-2026-00518,Procurement & Logistics,Field Survey & Logistics,BGT-2026-PRL-OPX,23380000.00,2026-04-12,Awarded,
PR-2026-00076,IT & Infrastructure,"Media, PR & Professional Services",BGT-2026-ITI-PFE,5730000.00,2026-04-13,Bidding,
PR-2026-00223,Executive Admin,"Media, PR & Professional Services",BGT-2026-EXA-PFE,10570000.00,2026-04-16,Awarded,
PR-2026-00786,Procurement & Logistics,Office Supplies & Printing,BGT-2026-PRL-OPX,15950000.00,2026-04-16,Bidding,
PR-2026-00333,Risk & Compliance,Field Survey & Logistics,BGT-2026-RSC-OPX,670000.00,2026-04-17,Awarded,
PR-2026-00506,Procurement & Logistics,"Media, PR & Professional Services",BGT-2026-PRL-PFE,23890000.00,2026-04-18,Awarded,
PR-2026-00143,Risk & Compliance,Office Supplies & Printing,BGT-2026-RSC-OPX,41330000.00,2026-04-21,Bidding,
PR-2026-00427,Executive Admin,Field Survey & Logistics,BGT-2026-EXA-OPX,33150000.00,2026-04-24,Awarded,
PR-2026-00146,Risk & Compliance,IT Hardware & Infrastructure,BGT-2026-RSC-CPX,4200000.00,2026-04-25,Bidding,
PR-2026-00255,Lending Operations,IT Hardware & Infrastructure,BGT-2026-LEN-CPX,5630000.00,2026-04-25,Cancelled,Insufficient Responsive Bids
PR-2026-00615,IT & Infrastructure,Software & Licenses,BGT-2026-ITI-OPX,6520000.00,2026-04-26,Awarded,
PR-2026-00403,IT & Infrastructure,"Media, PR & Professional Services",BGT-2026-ITI-PFE,44080000.00,2026-04-27,Bidding,
PR-2026-00701,Lending Operations,IT Hardware & Infrastructure,BGT-2026-LEN-CPX,23100000.00,2026-04-27,Bidding,
PR-2026-00011,Procurement & Logistics,"Media, PR & Professional Services",BGT-2026-PRL-PFE,18130000.00,2026-04-28,Awarded,
PR-2026-00739,Procurement & Logistics,Office Supplies & Printing,BGT-2026-PRL-OPX,25540000.00,2026-04-30,Bidding,
PR-2026-00136,Risk & Compliance,IT Hardware & Infrastructure,BGT-2026-RSC-CPX,24760000.00,2026-05-01,Awarded,
PR-2026-00528,IT & Infrastructure,Office Supplies & Printing,BGT-2026-ITI-OPX,37720000.00,2026-05-01,Awarded,
PR-2026-00711,Executive Admin,Software & Licenses,BGT-2026-EXA-OPX,19240000.00,2026-05-01,Bidding,
PR-2026-00251,IT & Infrastructure,Office Supplies & Printing,BGT-2026-ITI-OPX,10220000.00,2026-05-03,Bidding,
PR-2026-00730,IT & Infrastructure,Software & Licenses,BGT-2026-ITI-OPX,10740000.00,2026-05-03,Awarded,
PR-2026-00317,Procurement & Logistics,"Media, PR & Professional Services",BGT-2026-PRL-PFE,29840000.00,2026-05-05,Awarded,
PR-2026-00604,Executive Admin,Software & Licenses,BGT-2026-EXA-OPX,36730000.00,2026-05-08,Bidding,
PR-2026-00612,IT & Infrastructure,Software & Licenses,BGT-2026-ITI-OPX,21670000.00,2026-05-08,Awarded,
PR-2026-00230,Risk & Compliance,Office Supplies & Printing,BGT-2026-RSC-OPX,9630000.00,2026-05-09,Awarded,
PR-2026-00272,IT & Infrastructure,Field Survey & Logistics,BGT-2026-ITI-OPX,9690000.00,2026-05-09,Awarded,
PR-2026-00379,Executive Admin,Software & Licenses,BGT-2026-EXA-OPX,23430000.00,2026-05-10,Cancelled,Budget Withdrawn
PR-2026-00389,Lending Operations,Office Supplies & Printing,BGT-2026-LEN-OPX,6440000.00,2026-05-10,Awarded,
PR-2026-00760,Executive Admin,Field Survey & Logistics,BGT-2026-EXA-OPX,3100000.00,2026-05-10,Bidding,
PR-2026-00596,IT & Infrastructure,"Media, PR & Professional Services",BGT-2026-ITI-PFE,19270000.00,2026-05-12,Bidding,
PR-2026-00721,Lending Operations,Office Supplies & Printing,BGT-2026-LEN-OPX,24250000.00,2026-05-12,Awarded,
PR-2026-00776,Executive Admin,Software & Licenses,BGT-2026-EXA-OPX,43450000.00,2026-05-13,Bidding,
PR-2026-00564,Procurement & Logistics,Software & Licenses,BGT-2026-PRL-OPX,13240000.00,2026-05-14,Awarded,
PR-2026-00177,Executive Admin,Software & Licenses,BGT-2026-EXA-OPX,43030000.00,2026-05-19,Cancelled,Insufficient Responsive Bids
PR-2026-00250,IT & Infrastructure,Office Supplies & Printing,BGT-2026-ITI-OPX,23460000.00,2026-05-19,Awarded,
PR-2026-00722,Lending Operations,"Media, PR & Professional Services",BGT-2026-LEN-PFE,2090000.00,2026-05-20,Awarded,
PR-2026-00180,Risk & Compliance,Office Supplies & Printing,BGT-2026-RSC-OPX,17540000.00,2026-05-21,Bidding,
PR-2026-00617,IT & Infrastructure,Field Survey & Logistics,BGT-2026-ITI-OPX,38690000.00,2026-05-21,Awarded,
PR-2026-00275,Executive Admin,Software & Licenses,BGT-2026-EXA-OPX,31470000.00,2026-05-24,Awarded,
PR-2026-00132,Executive Admin,Field Survey & Logistics,BGT-2026-EXA-OPX,850000.00,2026-05-26,Bidding,
PR-2026-00526,Lending Operations,"Media, PR & Professional Services",BGT-2026-LEN-PFE,8270000.00,2026-05-26,Awarded,
PR-2026-00164,Risk & Compliance,"Media, PR & Professional Services",BGT-2026-RSC-PFE,3780000.00,2026-05-27,Awarded,
PR-2026-00537,Procurement & Logistics,IT Hardware & Infrastructure,BGT-2026-PRL-CPX,43140000.00,2026-05-29,Bidding,
PR-2026-00254,Lending Operations,Field Survey & Logistics,BGT-2026-LEN-OPX,23170000.00,2026-05-30,Awarded,
PR-2026-00732,Lending Operations,Field Survey & Logistics,BGT-2026-LEN-OPX,23130000.00,2026-05-30,Awarded,
PR-2026-00363,Risk & Compliance,"Media, PR & Professional Services",BGT-2026-RSC-PFE,28510000.00,2026-05-31,Awarded,
PR-2026-00542,Executive Admin,IT Hardware & Infrastructure,BGT-2026-EXA-CPX,30380000.00,2026-05-31,Awarded,
PR-2026-00103,Executive Admin,"Media, PR & Professional Services",BGT-2026-EXA-PFE,26560000.00,2026-06-02,Awarded,
PR-2026-00536,Executive Admin,"Media, PR & Professional Services",BGT-2026-EXA-PFE,16730000.00,2026-06-02,Awarded,
PR-2026-00584,IT & Infrastructure,Software & Licenses,BGT-2026-ITI-OPX,36450000.00,2026-06-02,Awarded,
PR-2026-00145,Executive Admin,Software & Licenses,BGT-2026-EXA-OPX,27760000.00,2026-06-04,Awarded,
PR-2026-00358,Lending Operations,IT Hardware & Infrastructure,BGT-2026-LEN-CPX,41320000.00,2026-06-06,Bidding,
PR-2026-00439,Risk & Compliance,Software & Licenses,BGT-2026-RSC-OPX,35060000.00,2026-06-06,Awarded,
PR-2026-00642,Risk & Compliance,"Media, PR & Professional Services",BGT-2026-RSC-PFE,15880000.00,2026-06-06,Awarded,
PR-2026-00005,Lending Operations,IT Hardware & Infrastructure,BGT-2026-LEN-CPX,19490000.00,2026-06-07,Cancelled,Insufficient Responsive Bids
PR-2026-00483,Procurement & Logistics,"Media, PR & Professional Services",BGT-2026-PRL-PFE,15490000.00,2026-06-07,Bidding,
PR-2026-00045,Lending Operations,IT Hardware & Infrastructure,BGT-2026-LEN-CPX,19330000.00,2026-06-08,Cancelled,Insufficient Responsive Bids
PR-2026-00098,Procurement & Logistics,Software & Licenses,BGT-2026-PRL-OPX,27930000.00,2026-06-09,Bidding,
PR-2026-00281,IT & Infrastructure,Office Supplies & Printing,BGT-2026-ITI-OPX,37280000.00,2026-06-10,Awarded,
PR-2026-00585,Risk & Compliance,"Media, PR & Professional Services",BGT-2026-RSC-PFE,32700000.00,2026-06-10,Awarded,
PR-2026-00654,Executive Admin,Software & Licenses,BGT-2026-EXA-OPX,35720000.00,2026-06-10,Awarded,
PR-2026-00222,Risk & Compliance,Office Supplies & Printing,BGT-2026-RSC-OPX,10170000.00,2026-06-11,Bidding,
PR-2026-00173,Lending Operations,Office Supplies & Printing,BGT-2026-LEN-OPX,18510000.00,2026-06-14,Bidding,
PR-2026-00111,IT & Infrastructure,Field Survey & Logistics,BGT-2026-ITI-OPX,14880000.00,2026-06-15,Awarded,
PR-2026-00187,Executive Admin,"Media, PR & Professional Services",BGT-2026-EXA-PFE,5430000.00,2026-06-15,Bidding,
PR-2026-00123,IT & Infrastructure,Software & Licenses,BGT-2026-ITI-OPX,42530000.00,2026-06-18,Awarded,
PR-2026-00001,Procurement & Logistics,Field Survey & Logistics,BGT-2026-PRL-OPX,14270000.00,2026-06-20,Awarded,
PR-2026-00165,IT & Infrastructure,Software & Licenses,BGT-2026-ITI-OPX,5520000.00,2026-06-20,Bidding,
PR-2026-00331,Lending Operations,Software & Licenses,BGT-2026-LEN-OPX,13770000.00,2026-06-20,Awarded,
PR-2026-00515,Lending Operations,Office Supplies & Printing,BGT-2026-LEN-OPX,29300000.00,2026-06-21,Awarded,
PR-2026-00611,Risk & Compliance,IT Hardware & Infrastructure,BGT-2026-RSC-CPX,9710000.00,2026-06-21,Awarded,
PR-2026-00209,Executive Admin,Software & Licenses,BGT-2026-EXA-OPX,23670000.00,2026-06-23,Bidding,
PR-2026-00066,IT & Infrastructure,Office Supplies & Printing,BGT-2026-ITI-OPX,9220000.00,2026-06-24,Awarded,
PR-2026-00125,Lending Operations,Office Supplies & Printing,BGT-2026-LEN-OPX,8170000.00,2026-06-24,Awarded,
PR-2026-00723,Procurement & Logistics,Software & Licenses,BGT-2026-PRL-OPX,5170000.00,2026-06-24,Awarded,
PR-2026-00236,Procurement & Logistics,"Media, PR & Professional Services",BGT-2026-PRL-PFE,1790000.00,2026-06-26,Awarded,
PR-2026-00166,IT & Infrastructure,Field Survey & Logistics,BGT-2026-ITI-OPX,40500000.00,2026-06-27,Awarded,
PR-2026-00699,Lending Operations,Software & Licenses,BGT-2026-LEN-OPX,24740000.00,2026-06-28,Awarded,
PR-2026-00618,Procurement & Logistics,"Media, PR & Professional Services",BGT-2026-PRL-PFE,18170000.00,2026-06-29,Awarded,
PR-2026-00290,Executive Admin,Software & Licenses,BGT-2026-EXA-OPX,17970000.00,2026-06-30,Awarded,
PR-2026-00557,Procurement & Logistics,Office Supplies & Printing,BGT-2026-PRL-OPX,9770000.00,2026-07-01,Awarded,
PR-2026-00496,Executive Admin,Software & Licenses,BGT-2026-EXA-OPX,1070000.00,2026-07-03,Awarded,
PR-2026-00169,Lending Operations,IT Hardware & Infrastructure,BGT-2026-LEN-CPX,36630000.00,2026-07-04,Awarded,
PR-2026-00474,IT & Infrastructure,IT Hardware & Infrastructure,BGT-2026-ITI-CPX,41480000.00,2026-07-04,Awarded,
PR-2026-00155,Procurement & Logistics,Office Supplies & Printing,BGT-2026-PRL-OPX,24730000.00,2026-07-06,Awarded,
PR-2026-00669,IT & Infrastructure,Software & Licenses,BGT-2026-ITI-OPX,9460000.00,2026-07-06,Awarded,
PR-2026-00680,IT & Infrastructure,Software & Licenses,BGT-2026-ITI-OPX,41090000.00,2026-07-06,Awarded,
PR-2026-00734,Lending Operations,Field Survey & Logistics,BGT-2026-LEN-OPX,17180000.00,2026-07-06,Awarded,
PR-2026-00033,Lending Operations,"Media, PR & Professional Services",BGT-2026-LEN-PFE,16640000.00,2026-07-07,Awarded,
PR-2026-00204,Risk & Compliance,Software & Licenses,BGT-2026-RSC-OPX,5450000.00,2026-07-07,Bidding,
PR-2026-00318,Procurement & Logistics,Office Supplies & Printing,BGT-2026-PRL-OPX,35520000.00,2026-07-07,Awarded,
PR-2026-00780,IT & Infrastructure,Field Survey & Logistics,BGT-2026-ITI-OPX,3720000.00,2026-07-07,Awarded,
PR-2026-00504,Lending Operations,Office Supplies & Printing,BGT-2026-LEN-OPX,36490000.00,2026-07-08,Awarded,
PR-2026-00135,Procurement & Logistics,Software & Licenses,BGT-2026-PRL-OPX,29100000.00,2026-07-09,Awarded,
PR-2026-00218,Risk & Compliance,IT Hardware & Infrastructure,BGT-2026-RSC-CPX,18870000.00,2026-07-09,Bidding,
PR-2026-00573,Risk & Compliance,Office Supplies & Printing,BGT-2026-RSC-OPX,10400000.00,2026-07-09,Awarded,
PR-2026-00097,Executive Admin,IT Hardware & Infrastructure,BGT-2026-EXA-CPX,24210000.00,2026-07-10,Awarded,
PR-2026-00440,Procurement & Logistics,IT Hardware & Infrastructure,BGT-2026-PRL-CPX,3130000.00,2026-07-10,Awarded,
PR-2026-00260,Procurement & Logistics,IT Hardware & Infrastructure,BGT-2026-PRL-CPX,42440000.00,2026-07-11,Bidding,
PR-2026-00320,Procurement & Logistics,Software & Licenses,BGT-2026-PRL-OPX,36330000.00,2026-07-11,Awarded,
PR-2026-00410,Procurement & Logistics,Office Supplies & Printing,BGT-2026-PRL-OPX,22390000.00,2026-07-11,Bidding,
PR-2026-00544,Risk & Compliance,Software & Licenses,BGT-2026-RSC-OPX,22180000.00,2026-07-11,Awarded,
PR-2026-00696,Risk & Compliance,Software & Licenses,BGT-2026-RSC-OPX,29930000.00,2026-07-13,Awarded,
PR-2026-00759,Executive Admin,IT Hardware & Infrastructure,BGT-2026-EXA-CPX,25560000.00,2026-07-13,Awarded,
PR-2026-00770,Procurement & Logistics,Software & Licenses,BGT-2026-PRL-OPX,43700000.00,2026-07-13,Awarded,
PR-2026-00726,Procurement & Logistics,Office Supplies & Printing,BGT-2026-PRL-OPX,43690000.00,2026-07-15,Awarded,
PR-2026-00758,Lending Operations,Software & Licenses,BGT-2026-LEN-OPX,23440000.00,2026-07-15,Bidding,
PR-2026-00376,Procurement & Logistics,Field Survey & Logistics,BGT-2026-PRL-OPX,12890000.00,2026-07-17,Awarded,
PR-2026-00695,IT & Infrastructure,Field Survey & Logistics,BGT-2026-ITI-OPX,43290000.00,2026-07-18,Awarded,
PR-2026-00443,IT & Infrastructure,Office Supplies & Printing,BGT-2026-ITI-OPX,5640000.00,2026-07-21,Awarded,
PR-2026-00196,Risk & Compliance,Office Supplies & Printing,BGT-2026-RSC-OPX,7590000.00,2026-07-22,Awarded,
PR-2026-00633,Risk & Compliance,"Media, PR & Professional Services",BGT-2026-RSC-PFE,29110000.00,2026-07-22,Awarded,
PR-2026-00778,Executive Admin,Field Survey & Logistics,BGT-2026-EXA-OPX,23280000.00,2026-07-22,Awarded,
PR-2026-00130,Risk & Compliance,Office Supplies & Printing,BGT-2026-RSC-OPX,23620000.00,2026-07-23,Awarded,
PR-2026-00161,Executive Admin,Field Survey & Logistics,BGT-2026-EXA-OPX,3210000.00,2026-07-23,Awarded,
PR-2026-00613,Executive Admin,Office Supplies & Printing,BGT-2026-EXA-OPX,6350000.00,2026-07-23,Awarded,
PR-2026-00775,Risk & Compliance,Software & Licenses,BGT-2026-RSC-OPX,20140000.00,2026-07-23,Awarded,
PR-2026-00745,Executive Admin,Field Survey & Logistics,BGT-2026-EXA-OPX,25130000.00,2026-07-24,Bidding,
PR-2026-00073,IT & Infrastructure,Software & Licenses,BGT-2026-ITI-OPX,32140000.00,2026-07-26,Awarded,
PR-2026-00324,Risk & Compliance,Office Supplies & Printing,BGT-2026-RSC-OPX,38220000.00,2026-07-26,Awarded,
PR-2026-00110,IT & Infrastructure,Software & Licenses,BGT-2026-ITI-OPX,14590000.00,2026-07-27,Bidding,
PR-2026-00188,Procurement & Logistics,Field Survey & Logistics,BGT-2026-PRL-OPX,17400000.00,2026-07-27,Awarded,
PR-2026-00761,Procurement & Logistics,Software & Licenses,BGT-2026-PRL-OPX,41410000.00,2026-07-28,Awarded,
PR-2026-00583,IT & Infrastructure,Software & Licenses,BGT-2026-ITI-OPX,13120000.00,2026-07-29,Awarded,
PR-2026-00725,Risk & Compliance,Field Survey & Logistics,BGT-2026-RSC-OPX,14820000.00,2026-07-30,Awarded,
PR-2026-00212,Risk & Compliance,Field Survey & Logistics,BGT-2026-RSC-OPX,40540000.00,2026-07-31,Awarded,
PR-2026-00201,Procurement & Logistics,Office Supplies & Printing,BGT-2026-PRL-OPX,27960000.00,2026-08-01,Awarded,
PR-2026-00211,Risk & Compliance,Office Supplies & Printing,BGT-2026-RSC-OPX,20730000.00,2026-08-01,Bidding,
PR-2026-00270,IT & Infrastructure,Software & Licenses,BGT-2026-ITI-OPX,42890000.00,2026-08-02,Awarded,
PR-2026-00174,IT & Infrastructure,Software & Licenses,BGT-2026-ITI-OPX,32960000.00,2026-08-03,Awarded,
PR-2026-00671,Risk & Compliance,"Media, PR & Professional Services",BGT-2026-RSC-PFE,1240000.00,2026-08-03,Awarded,
