award_id,requisition_id,vendor_id,awarded_value,award_date
AWD-2026-00001,PR-2026-00001,PRC-VND-0117,13512000.0,2026-07-09
AWD-2025-00002,PR-2025-00002,PRC-VND-0024,38641000.0,2025-08-17
AWD-2026-00003,PR-2025-00003,PRC-VND-0027,36977000.0,2026-01-03
AWD-2025-00004,PR-2025-00004,PRC-VND-0082,31800000.0,2025-02-26
AWD-2025-00005,PR-2025-00006,PRC-VND-0092,32493000.0,2025-07-31
AWD-2025-00006,PR-2025-00007,PRC-VND-0091,39215000.0,2025-11-07
AWD-2025-00007,PR-2025-00008,PRC-VND-0124,33052000.0,2025-12-05
AWD-2025-00008,PR-2025-00009,PRC-VND-0100,12306000.0,2025-09-14
AWD-2025-00009,PR-2025-00010,PRC-VND-0102,19981000.0,2025-09-26
AWD-2026-00010,PR-2026-00011,PRC-VND-0102,17932000.0,2026-05-15
AWD-2025-00011,PR-2025-00012,PRC-VND-0130,9453000.0,2025-09-22
AWD-2025-00012,PR-2025-00013,PRC-VND-0013,28457000.0,2025-12-14
AWD-2025-00013,PR-2025-00014,PRC-VND-0022,13705000.0,2025-06-22
AWD-2024-00014,PR-2024-00015,PRC-VND-0097,39390000.0,2024-09-25
AWD-2025-00015,PR-2025-00016,PRC-VND-0025,13242000.0,2025-10-23
AWD-2025-00016,PR-2025-00017,PRC-VND-0066,4759000.0,2025-11-18
AWD-2025-00017,PR-2025-00018,PRC-VND-0025,9041000.0,2025-12-23
AWD-2026-00018,PR-2026-00019,PRC-VND-0033,33753000.0,2026-03-17
AWD-2025-00019,PR-2025-00021,PRC-VND-0087,19559000.0,2025-02-04
AWD-2025-00020,PR-2025-00022,PRC-VND-0042,29012000.0,2025-10-08
AWD-2026-00021,PR-2026-00023,PRC-VND-0061,32783000.0,2026-01-30
AWD-2025-00022,PR-2025-00024,PRC-VND-0049,9308000.0,2025-05-13
AWD-2025-00023,PR-2025-00025,PRC-VND-0082,1718000.0,2025-07-21
AWD-2025-00024,PR-2025-00026,PRC-VND-0057,17306000.0,2025-02-08
AWD-2024-00025,PR-2024-00027,PRC-VND-0002,3967000.0,2024-10-10
AWD-2025-00026,PR-2025-00028,PRC-VND-0013,21111000.0,2025-08-24
AWD-2024-00027,PR-2024-00029,PRC-VND-0088,20818000.0,2024-08-31
AWD-2024-00028,PR-2024-00030,PRC-VND-0015,10007000.0,2024-10-28
AWD-2024-00029,PR-2024-00031,PRC-VND-0148,30709000.0,2024-11-01
AWD-2024-00030,PR-2024-00032,PRC-VND-0009,3759000.0,2024-10-23
AWD-2026-00031,PR-2026-00033,PRC-VND-0108,16472000.0,2026-07-22
AWD-2025-00032,PR-2025-00034,PRC-VND-0051,11246000.0,2025-09-06
AWD-2025-00033,PR-2025-00035,PRC-VND-0001,18836000.0,2025-02-13
AWD-2025-00034,PR-2025-00036,PRC-VND-0071,20886000.0,2025-11-24
AWD-2026-00035,PR-2026-00037,PRC-VND-0139,8608000.0,2026-01-13
AWD-2025-00036,PR-2025-00038,PRC-VND-0130,30514000.0,2025-09-02
AWD-2025-00037,PR-2025-00039,PRC-VND-0015,40554000.0,2025-03-26
AWD-2025-00038,PR-2025-00040,PRC-VND-0070,14868000.0,2025-08-12
AWD-2026-00039,PR-2025-00042,PRC-VND-0077,22774000.0,2026-01-09
AWD-2026-00040,PR-2026-00043,PRC-VND-0131,20954000.0,2026-02-16
AWD-2026-00041,PR-2026-00046,PRC-VND-0048,29165000.0,2026-04-30
AWD-2026-00042,PR-2026-00051,PRC-VND-0025,31522000.0,2026-03-28
AWD-2025-00043,PR-2025-00053,PRC-VND-0027,34726000.0,2025-12-26
AWD-2024-00044,PR-2024-00056,PRC-VND-0059,5253000.0,2024-12-05
AWD-2024-00045,PR-2024-00057,PRC-VND-0139,17402000.0,2024-12-28
AWD-2025-00046,PR-2025-00058,PRC-VND-0104,27553000.0,2025-07-25
AWD-2025-00047,PR-2025-00059,PRC-VND-0012,28994000.0,2025-08-28
AWD-2025-00048,PR-2024-00060,PRC-VND-0045,33329000.0,2025-01-01
AWD-2026-00049,PR-2026-00061,PRC-VND-0129,38111000.0,2026-04-02
AWD-2025-00050,PR-2025-00062,PRC-VND-0132,7726000.0,2025-11-16
AWD-2025-00051,PR-2025-00065,PRC-VND-0076,3726000.0,2025-02-01
AWD-2026-00052,PR-2026-00066,PRC-VND-0005,9066000.0,2026-07-11
AWD-2025-00053,PR-2025-00067,PRC-VND-0123,33219000.0,2025-02-28
AWD-2024-00054,PR-2024-00069,PRC-VND-0080,21129000.0,2024-10-23
AWD-2024-00055,PR-2024-00070,PRC-VND-0004,25071000.0,2024-09-18
AWD-2025-00056,PR-2025-00071,PRC-VND-0132,16175000.0,2025-09-28
AWD-2024-00057,PR-2024-00072,PRC-VND-0083,32602000.0,2024-11-30
AWD-2026-00058,PR-2026-00073,PRC-VND-0116,32985000.0,2026-08-13
AWD-2024-00059,PR-2024-00077,PRC-VND-0043,44338000.0,2024-09-11
AWD-2025-00060,PR-2025-00078,PRC-VND-0139,20140000.0,2025-09-03
AWD-2026-00061,PR-2026-00079,PRC-VND-0082,462000.0,2026-01-26
AWD-2024-00062,PR-2024-00082,PRC-VND-0066,18855000.0,2024-12-13
AWD-2025-00063,PR-2025-00083,PRC-VND-0049,23596000.0,2025-04-21
AWD-2024-00064,PR-2024-00086,PRC-VND-0094,24912000.0,2024-10-15
AWD-2024-00065,PR-2024-00087,PRC-VND-0106,24578000.0,2024-09-23
AWD-2024-00066,PR-2024-00088,PRC-VND-0012,2693000.0,2024-12-01
AWD-2025-00067,PR-2025-00090,PRC-VND-0042,11487000.0,2025-12-10
AWD-2025-00068,PR-2025-00091,PRC-VND-0143,34545000.0,2025-05-03
AWD-2026-00069,PR-2026-00092,PRC-VND-0026,11147000.0,2026-03-12
AWD-2026-00070,PR-2026-00093,PRC-VND-0093,8370000.0,2026-01-17
AWD-2025-00071,PR-2025-00094,PRC-VND-0122,32078000.0,2025-11-06
AWD-2024-00072,PR-2024-00096,PRC-VND-0034,38611000.0,2024-10-07
AWD-2026-00073,PR-2026-00097,PRC-VND-0098,22079000.0,2026-07-24
AWD-2026-00074,PR-2025-00099,PRC-VND-0104,7955000.0,2026-01-14
AWD-2024-00075,PR-2024-00100,PRC-VND-0052,44680000.0,2024-09-27
AWD-2024-00076,PR-2024-00102,PRC-VND-0150,2574000.0,2024-12-30
AWD-2026-00077,PR-2026-00103,PRC-VND-0110,25822000.0,2026-06-16
AWD-2026-00078,PR-2026-00104,PRC-VND-0065,22904000.0,2026-02-08
AWD-2025-00079,PR-2025-00107,PRC-VND-0042,6573000.0,2025-08-21
AWD-2026-00080,PR-2026-00111,PRC-VND-0085,13529000.0,2026-07-05
AWD-2026-00081,PR-2025-00113,PRC-VND-0076,31665000.0,2026-01-03
AWD-2024-00082,PR-2024-00114,PRC-VND-0125,17098000.0,2024-12-11
AWD-2025-00083,PR-2025-00115,PRC-VND-0019,37681000.0,2025-12-06
AWD-2025-00084,PR-2025-00118,PRC-VND-0128,10358000.0,2025-06-26
AWD-2025-00085,PR-2025-00119,PRC-VND-0135,14508000.0,2025-09-11
AWD-2025-00086,PR-2025-00120,PRC-VND-0011,21168000.0,2025-03-31
AWD-2025-00087,PR-2025-00121,PRC-VND-0086,36779000.0,2025-04-10
AWD-2025-00088,PR-2025-00122,PRC-VND-0088,17587000.0,2025-08-24
AWD-2026-00089,PR-2026-00123,PRC-VND-0115,41522000.0,2026-07-04
AWD-2024-00090,PR-2024-00124,PRC-VND-0027,42836000.0,2024-10-09
AWD-2026-00091,PR-2026-00125,PRC-VND-0033,7483000.0,2026-07-06
AWD-2024-00092,PR-2024-00126,PRC-VND-0140,35228000.0,2024-12-28
AWD-2025-00093,PR-2025-00127,PRC-VND-0138,34229000.0,2025-04-14
AWD-2025-00094,PR-2025-00128,PRC-VND-0115,33966000.0,2025-07-03
AWD-2025-00095,PR-2025-00129,PRC-VND-0143,44751000.0,2025-03-09
AWD-2026-00096,PR-2026-00130,PRC-VND-0100,24574000.0,2026-08-09
AWD-2025-00097,PR-2025-00131,PRC-VND-0100,9945000.0,2025-12-08
AWD-2024-00098,PR-2024-00133,PRC-VND-0038,34814000.0,2024-08-28
AWD-2026-00099,PR-2026-00135,PRC-VND-0100,26414000.0,2026-07-26
AWD-2026-00100,PR-2026-00136,PRC-VND-0109,23773000.0,2026-05-17
AWD-2026-00101,PR-2025-00137,PRC-VND-0065,43172000.0,2026-01-14
AWD-2024-00102,PR-2024-00139,PRC-VND-0108,35291000.0,2024-09-09
AWD-2025-00103,PR-2024-00141,PRC-VND-0008,22566000.0,2025-01-07
AWD-2024-00104,PR-2024-00142,PRC-VND-0091,38731000.0,2024-09-25
AWD-2025-00105,PR-2025-00144,PRC-VND-0101,22426000.0,2025-03-17
AWD-2026-00106,PR-2026-00145,PRC-VND-0067,28453000.0,2026-06-16
AWD-2024-00107,PR-2024-00147,PRC-VND-0045,20279000.0,2024-11-10
AWD-2024-00108,PR-2024-00148,PRC-VND-0150,2215000.0,2024-08-24
AWD-2025-00109,PR-2025-00149,PRC-VND-0106,931000.0,2025-07-07
AWD-2025-00110,PR-2025-00150,PRC-VND-0020,25746000.0,2025-10-17
AWD-2026-00111,PR-2025-00152,PRC-VND-0057,28280000.0,2026-01-01
AWD-2026-00112,PR-2026-00155,PRC-VND-0054,23308000.0,2026-07-20
AWD-2025-00113,PR-2025-00156,PRC-VND-0132,19972000.0,2025-10-21
AWD-2026-00114,PR-2026-00157,PRC-VND-0075,25888000.0,2026-03-29
AWD-2025-00115,PR-2025-00159,PRC-VND-0090,10319000.0,2025-04-15
AWD-2025-00116,PR-2025-00160,PRC-VND-0070,29588000.0,2025-05-27
AWD-2026-00117,PR-2026-00161,PRC-VND-0091,2969000.0,2026-08-10
AWD-2025-00118,PR-2025-00163,PRC-VND-0103,19420000.0,2025-06-18
AWD-2026-00119,PR-2026-00164,PRC-VND-0140,3494000.0,2026-06-16
AWD-2026-00120,PR-2026-00166,PRC-VND-0075,40918000.0,2026-07-11
AWD-2026-00121,PR-2026-00169,PRC-VND-0001,33361000.0,2026-07-24
AWD-2025-00122,PR-2025-00170,PRC-VND-0078,32616000.0,2025-12-01
AWD-2025-00123,PR-2025-00171,PRC-VND-0128,6621000.0,2025-02-12
AWD-2025-00124,PR-2025-00172,PRC-VND-0062,31426000.0,2025-05-07
AWD-2026-00125,PR-2026-00174,PRC-VND-0150,33739000.0,2026-08-21
AWD-2025-00126,PR-2025-00176,PRC-VND-0072,28882000.0,2025-07-31
AWD-2025-00127,PR-2024-00179,PRC-VND-0118,12040000.0,2025-01-09
AWD-2025-00128,PR-2025-00181,PRC-VND-0108,18357000.0,2025-06-11
AWD-2026-00129,PR-2026-00182,PRC-VND-0137,13597000.0,2026-04-03
AWD-2024-00130,PR-2024-00183,PRC-VND-0039,15816000.0,2024-09-09
AWD-2026-00131,PR-2026-00184,PRC-VND-0111,27679000.0,2026-01-25
AWD-2024-00132,PR-2024-00185,PRC-VND-0051,26949000.0,2024-09-02
AWD-2025-00133,PR-2025-00186,PRC-VND-0093,19888000.0,2025-12-27
AWD-2026-00134,PR-2026-00188,PRC-VND-0129,17167000.0,2026-08-14
AWD-2025-00135,PR-2025-00189,PRC-VND-0001,36938000.0,2025-02-11
AWD-2024-00136,PR-2024-00190,PRC-VND-0034,13235000.0,2024-10-24
AWD-2025-00137,PR-2024-00191,PRC-VND-0074,36450000.0,2025-01-08
AWD-2025-00138,PR-2025-00192,PRC-VND-0032,25387000.0,2025-04-21
AWD-2026-00139,PR-2025-00194,PRC-VND-0082,15520000.0,2026-01-05
AWD-2025-00140,PR-2025-00195,PRC-VND-0070,44552000.0,2025-09-20
AWD-2026-00141,PR-2026-00196,PRC-VND-0090,7943000.0,2026-08-06
AWD-2025-00142,PR-2025-00197,PRC-VND-0063,21669000.0,2025-02-11
AWD-2025-00143,PR-2025-00199,PRC-VND-0107,35629000.0,2025-10-25
AWD-2025-00144,PR-2025-00200,PRC-VND-0100,31508000.0,2025-05-03
AWD-2026-00145,PR-2026-00201,PRC-VND-0056,26002000.0,2026-08-13
AWD-2026-00146,PR-2026-00202,PRC-VND-0123,26113000.0,2026-02-24
AWD-2025-00147,PR-2025-00203,PRC-VND-0096,3964000.0,2025-11-06
AWD-2025-00148,PR-2025-00205,PRC-VND-0150,6050000.0,2025-09-27
AWD-2025-00149,PR-2025-00207,PRC-VND-0067,15343000.0,2025-09-14
AWD-2025-00150,PR-2025-00208,PRC-VND-0117,28112000.0,2025-12-19
AWD-2025-00151,PR-2025-00210,PRC-VND-0042,39134000.0,2025-10-24
AWD-2026-00152,PR-2026-00212,PRC-VND-0084,40243000.0,2026-08-20
AWD-2025-00153,PR-2025-00213,PRC-VND-0145,28714000.0,2025-04-27
AWD-2025-00154,PR-2025-00214,PRC-VND-0060,40591000.0,2025-01-18
AWD-2026-00155,PR-2026-00215,PRC-VND-0142,18857000.0,2026-01-31
AWD-2025-00156,PR-2025-00216,PRC-VND-0112,26160000.0,2025-11-16
AWD-2025-00157,PR-2025-00217,PRC-VND-0014,25396000.0,2025-02-13
AWD-2025-00158,PR-2025-00220,PRC-VND-0065,38729000.0,2025-02-02
AWD-2026-00159,PR-2026-00223,PRC-VND-0138,10633000.0,2026-04-29
AWD-2025-00160,PR-2025-00224,PRC-VND-0074,4098000.0,2025-07-06
AWD-2025-00161,PR-2024-00225,PRC-VND-0009,34507000.0,2025-01-01
AWD-2026-00162,PR-2026-00226,PRC-VND-0086,37709000.0,2026-04-05
AWD-2026-00163,PR-2026-00227,PRC-VND-0077,32420000.0,2026-03-06
AWD-2025-00164,PR-2025-00228,PRC-VND-0019,26688000.0,2025-12-31
AWD-2025-00165,PR-2025-00229,PRC-VND-0061,6053000.0,2025-11-03
AWD-2026-00166,PR-2026-00230,PRC-VND-0051,9500000.0,2026-05-23
AWD-2024-00167,PR-2024-00231,PRC-VND-0059,10655000.0,2024-09-20
AWD-2024-00168,PR-2024-00233,PRC-VND-0104,22453000.0,2024-10-06
AWD-2025-00169,PR-2025-00234,PRC-VND-0050,6651000.0,2025-06-11
AWD-2025-00170,PR-2025-00235,PRC-VND-0003,28369000.0,2025-02-05
AWD-2026-00171,PR-2026-00236,PRC-VND-0141,1821000.0,2026-07-13
AWD-2025-00172,PR-2025-00237,PRC-VND-0079,24080000.0,2025-09-27
AWD-2026-00173,PR-2026-00238,PRC-VND-0134,23903000.0,2026-02-20
AWD-2026-00174,PR-2026-00239,PRC-VND-0084,35573000.0,2026-05-01
AWD-2025-00175,PR-2025-00240,PRC-VND-0150,20231000.0,2025-05-25
AWD-2025-00176,PR-2024-00241,PRC-VND-0038,20172000.0,2025-01-19
AWD-2025-00177,PR-2025-00242,PRC-VND-0005,23350000.0,2025-09-18
AWD-2025-00178,PR-2025-00243,PRC-VND-0047,4953000.0,2025-03-21
AWD-2025-00179,PR-2025-00244,PRC-VND-0021,36197000.0,2025-11-21
AWD-2024-00180,PR-2024-00245,PRC-VND-0009,13115000.0,2024-12-26
AWD-2026-00181,PR-2026-00246,PRC-VND-0149,6732000.0,2026-01-31
AWD-2024-00182,PR-2024-00247,PRC-VND-0085,26635000.0,2024-09-24
AWD-2026-00183,PR-2026-00250,PRC-VND-0146,22414000.0,2026-06-06
AWD-2025-00184,PR-2025-00252,PRC-VND-0041,32423000.0,2025-12-31
AWD-2026-00185,PR-2025-00253,PRC-VND-0035,33535000.0,2026-01-15
AWD-2026-00186,PR-2026-00254,PRC-VND-0135,23039000.0,2026-06-14
AWD-2025-00187,PR-2025-00256,PRC-VND-0122,11122000.0,2025-05-10
AWD-2025-00188,PR-2025-00257,PRC-VND-0059,25501000.0,2025-03-09
AWD-2024-00189,PR-2024-00258,PRC-VND-0050,34801000.0,2024-12-11
AWD-2026-00190,PR-2026-00259,PRC-VND-0145,19219000.0,2026-03-07
AWD-2026-00191,PR-2026-00261,PRC-VND-0142,27549000.0,2026-04-23
AWD-2025-00192,PR-2025-00264,PRC-VND-0130,14094000.0,2025-09-04
AWD-2025-00193,PR-2024-00265,PRC-VND-0082,29517000.0,2025-01-02
AWD-2026-00194,PR-2026-00266,PRC-VND-0079,21647000.0,2026-04-29
AWD-2025-00195,PR-2025-00267,PRC-VND-0141,45518000.0,2025-09-19
AWD-2025-00196,PR-2025-00268,PRC-VND-0134,3306000.0,2025-11-18
AWD-2026-00197,PR-2026-00270,PRC-VND-0039,39751000.0,2026-08-22
AWD-2025-00198,PR-2024-00271,PRC-VND-0088,32447000.0,2025-01-07
AWD-2026-00199,PR-2026-00272,PRC-VND-0041,9878000.0,2026-05-27
AWD-2025-00200,PR-2025-00273,PRC-VND-0096,10311000.0,2025-10-23
AWD-2026-00201,PR-2025-00274,PRC-VND-0049,33462000.0,2026-01-08
AWD-2026-00202,PR-2026-00275,PRC-VND-0039,32426000.0,2026-06-10
AWD-2025-00203,PR-2025-00276,PRC-VND-0031,24343000.0,2025-06-04
AWD-2025-00204,PR-2025-00277,PRC-VND-0136,14171000.0,2025-08-13
AWD-2025-00205,PR-2025-00279,PRC-VND-0094,31881000.0,2025-03-03
AWD-2026-00206,PR-2026-00281,PRC-VND-0093,34480000.0,2026-06-25
AWD-2026-00207,PR-2026-00283,PRC-VND-0116,29617000.0,2026-03-12
AWD-2025-00208,PR-2025-00284,PRC-VND-0025,30700000.0,2025-03-22
AWD-2026-00209,PR-2026-00286,PRC-VND-0044,14895000.0,2026-03-17
AWD-2024-00210,PR-2024-00287,PRC-VND-0074,11216000.0,2024-09-17
AWD-2024-00211,PR-2024-00288,PRC-VND-0029,17798000.0,2024-10-12
AWD-2025-00212,PR-2025-00289,PRC-VND-0069,33431000.0,2025-10-30
AWD-2026-00213,PR-2026-00290,PRC-VND-0103,17741000.0,2026-07-15
AWD-2025-00214,PR-2025-00295,PRC-VND-0134,4734000.0,2025-09-24
AWD-2025-00215,PR-2025-00296,PRC-VND-0012,8974000.0,2025-07-02
AWD-2025-00216,PR-2025-00297,PRC-VND-0024,2787000.0,2025-08-11
AWD-2025-00217,PR-2025-00300,PRC-VND-0113,29159000.0,2025-09-26
AWD-2024-00218,PR-2024-00301,PRC-VND-0134,32476000.0,2024-12-11
AWD-2024-00219,PR-2024-00302,PRC-VND-0046,20815000.0,2024-10-13
AWD-2024-00220,PR-2024-00303,PRC-VND-0049,20962000.0,2024-12-12
AWD-2026-00221,PR-2026-00304,PRC-VND-0144,5462000.0,2026-01-23
AWD-2025-00222,PR-2025-00305,PRC-VND-0085,20912000.0,2025-11-24
AWD-2024-00223,PR-2024-00307,PRC-VND-0084,24735000.0,2024-08-27
AWD-2025-00224,PR-2025-00308,PRC-VND-0109,30608000.0,2025-09-09
AWD-2024-00225,PR-2024-00309,PRC-VND-0137,9101000.0,2024-09-20
AWD-2024-00226,PR-2024-00310,PRC-VND-0046,6897000.0,2024-12-12
AWD-2024-00227,PR-2024-00313,PRC-VND-0084,35257000.0,2024-09-07
AWD-2025-00228,PR-2025-00315,PRC-VND-0106,27006000.0,2025-09-20
AWD-2026-00229,PR-2026-00316,PRC-VND-0020,22066000.0,2026-04-15
AWD-2026-00230,PR-2026-00317,PRC-VND-0083,27022000.0,2026-05-22
AWD-2026-00231,PR-2026-00318,PRC-VND-0049,32344000.0,2026-07-22
AWD-2025-00232,PR-2025-00319,PRC-VND-0056,5700000.0,2025-08-16
AWD-2026-00233,PR-2026-00320,PRC-VND-0034,37700000.0,2026-07-24
AWD-2024-00234,PR-2024-00321,PRC-VND-0135,2287000.0,2024-09-18
AWD-2026-00235,PR-2026-00322,PRC-VND-0147,6224000.0,2026-02-01
AWD-2026-00236,PR-2026-00324,PRC-VND-0030,38152000.0,2026-08-15
AWD-2026-00237,PR-2026-00325,PRC-VND-0134,28330000.0,2026-03-02
AWD-2025-00238,PR-2025-00326,PRC-VND-0071,39121000.0,2025-03-30
AWD-2024-00239,PR-2024-00327,PRC-VND-0073,17192000.0,2024-11-26
AWD-2025-00240,PR-2025-00328,PRC-VND-0048,25684000.0,2025-08-19
AWD-2025-00241,PR-2025-00329,PRC-VND-0004,14536000.0,2025-03-20
AWD-2026-00242,PR-2026-00330,PRC-VND-0120,20709000.0,2026-04-09
AWD-2026-00243,PR-2026-00331,PRC-VND-0139,13110000.0,2026-07-02
AWD-2025-00244,PR-2025-00332,PRC-VND-0054,5893000.0,2025-12-15
AWD-2026-00245,PR-2026-00333,PRC-VND-0072,603000.0,2026-05-05
AWD-2024-00246,PR-2024-00334,PRC-VND-0129,41207000.0,2024-11-24
AWD-2025-00247,PR-2025-00335,PRC-VND-0040,35398000.0,2025-02-28
AWD-2024-00248,PR-2024-00337,PRC-VND-0048,35513000.0,2024-11-08
AWD-2024-00249,PR-2024-00339,PRC-VND-0008,1297000.0,2024-09-19
AWD-2026-00250,PR-2026-00340,PRC-VND-0087,27174000.0,2026-04-03
AWD-2024-00251,PR-2024-00341,PRC-VND-0093,39723000.0,2024-10-14
AWD-2024-00252,PR-2024-00343,PRC-VND-0059,27585000.0,2024-09-21
AWD-2025-00253,PR-2025-00344,PRC-VND-0112,18140000.0,2025-07-08
AWD-2025-00254,PR-2025-00346,PRC-VND-0133,9700000.0,2025-05-13
AWD-2024-00255,PR-2024-00347,PRC-VND-0073,21492000.0,2024-08-26
AWD-2025-00256,PR-2025-00348,PRC-VND-0135,2278000.0,2025-03-28
AWD-2025-00257,PR-2025-00349,PRC-VND-0034,14276000.0,2025-04-16
AWD-2025-00258,PR-2025-00351,PRC-VND-0086,10682000.0,2025-02-26
AWD-2025-00259,PR-2025-00352,PRC-VND-0033,26743000.0,2025-11-06
AWD-2026-00260,PR-2026-00353,PRC-VND-0038,7748000.0,2026-01-22
AWD-2025-00261,PR-2025-00354,PRC-VND-0086,30146000.0,2025-07-25
AWD-2025-00262,PR-2025-00355,PRC-VND-0106,19740000.0,2025-06-24
AWD-2024-00263,PR-2024-00357,PRC-VND-0135,20135000.0,2024-09-15
AWD-2024-00264,PR-2024-00359,PRC-VND-0064,28745000.0,2024-12-22
AWD-2024-00265,PR-2024-00362,PRC-VND-0029,27452000.0,2024-09-17
AWD-2026-00266,PR-2026-00363,PRC-VND-0123,26085000.0,2026-06-12
AWD-2025-00267,PR-2024-00364,PRC-VND-0022,27561000.0,2025-01-03
AWD-2025-00268,PR-2025-00365,PRC-VND-0122,14801000.0,2025-11-13
AWD-2026-00269,PR-2026-00367,PRC-VND-0136,35103000.0,2026-04-03
AWD-2024-00270,PR-2024-00368,PRC-VND-0044,38027000.0,2024-11-27
AWD-2024-00271,PR-2024-00370,PRC-VND-0075,44226000.0,2024-11-12
AWD-2026-00272,PR-2026-00373,PRC-VND-0061,12653000.0,2026-03-15
AWD-2024-00273,PR-2024-00374,PRC-VND-0047,18105000.0,2024-12-20
AWD-2026-00274,PR-2026-00376,PRC-VND-0076,12921000.0,2026-08-05
AWD-2025-00275,PR-2025-00377,PRC-VND-0146,21144000.0,2025-04-04
AWD-2024-00276,PR-2024-00378,PRC-VND-0122,17451000.0,2024-08-30
AWD-2025-00277,PR-2025-00380,PRC-VND-0129,6433000.0,2025-06-18
AWD-2025-00278,PR-2025-00381,PRC-VND-0033,44971000.0,2025-02-10
AWD-2026-00279,PR-2026-00382,PRC-VND-0017,35092000.0,2026-03-21
AWD-2025-00280,PR-2025-00383,PRC-VND-0119,32468000.0,2025-10-04
AWD-2026-00281,PR-2025-00384,PRC-VND-0084,35020000.0,2026-01-02
AWD-2025-00282,PR-2025-00386,PRC-VND-0103,46267000.0,2025-07-31
AWD-2024-00283,PR-2024-00387,PRC-VND-0022,37718000.0,2024-09-01
AWD-2024-00284,PR-2024-00388,PRC-VND-0026,15484000.0,2024-11-26
AWD-2026-00285,PR-2026-00389,PRC-VND-0135,6119000.0,2026-05-26
AWD-2024-00286,PR-2024-00390,PRC-VND-0117,21703000.0,2024-10-16
AWD-2026-00287,PR-2026-00391,PRC-VND-0006,39540000.0,2026-03-09
AWD-2025-00288,PR-2025-00393,PRC-VND-0088,20973000.0,2025-06-15
AWD-2025-00289,PR-2025-00395,PRC-VND-0023,31752000.0,2025-02-14
AWD-2025-00290,PR-2025-00396,PRC-VND-0021,14496000.0,2025-12-11
AWD-2025-00291,PR-2025-00397,PRC-VND-0012,2137000.0,2025-09-27
AWD-2025-00292,PR-2025-00402,PRC-VND-0055,42394000.0,2025-09-05
AWD-2025-00293,PR-2025-00404,PRC-VND-0074,2470000.0,2025-02-15
AWD-2026-00294,PR-2026-00405,PRC-VND-0143,28165000.0,2026-04-15
AWD-2025-00295,PR-2025-00406,PRC-VND-0048,21623000.0,2025-12-09
AWD-2024-00296,PR-2024-00407,PRC-VND-0125,40925000.0,2024-09-26
AWD-2025-00297,PR-2025-00408,PRC-VND-0055,28981000.0,2025-04-05
AWD-2024-00298,PR-2024-00409,PRC-VND-0037,24601000.0,2024-10-19
AWD-2024-00299,PR-2024-00411,PRC-VND-0059,32047000.0,2024-09-13
AWD-2025-00300,PR-2025-00412,PRC-VND-0029,20036000.0,2025-10-09
AWD-2025-00301,PR-2025-00413,PRC-VND-0080,37794000.0,2025-08-03
AWD-2024-00302,PR-2024-00414,PRC-VND-0011,1575000.0,2024-09-21
AWD-2025-00303,PR-2025-00417,PRC-VND-0131,12626000.0,2025-04-21
AWD-2025-00304,PR-2025-00418,PRC-VND-0073,35939000.0,2025-10-04
AWD-2025-00305,PR-2025-00419,PRC-VND-0012,10988000.0,2025-11-25
AWD-2025-00306,PR-2025-00420,PRC-VND-0139,5393000.0,2025-08-06
AWD-2025-00307,PR-2025-00421,PRC-VND-0071,24177000.0,2025-09-17
AWD-2026-00308,PR-2026-00423,PRC-VND-0029,42010000.0,2026-03-02
AWD-2025-00309,PR-2025-00424,PRC-VND-0038,20981000.0,2025-07-24
AWD-2024-00310,PR-2024-00425,PRC-VND-0054,9746000.0,2024-11-13
AWD-2026-00311,PR-2026-00427,PRC-VND-0060,32494000.0,2026-05-11
AWD-2025-00312,PR-2025-00428,PRC-VND-0142,22096000.0,2025-09-14
AWD-2026-00313,PR-2026-00430,PRC-VND-0137,10067000.0,2026-03-07
AWD-2025-00314,PR-2025-00431,PRC-VND-0079,8493000.0,2025-08-12
AWD-2024-00315,PR-2024-00432,PRC-VND-0088,35119000.0,2024-09-18
AWD-2024-00316,PR-2024-00433,PRC-VND-0066,15367000.0,2024-11-10
AWD-2025-00317,PR-2025-00436,PRC-VND-0024,44001000.0,2025-10-13
AWD-2025-00318,PR-2025-00437,PRC-VND-0033,41664000.0,2025-08-10
AWD-2026-00319,PR-2026-00439,PRC-VND-0090,35193000.0,2026-06-26
AWD-2026-00320,PR-2026-00440,PRC-VND-0037,3250000.0,2026-07-25
AWD-2026-00321,PR-2026-00441,PRC-VND-0110,38800000.0,2026-01-29
AWD-2026-00322,PR-2026-00443,PRC-VND-0068,5247000.0,2026-08-09
AWD-2025-00323,PR-2025-00445,PRC-VND-0128,17712000.0,2025-02-05
AWD-2025-00324,PR-2025-00448,PRC-VND-0052,33089000.0,2025-02-01
AWD-2025-00325,PR-2025-00449,PRC-VND-0043,37365000.0,2025-10-04
AWD-2025-00326,PR-2025-00450,PRC-VND-0072,28321000.0,2025-02-08
AWD-2025-00327,PR-2025-00451,PRC-VND-0030,34143000.0,2025-05-09
AWD-2024-00328,PR-2024-00452,PRC-VND-0043,1457000.0,2024-12-09
AWD-2024-00329,PR-2024-00453,PRC-VND-0010,41123000.0,2024-11-28
AWD-2025-00330,PR-2025-00454,PRC-VND-0118,26872000.0,2025-08-08
AWD-2025-00331,PR-2025-00455,PRC-VND-0100,24928000.0,2025-05-08
AWD-2026-00332,PR-2026-00456,PRC-VND-0115,21584000.0,2026-03-02
AWD-2025-00333,PR-2025-00457,PRC-VND-0034,9488000.0,2025-05-28
AWD-2025-00334,PR-2025-00458,PRC-VND-0017,25314000.0,2025-05-29
AWD-2025-00335,PR-2024-00459,PRC-VND-0139,6751000.0,2025-01-08
AWD-2025-00336,PR-2025-00460,PRC-VND-0132,29126000.0,2025-01-21
AWD-2025-00337,PR-2025-00461,PRC-VND-0048,4921000.0,2025-10-27
AWD-2026-00338,PR-2026-00464,PRC-VND-0091,26048000.0,2026-02-28
AWD-2024-00339,PR-2024-00465,PRC-VND-0136,12912000.0,2024-12-07
AWD-2026-00340,PR-2026-00466,PRC-VND-0096,22091000.0,2026-03-23
AWD-2025-00341,PR-2025-00467,PRC-VND-0132,37686000.0,2025-07-21
AWD-2025-00342,PR-2025-00468,PRC-VND-0097,30566000.0,2025-01-25
AWD-2025-00343,PR-2025-00469,PRC-VND-0050,21048000.0,2025-11-30
AWD-2024-00344,PR-2024-00470,PRC-VND-0024,6486000.0,2024-09-28
AWD-2026-00345,PR-2025-00472,PRC-VND-0003,14021000.0,2026-01-06
AWD-2025-00346,PR-2025-00473,PRC-VND-0056,8695000.0,2025-02-27
AWD-2026-00347,PR-2026-00474,PRC-VND-0012,39952000.0,2026-07-17
AWD-2025-00348,PR-2025-00475,PRC-VND-0069,13366000.0,2025-09-05
AWD-2025-00349,PR-2025-00476,PRC-VND-0102,21591000.0,2025-10-03
AWD-2025-00350,PR-2025-00478,PRC-VND-0071,44112000.0,2025-07-22
AWD-2026-00351,PR-2025-00479,PRC-VND-0008,25082000.0,2026-01-04
AWD-2024-00352,PR-2024-00481,PRC-VND-0119,38387000.0,2024-10-28
AWD-2026-00353,PR-2025-00482,PRC-VND-0045,14696000.0,2026-01-01
AWD-2025-00354,PR-2025-00484,PRC-VND-0098,11737000.0,2025-09-05
AWD-2024-00355,PR-2024-00485,PRC-VND-0025,15751000.0,2024-12-08
AWD-2025-00356,PR-2025-00486,PRC-VND-0127,31383000.0,2025-06-23
AWD-2024-00357,PR-2024-00489,PRC-VND-0021,2758000.0,2024-10-17
AWD-2025-00358,PR-2025-00490,PRC-VND-0012,6579000.0,2025-05-29
AWD-2024-00359,PR-2024-00491,PRC-VND-0035,19151000.0,2024-09-09
AWD-2025-00360,PR-2025-00492,PRC-VND-0070,32213000.0,2025-06-16
AWD-2026-00361,PR-2026-00493,PRC-VND-0056,34012000.0,2026-03-27
AWD-2025-00362,PR-2025-00494,PRC-VND-0003,9050000.0,2025-05-29
AWD-2025-00363,PR-2025-00495,PRC-VND-0106,29125000.0,2025-03-22
AWD-2026-00364,PR-2026-00496,PRC-VND-0013,981000.0,2026-07-19
AWD-2024-00365,PR-2024-00497,PRC-VND-0092,27540000.0,2024-12-27
AWD-2025-00366,PR-2025-00498,PRC-VND-0040,23980000.0,2025-06-24
AWD-2025-00367,PR-2025-00499,PRC-VND-0045,17264000.0,2025-08-10
AWD-2025-00368,PR-2025-00502,PRC-VND-0039,5116000.0,2025-08-09
AWD-2024-00369,PR-2024-00503,PRC-VND-0086,41158000.0,2024-09-04
AWD-2026-00370,PR-2026-00504,PRC-VND-0094,38026000.0,2026-07-27
AWD-2026-00371,PR-2026-00506,PRC-VND-0004,24879000.0,2026-05-07
AWD-2024-00372,PR-2024-00507,PRC-VND-0069,32743000.0,2024-09-05
AWD-2025-00373,PR-2024-00508,PRC-VND-0064,43761000.0,2025-01-15
AWD-2024-00374,PR-2024-00509,PRC-VND-0116,5562000.0,2024-12-19
AWD-2025-00375,PR-2025-00510,PRC-VND-0093,30015000.0,2025-12-03
AWD-2024-00376,PR-2024-00512,PRC-VND-0125,23812000.0,2024-09-27
AWD-2026-00377,PR-2026-00514,PRC-VND-0108,11922000.0,2026-03-15
AWD-2026-00378,PR-2026-00515,PRC-VND-0106,29188000.0,2026-07-10
AWD-2025-00379,PR-2025-00516,PRC-VND-0061,10869000.0,2025-04-13
AWD-2025-00380,PR-2025-00517,PRC-VND-0061,25114000.0,2025-12-14
AWD-2026-00381,PR-2026-00518,PRC-VND-0043,24171000.0,2026-04-28
AWD-2025-00382,PR-2025-00519,PRC-VND-0094,21662000.0,2025-06-22
AWD-2026-00383,PR-2026-00520,PRC-VND-0067,32750000.0,2026-03-04
AWD-2025-00384,PR-2025-00521,PRC-VND-0150,8099000.0,2025-05-13
AWD-2026-00385,PR-2026-00522,PRC-VND-0022,962000.0,2026-02-26
AWD-2025-00386,PR-2025-00523,PRC-VND-0025,5220000.0,2025-07-02
AWD-2025-00387,PR-2025-00524,PRC-VND-0061,35382000.0,2025-12-20
AWD-2024-00388,PR-2024-00525,PRC-VND-0013,12667000.0,2024-12-23
AWD-2026-00389,PR-2026-00526,PRC-VND-0090,7493000.0,2026-06-11
AWD-2024-00390,PR-2024-00527,PRC-VND-0037,17656000.0,2024-09-02
AWD-2026-00391,PR-2026-00528,PRC-VND-0143,34937000.0,2026-05-20
AWD-2024-00392,PR-2024-00529,PRC-VND-0037,25907000.0,2024-11-17
AWD-2025-00393,PR-2025-00530,PRC-VND-0007,21938000.0,2025-03-14
AWD-2025-00394,PR-2025-00531,PRC-VND-0138,13555000.0,2025-03-06
AWD-2025-00395,PR-2025-00532,PRC-VND-0077,6504000.0,2025-04-12
AWD-2024-00396,PR-2024-00533,PRC-VND-0114,31729000.0,2024-11-28
AWD-2026-00397,PR-2026-00534,PRC-VND-0129,38967000.0,2026-02-16
AWD-2025-00398,PR-2025-00535,PRC-VND-0137,1941000.0,2025-04-26
AWD-2026-00399,PR-2026-00536,PRC-VND-0089,15656000.0,2026-06-21
AWD-2025-00400,PR-2025-00538,PRC-VND-0114,40242000.0,2025-01-27
AWD-2024-00401,PR-2024-00539,PRC-VND-0070,9368000.0,2024-10-01
AWD-2025-00402,PR-2025-00540,PRC-VND-0103,26187000.0,2025-11-08
AWD-2026-00403,PR-2026-00542,PRC-VND-0120,28193000.0,2026-06-17
AWD-2025-00404,PR-2025-00543,PRC-VND-0054,22991000.0,2025-04-04
AWD-2026-00405,PR-2026-00544,PRC-VND-0003,22680000.0,2026-07-27
AWD-2025-00406,PR-2025-00545,PRC-VND-0013,42611000.0,2025-11-09
AWD-2025-00407,PR-2025-00546,PRC-VND-0007,11051000.0,2025-08-15
AWD-2024-00408,PR-2024-00547,PRC-VND-0005,12426000.0,2024-10-16
AWD-2025-00409,PR-2025-00548,PRC-VND-0145,9367000.0,2025-01-30
AWD-2025-00410,PR-2025-00551,PRC-VND-0120,33514000.0,2025-08-12
AWD-2024-00411,PR-2024-00552,PRC-VND-0117,36113000.0,2024-10-02
AWD-2024-00412,PR-2024-00553,PRC-VND-0037,29355000.0,2024-09-20
AWD-2025-00413,PR-2025-00554,PRC-VND-0032,18745000.0,2025-06-14
AWD-2025-00414,PR-2024-00556,PRC-VND-0021,26432000.0,2025-01-14
AWD-2026-00415,PR-2026-00557,PRC-VND-0127,10207000.0,2026-07-20
AWD-2025-00416,PR-2025-00559,PRC-VND-0041,6309000.0,2025-06-25
AWD-2026-00417,PR-2026-00560,PRC-VND-0141,1865000.0,2026-02-24
AWD-2025-00418,PR-2025-00561,PRC-VND-0049,24629000.0,2025-12-21
AWD-2025-00419,PR-2025-00563,PRC-VND-0124,37215000.0,2025-02-17
AWD-2026-00420,PR-2026-00564,PRC-VND-0087,13571000.0,2026-05-29
AWD-2026-00421,PR-2026-00566,PRC-VND-0109,38658000.0,2026-04-26
AWD-2025-00422,PR-2025-00567,PRC-VND-0103,22865000.0,2025-02-12
AWD-2025-00423,PR-2025-00568,PRC-VND-0012,10614000.0,2025-06-03
AWD-2025-00424,PR-2025-00569,PRC-VND-0101,9404000.0,2025-03-25
AWD-2024-00425,PR-2024-00570,PRC-VND-0147,5788000.0,2024-10-02
AWD-2025-00426,PR-2025-00571,PRC-VND-0055,35223000.0,2025-09-07
AWD-2025-00427,PR-2025-00572,PRC-VND-0058,28315000.0,2025-08-01
AWD-2026-00428,PR-2026-00573,PRC-VND-0140,10216000.0,2026-07-27
AWD-2024-00429,PR-2024-00574,PRC-VND-0072,27695000.0,2024-08-20
AWD-2025-00430,PR-2025-00579,PRC-VND-0073,45664000.0,2025-07-17
AWD-2025-00431,PR-2025-00580,PRC-VND-0123,31637000.0,2025-11-28
AWD-2025-00432,PR-2025-00581,PRC-VND-0114,26291000.0,2025-12-17
AWD-2025-00433,PR-2025-00582,PRC-VND-0121,34853000.0,2025-06-25
AWD-2026-00434,PR-2026-00583,PRC-VND-0021,13681000.0,2026-08-11
AWD-2026-00435,PR-2026-00584,PRC-VND-0030,34962000.0,2026-06-21
AWD-2026-00436,PR-2026-00585,PRC-VND-0024,29823000.0,2026-06-27
AWD-2025-00437,PR-2025-00587,PRC-VND-0088,14274000.0,2025-08-20
AWD-2024-00438,PR-2024-00588,PRC-VND-0041,5327000.0,2024-11-18
AWD-2025-00439,PR-2025-00589,PRC-VND-0124,34499000.0,2025-07-08
AWD-2025-00440,PR-2024-00590,PRC-VND-0051,39848000.0,2025-01-05
AWD-2026-00441,PR-2026-00591,PRC-VND-0029,42179000.0,2026-03-18
AWD-2025-00442,PR-2025-00592,PRC-VND-0083,1273000.0,2025-05-11
AWD-2026-00443,PR-2026-00594,PRC-VND-0114,3862000.0,2026-04-01
AWD-2025-00444,PR-2025-00598,PRC-VND-0147,11315000.0,2025-03-28
AWD-2025-00445,PR-2025-00599,PRC-VND-0147,9660000.0,2025-05-05
AWD-2026-00446,PR-2025-00600,PRC-VND-0073,27050000.0,2026-01-12
AWD-2025-00447,PR-2025-00601,PRC-VND-0106,3814000.0,2025-11-18
AWD-2026-00448,PR-2026-00603,PRC-VND-0072,23596000.0,2026-03-25
AWD-2025-00449,PR-2025-00605,PRC-VND-0017,9542000.0,2025-05-21
AWD-2025-00450,PR-2025-00606,PRC-VND-0116,40404000.0,2025-02-17
AWD-2025-00451,PR-2025-00607,PRC-VND-0031,35938000.0,2025-10-15
AWD-2025-00452,PR-2025-00608,PRC-VND-0105,5881000.0,2025-08-12
AWD-2024-00453,PR-2024-00609,PRC-VND-0036,42426000.0,2024-11-29
AWD-2026-00454,PR-2026-00611,PRC-VND-0124,9769000.0,2026-07-07
AWD-2026-00455,PR-2026-00612,PRC-VND-0067,22730000.0,2026-05-24
AWD-2026-00456,PR-2026-00613,PRC-VND-0028,6466000.0,2026-08-06
AWD-2026-00457,PR-2026-00615,PRC-VND-0020,6819000.0,2026-05-14
AWD-2024-00458,PR-2024-00616,PRC-VND-0058,8226000.0,2024-12-22
AWD-2026-00459,PR-2026-00617,PRC-VND-0083,38456000.0,2026-06-03
AWD-2026-00460,PR-2026-00618,PRC-VND-0106,18673000.0,2026-07-12
AWD-2025-00461,PR-2025-00619,PRC-VND-0050,21968000.0,2025-01-15
AWD-2025-00462,PR-2025-00621,PRC-VND-0128,34109000.0,2025-02-14
AWD-2025-00463,PR-2025-00623,PRC-VND-0123,40676000.0,2025-09-06
AWD-2026-00464,PR-2026-00624,PRC-VND-0075,28236000.0,2026-03-28
AWD-2024-00465,PR-2024-00627,PRC-VND-0008,3979000.0,2024-10-23
AWD-2026-00466,PR-2026-00629,PRC-VND-0074,6179000.0,2026-03-30
AWD-2025-00467,PR-2025-00631,PRC-VND-0117,30978000.0,2025-10-27
AWD-2024-00468,PR-2024-00632,PRC-VND-0087,6012000.0,2024-09-20
AWD-2026-00469,PR-2026-00633,PRC-VND-0081,26830000.0,2026-08-05
AWD-2024-00470,PR-2024-00634,PRC-VND-0073,29869000.0,2024-08-29
AWD-2026-00471,PR-2026-00635,PRC-VND-0011,35486000.0,2026-03-29
AWD-2025-00472,PR-2025-00636,PRC-VND-0074,28034000.0,2025-11-22
AWD-2024-00473,PR-2024-00637,PRC-VND-0134,27486000.0,2024-10-25
AWD-2025-00474,PR-2025-00639,PRC-VND-0024,15144000.0,2025-11-09
AWD-2025-00475,PR-2025-00640,PRC-VND-0079,1454000.0,2025-06-08
AWD-2026-00476,PR-2026-00641,PRC-VND-0053,13407000.0,2026-03-02
AWD-2026-00477,PR-2026-00642,PRC-VND-0097,15776000.0,2026-06-26
AWD-2025-00478,PR-2025-00644,PRC-VND-0139,43065000.0,2025-07-27
AWD-2025-00479,PR-2025-00645,PRC-VND-0121,30197000.0,2025-05-31
AWD-2024-00480,PR-2024-00647,PRC-VND-0073,31771000.0,2024-10-15
AWD-2025-00481,PR-2025-00649,PRC-VND-0127,21953000.0,2025-10-05
AWD-2026-00482,PR-2026-00650,PRC-VND-0091,29718000.0,2026-04-22
AWD-2024-00483,PR-2024-00651,PRC-VND-0126,4789000.0,2024-11-15
AWD-2026-00484,PR-2026-00652,PRC-VND-0147,17546000.0,2026-03-16
AWD-2025-00485,PR-2025-00653,PRC-VND-0028,1397000.0,2025-10-25
AWD-2026-00486,PR-2026-00654,PRC-VND-0067,36652000.0,2026-06-25
AWD-2024-00487,PR-2024-00655,PRC-VND-0020,8574000.0,2024-12-12
AWD-2025-00488,PR-2025-00657,PRC-VND-0052,34139000.0,2025-11-01
AWD-2024-00489,PR-2024-00659,PRC-VND-0071,46049000.0,2024-11-22
AWD-2025-00490,PR-2025-00660,PRC-VND-0060,23550000.0,2025-08-20
AWD-2025-00491,PR-2025-00663,PRC-VND-0029,9946000.0,2025-02-23
AWD-2025-00492,PR-2024-00665,PRC-VND-0086,44905000.0,2025-01-04
AWD-2024-00493,PR-2024-00667,PRC-VND-0006,37894000.0,2024-09-29
AWD-2026-00494,PR-2026-00668,PRC-VND-0095,2727000.0,2026-04-21
AWD-2026-00495,PR-2026-00669,PRC-VND-0027,8941000.0,2026-07-19
AWD-2024-00496,PR-2024-00670,PRC-VND-0137,23580000.0,2024-08-18
AWD-2026-00497,PR-2026-00671,PRC-VND-0139,1123000.0,2026-08-15
AWD-2025-00498,PR-2025-00672,PRC-VND-0076,18881000.0,2025-08-27
AWD-2024-00499,PR-2024-00673,PRC-VND-0121,3121000.0,2024-10-02
AWD-2024-00500,PR-2024-00676,PRC-VND-0027,24629000.0,2024-09-12
AWD-2025-00501,PR-2025-00677,PRC-VND-0080,7533000.0,2025-11-18
AWD-2025-00502,PR-2025-00678,PRC-VND-0002,34590000.0,2025-05-16
AWD-2024-00503,PR-2024-00679,PRC-VND-0121,27975000.0,2024-12-16
AWD-2026-00504,PR-2026-00680,PRC-VND-0027,38447000.0,2026-07-20
AWD-2025-00505,PR-2025-00682,PRC-VND-0020,39537000.0,2025-02-02
AWD-2025-00506,PR-2025-00683,PRC-VND-0090,36594000.0,2025-04-25
AWD-2024-00507,PR-2024-00684,PRC-VND-0055,13838000.0,2024-08-30
AWD-2025-00508,PR-2025-00685,PRC-VND-0109,26328000.0,2025-09-11
AWD-2025-00509,PR-2025-00687,PRC-VND-0105,43148000.0,2025-03-26
AWD-2024-00510,PR-2024-00689,PRC-VND-0115,26599000.0,2024-11-28
AWD-2024-00511,PR-2024-00691,PRC-VND-0073,15457000.0,2024-10-22
AWD-2024-00512,PR-2024-00692,PRC-VND-0058,25422000.0,2024-10-31
AWD-2025-00513,PR-2025-00693,PRC-VND-0131,11161000.0,2025-03-17
AWD-2024-00514,PR-2024-00694,PRC-VND-0113,15820000.0,2024-12-16
AWD-2026-00515,PR-2026-00695,PRC-VND-0111,44269000.0,2026-08-06
AWD-2026-00516,PR-2026-00696,PRC-VND-0034,29326000.0,2026-07-27
AWD-2025-00517,PR-2025-00697,PRC-VND-0137,26374000.0,2025-01-18
AWD-2026-00518,PR-2026-00699,PRC-VND-0140,23218000.0,2026-07-12
AWD-2024-00519,PR-2024-00700,PRC-VND-0095,40365000.0,2024-11-03
AWD-2025-00520,PR-2025-00702,PRC-VND-0080,9101000.0,2025-08-13
AWD-2025-00521,PR-2025-00704,PRC-VND-0018,11003000.0,2025-07-14
AWD-2025-00522,PR-2024-00707,PRC-VND-0026,5940000.0,2025-01-05
AWD-2024-00523,PR-2024-00708,PRC-VND-0078,15683000.0,2024-12-14
AWD-2025-00524,PR-2025-00709,PRC-VND-0088,31780000.0,2025-02-22
AWD-2025-00525,PR-2025-00710,PRC-VND-0013,13260000.0,2025-08-03
AWD-2026-00526,PR-2026-00712,PRC-VND-0048,34014000.0,2026-03-01
AWD-2024-00527,PR-2024-00713,PRC-VND-0011,3182000.0,2024-11-24
AWD-2026-00528,PR-2026-00714,PRC-VND-0027,7643000.0,2026-03-03
AWD-2025-00529,PR-2025-00716,PRC-VND-0057,3516000.0,2025-10-07
AWD-2025-00530,PR-2025-00717,PRC-VND-0045,13262000.0,2025-07-05
AWD-2024-00531,PR-2024-00718,PRC-VND-0013,22525000.0,2024-11-23
AWD-2025-00532,PR-2025-00719,PRC-VND-0101,31464000.0,2025-06-01
AWD-2025-00533,PR-2025-00720,PRC-VND-0046,14748000.0,2025-06-09
AWD-2026-00534,PR-2026-00721,PRC-VND-0077,23726000.0,2026-06-01
AWD-2026-00535,PR-2026-00722,PRC-VND-0011,2026000.0,2026-06-04
AWD-2026-00536,PR-2026-00723,PRC-VND-0101,5278000.0,2026-07-09
AWD-2025-00537,PR-2025-00724,PRC-VND-0052,15889000.0,2025-11-19
AWD-2026-00538,PR-2026-00725,PRC-VND-0110,15180000.0,2026-08-14
AWD-2026-00539,PR-2026-00726,PRC-VND-0145,40747000.0,2026-07-29
AWD-2024-00540,PR-2024-00727,PRC-VND-0044,41949000.0,2024-09-12
AWD-2025-00541,PR-2025-00728,PRC-VND-0073,16445000.0,2025-05-17
AWD-2024-00542,PR-2024-00729,PRC-VND-0019,40242000.0,2024-09-19
AWD-2026-00543,PR-2026-00730,PRC-VND-0016,9932000.0,2026-05-16
AWD-2025-00544,PR-2025-00731,PRC-VND-0088,39087000.0,2025-07-13
AWD-2026-00545,PR-2026-00732,PRC-VND-0114,21597000.0,2026-06-15
AWD-2025-00546,PR-2025-00733,PRC-VND-0134,21373000.0,2025-03-13
AWD-2026-00547,PR-2026-00734,PRC-VND-0139,17197000.0,2026-07-23
AWD-2025-00548,PR-2025-00735,PRC-VND-0018,16267000.0,2025-06-16
AWD-2025-00549,PR-2025-00736,PRC-VND-0017,20933000.0,2025-07-25
AWD-2025-00550,PR-2025-00737,PRC-VND-0029,13962000.0,2025-06-07
AWD-2026-00551,PR-2026-00740,PRC-VND-0074,26414000.0,2026-03-31
AWD-2025-00552,PR-2025-00741,PRC-VND-0144,41009000.0,2025-01-21
AWD-2024-00553,PR-2024-00742,PRC-VND-0025,13754000.0,2024-11-18
AWD-2025-00554,PR-2025-00746,PRC-VND-0074,14157000.0,2025-01-26
AWD-2024-00555,PR-2024-00747,PRC-VND-0075,24761000.0,2024-08-31
AWD-2026-00556,PR-2026-00750,PRC-VND-0050,27442000.0,2026-04-23
AWD-2025-00557,PR-2025-00751,PRC-VND-0094,41767000.0,2025-08-21
AWD-2025-00558,PR-2025-00755,PRC-VND-0065,19979000.0,2025-07-07
AWD-2025-00559,PR-2025-00756,PRC-VND-0060,35978000.0,2025-06-18
AWD-2024-00560,PR-2024-00757,PRC-VND-0068,8519000.0,2024-10-04
AWD-2026-00561,PR-2026-00759,PRC-VND-0042,24822000.0,2026-07-29
AWD-2026-00562,PR-2026-00761,PRC-VND-0075,43156000.0,2026-08-17
AWD-2025-00563,PR-2025-00763,PRC-VND-0114,34145000.0,2025-12-11
AWD-2024-00564,PR-2024-00764,PRC-VND-0022,12183000.0,2024-09-08
AWD-2025-00565,PR-2025-00765,PRC-VND-0134,8168000.0,2025-03-09
AWD-2026-00566,PR-2026-00766,PRC-VND-0017,11849000.0,2026-04-04
AWD-2024-00567,PR-2024-00767,PRC-VND-0075,32941000.0,2024-08-17
AWD-2025-00568,PR-2024-00768,PRC-VND-0085,19083000.0,2025-01-12
AWD-2026-00569,PR-2026-00769,PRC-VND-0108,16707000.0,2026-03-12
AWD-2026-00570,PR-2026-00770,PRC-VND-0046,39813000.0,2026-07-27
AWD-2026-00571,PR-2026-00771,PRC-VND-0122,8771000.0,2026-03-06
AWD-2025-00572,PR-2025-00772,PRC-VND-0045,3201000.0,2025-03-31
AWD-2026-00573,PR-2026-00774,PRC-VND-0125,1037000.0,2026-02-26
AWD-2026-00574,PR-2026-00775,PRC-VND-0062,20874000.0,2026-08-08
AWD-2025-00575,PR-2025-00777,PRC-VND-0044,17097000.0,2025-09-15
AWD-2026-00576,PR-2026-00778,PRC-VND-0013,21367000.0,2026-08-07
AWD-2024-00577,PR-2024-00779,PRC-VND-0050,22423000.0,2024-10-30
AWD-2026-00578,PR-2026-00780,PRC-VND-0073,3417000.0,2026-07-25
AWD-2025-00579,PR-2024-00781,PRC-VND-0071,42612000.0,2025-01-09
AWD-2025-00580,PR-2025-00782,PRC-VND-0112,3679000.0,2025-09-22
AWD-2024-00581,PR-2024-00784,PRC-VND-0088,4113000.0,2024-08-24
AWD-2025-00582,PR-2025-00785,PRC-VND-0070,34433000.0,2025-04-22
AWD-2026-00583,PR-2026-00787,PRC-VND-0031,38465000.0,2026-04-07
AWD-2025-00584,PR-2025-00790,PRC-VND-0052,11258000.0,2025-12-18
AWD-2024-00585,PR-2024-00791,PRC-VND-0128,33387000.0,2024-11-25
AWD-2025-00586,PR-2025-00792,PRC-VND-0110,42383000.0,2025-11-05
AWD-2025-00587,PR-2024-00793,PRC-VND-0138,20308000.0,2025-01-07
AWD-2025-00588,PR-2025-00794,PRC-VND-0082,4142000.0,2025-11-15
AWD-2024-00589,PR-2024-00796,PRC-VND-0107,18408000.0,2024-08-24
AWD-2026-00590,PR-2026-00797,PRC-VND-0135,12869000.0,2026-04-22
AWD-2025-00591,PR-2025-00799,PRC-VND-0049,16494000.0,2025-10-14
AWD-2025-00592,PR-2025-00800,PRC-VND-0059,33624000.0,2025-12-19
