invoice_id,contract_id,requisition_id,vendor_id,amount,invoice_date,due_date,status
INV-2024-00001,CTR-2024-00001,PR-2024-00767,PRC-VND-0028,16974500.0,2024-11-22,2024-12-22,Paid
INV-2025-00002,CTR-2024-00001,PR-2024-00767,PRC-VND-0028,16974500.0,2025-01-24,2025-02-23,Paid
INV-2024-00003,CTR-2024-00002,PR-2024-00670,PRC-VND-0108,21046000.0,2024-11-18,2024-12-18,Paid
INV-2024-00004,CTR-2024-00003,PR-2024-00796,PRC-VND-0047,5643000.0,2024-10-06,2024-11-05,Paid
INV-2024-00005,CTR-2024-00003,PR-2024-00796,PRC-VND-0047,5643000.0,2024-10-29,2024-11-28,Paid
INV-2024-00006,CTR-2024-00003,PR-2024-00796,PRC-VND-0047,5643000.0,2024-11-20,2024-12-20,Paid
INV-2024-00007,CTR-2024-00004,PR-2024-00574,PRC-VND-0081,7816666.67,2024-11-09,2024-12-09,Paid
INV-2024-00008,CTR-2024-00004,PR-2024-00574,PRC-VND-0081,7816666.67,2024-12-18,2025-01-17,Paid
INV-2025-00009,CTR-2024-00004,PR-2024-00574,PRC-VND-0081,7816666.66,2025-01-26,2025-02-25,Paid
INV-2024-00010,CTR-2024-00005,PR-2024-00148,PRC-VND-0050,797333.33,2024-10-15,2024-11-14,Paid
INV-2024-00011,CTR-2024-00005,PR-2024-00148,PRC-VND-0050,797333.33,2024-11-10,2024-12-10,Paid
INV-2024-00012,CTR-2024-00005,PR-2024-00148,PRC-VND-0050,797333.34,2024-12-06,2025-01-05,Paid
INV-2024-00013,CTR-2024-00006,PR-2024-00784,PRC-VND-0051,2026000.0,2024-11-19,2024-12-19,Paid
INV-2025-00014,CTR-2024-00006,PR-2024-00784,PRC-VND-0051,2026000.0,2025-01-31,2025-03-02,Paid
INV-2024-00015,CTR-2024-00007,PR-2024-00307,PRC-VND-0061,11565500.0,2024-11-25,2024-12-25,Paid
INV-2025-00016,CTR-2024-00007,PR-2024-00307,PRC-VND-0061,11565500.0,2025-01-29,2025-02-28,Paid
INV-2024-00017,CTR-2024-00008,PR-2024-00133,PRC-VND-0106,17504500.0,2024-11-27,2024-12-27,Paid
INV-2025-00018,CTR-2024-00008,PR-2024-00133,PRC-VND-0106,17504500.0,2025-01-26,2025-02-25,Paid
INV-2024-00019,CTR-2024-00009,PR-2024-00634,PRC-VND-0062,32319000.0,2024-11-27,2024-12-27,Paid
INV-2024-00020,CTR-2024-00010,PR-2024-00029,PRC-VND-0024,9948333.33,2024-11-10,2024-12-10,Paid
INV-2024-00021,CTR-2024-00010,PR-2024-00029,PRC-VND-0024,9948333.33,2024-12-28,2025-01-27,Paid
INV-2025-00022,CTR-2024-00010,PR-2024-00029,PRC-VND-0024,9948333.34,2025-02-13,2025-03-15,Paid
INV-2024-00023,CTR-2024-00011,PR-2024-00387,PRC-VND-0062,37232000.0,2024-12-06,2025-01-05,Paid
INV-2024-00024,CTR-2024-00012,PR-2024-00378,PRC-VND-0051,15326000.0,2024-12-18,2025-01-17,Paid
INV-2024-00025,CTR-2024-00013,PR-2024-00507,PRC-VND-0021,33870000.0,2024-12-23,2025-01-22,Paid
INV-2024-00026,CTR-2024-00014,PR-2024-00684,PRC-VND-0066,13530000.0,2024-11-19,2024-12-19,Paid
INV-2024-00027,CTR-2024-00015,PR-2024-00747,PRC-VND-0066,7792000.0,2024-11-16,2024-12-16,Paid
INV-2025-00028,CTR-2024-00015,PR-2024-00747,PRC-VND-0066,7792000.0,2025-01-10,2025-02-09,Paid
INV-2025-00029,CTR-2024-00015,PR-2024-00747,PRC-VND-0066,7792000.0,2025-03-06,2025-04-05,Paid
INV-2024-00030,CTR-2024-00016,PR-2024-00185,PRC-VND-0034,12243500.0,2024-11-04,2024-12-04,Paid
INV-2024-00031,CTR-2024-00016,PR-2024-00185,PRC-VND-0034,12243500.0,2024-12-10,2025-01-09,Paid
INV-2024-00032,CTR-2024-00017,PR-2024-00183,PRC-VND-0058,6709500.0,2024-11-21,2024-12-21,Paid
INV-2025-00033,CTR-2024-00017,PR-2024-00183,PRC-VND-0058,6709500.0,2025-01-06,2025-02-05,Paid
INV-2025-00034,CTR-2024-00018,PR-2024-00313,PRC-VND-0061,33249000.0,2025-01-23,2025-02-22,Paid
INV-2024-00035,CTR-2024-00019,PR-2024-00527,PRC-VND-0065,7700000.0,2024-11-06,2024-12-06,Paid
INV-2024-00036,CTR-2024-00019,PR-2024-00527,PRC-VND-0065,7700000.0,2024-12-21,2025-01-20,Paid
INV-2024-00037,CTR-2024-00020,PR-2024-00764,PRC-VND-0013,5128000.0,2024-11-23,2024-12-23,Paid
INV-2025-00038,CTR-2024-00020,PR-2024-00764,PRC-VND-0013,5128000.0,2025-01-06,2025-02-05,Paid
INV-2024-00039,CTR-2024-00021,PR-2024-00139,PRC-VND-0101,10833000.0,2024-11-19,2024-12-19,Paid
INV-2025-00040,CTR-2024-00021,PR-2024-00139,PRC-VND-0101,10833000.0,2025-01-15,2025-02-14,Paid
INV-2025-00041,CTR-2024-00021,PR-2024-00139,PRC-VND-0101,10833000.0,2025-03-12,2025-04-11,Paid
INV-2025-00042,CTR-2024-00022,PR-2024-00503,PRC-VND-0093,36781000.0,2025-01-03,2025-02-02,Paid
INV-2024-00043,CTR-2024-00023,PR-2024-00676,PRC-VND-0106,23322000.0,2024-12-24,2025-01-23,Paid
INV-2024-00044,CTR-2024-00024,PR-2024-00491,PRC-VND-0060,7969500.0,2024-11-26,2024-12-26,Paid
INV-2025-00045,CTR-2024-00024,PR-2024-00491,PRC-VND-0060,7969500.0,2025-01-05,2025-02-04,Paid
INV-2025-00046,CTR-2024-00025,PR-2024-00077,PRC-VND-0027,37667000.0,2025-01-11,2025-02-10,Paid
INV-2024-00047,CTR-2024-00026,PR-2024-00727,PRC-VND-0005,17413000.0,2024-12-01,2024-12-31,Paid
INV-2025-00048,CTR-2024-00026,PR-2024-00727,PRC-VND-0005,17413000.0,2025-02-06,2025-03-08,Paid
INV-2024-00049,CTR-2024-00027,PR-2024-00070,PRC-VND-0106,8058000.0,2024-12-02,2025-01-01,Paid
INV-2024-00050,CTR-2024-00027,PR-2024-00070,PRC-VND-0106,8058000.0,2024-12-31,2025-01-30,Paid
INV-2025-00051,CTR-2024-00027,PR-2024-00070,PRC-VND-0106,8058000.0,2025-01-29,2025-02-28,Paid
INV-2025-00052,CTR-2024-00028,PR-2024-00411,PRC-VND-0057,14483500.0,2025-01-01,2025-01-31,Paid
INV-2025-00053,CTR-2024-00028,PR-2024-00411,PRC-VND-0057,14483500.0,2025-03-22,2025-04-21,Paid
INV-2024-00054,CTR-2024-00029,PR-2024-00309,PRC-VND-0067,7998000.0,2024-12-16,2025-01-15,Paid
INV-2024-00055,CTR-2024-00030,PR-2024-00339,PRC-VND-0079,360000.0,2024-12-03,2025-01-02,Paid
INV-2025-00056,CTR-2024-00030,PR-2024-00339,PRC-VND-0079,360000.0,2025-01-30,2025-03-01,Paid
INV-2025-00057,CTR-2024-00030,PR-2024-00339,PRC-VND-0079,360000.0,2025-03-29,2025-04-28,Paid
INV-2024-00058,CTR-2024-00031,PR-2024-00432,PRC-VND-0078,37472000.0,2024-12-14,2025-01-13,Paid
INV-2024-00059,CTR-2024-00032,PR-2024-00632,PRC-VND-0113,6830000.0,2024-12-07,2025-01-06,Paid
INV-2024-00060,CTR-2024-00033,PR-2024-00357,PRC-VND-0110,7031333.33,2024-11-16,2024-12-16,Paid
INV-2024-00061,CTR-2024-00033,PR-2024-00357,PRC-VND-0110,7031333.33,2024-12-22,2025-01-21,Paid
INV-2025-00062,CTR-2024-00033,PR-2024-00357,PRC-VND-0110,7031333.34,2025-01-27,2025-02-26,Paid
INV-2024-00063,CTR-2024-00034,PR-2024-00729,PRC-VND-0103,11651000.0,2024-12-21,2025-01-20,Paid
INV-2025-00064,CTR-2024-00034,PR-2024-00729,PRC-VND-0103,11651000.0,2025-02-18,2025-03-20,Paid
INV-2025-00065,CTR-2024-00034,PR-2024-00729,PRC-VND-0103,11651000.0,2025-04-18,2025-05-18,Paid
INV-2024-00066,CTR-2024-00035,PR-2024-00362,PRC-VND-0062,8343666.67,2024-12-03,2025-01-02,Paid
INV-2025-00067,CTR-2024-00035,PR-2024-00362,PRC-VND-0062,8343666.67,2025-01-30,2025-03-01,Paid
INV-2025-00068,CTR-2024-00035,PR-2024-00362,PRC-VND-0062,8343666.66,2025-03-29,2025-04-28,Paid
INV-2024-00069,CTR-2024-00036,PR-2024-00087,PRC-VND-0114,7163000.0,2024-11-23,2024-12-23,Paid
INV-2025-00070,CTR-2024-00036,PR-2024-00087,PRC-VND-0114,7163000.0,2025-01-03,2025-02-02,Paid
INV-2025-00071,CTR-2024-00036,PR-2024-00087,PRC-VND-0114,7163000.0,2025-02-12,2025-03-14,Paid
INV-2024-00072,CTR-2024-00037,PR-2024-00321,PRC-VND-0104,728666.67,2024-12-14,2025-01-13,Paid
INV-2025-00073,CTR-2024-00037,PR-2024-00321,PRC-VND-0104,728666.67,2025-02-08,2025-03-10,Paid
INV-2025-00074,CTR-2024-00037,PR-2024-00321,PRC-VND-0104,728666.66,2025-04-04,2025-05-04,Paid
INV-2024-00075,CTR-2024-00038,PR-2024-00287,PRC-VND-0098,6019500.0,2024-12-11,2025-01-10,Paid
INV-2025-00076,CTR-2024-00038,PR-2024-00287,PRC-VND-0098,6019500.0,2025-02-06,2025-03-08,Paid
INV-2025-00077,CTR-2024-00039,PR-2024-00343,PRC-VND-0050,26693000.0,2025-01-08,2025-02-07,Paid
INV-2024-00078,CTR-2024-00040,PR-2024-00407,PRC-VND-0106,37181000.0,2024-12-27,2025-01-26,Paid
INV-2025-00079,CTR-2024-00041,PR-2024-00553,PRC-VND-0012,34512000.0,2025-01-24,2025-02-23,Paid
INV-2025-00080,CTR-2024-00042,PR-2024-00231,PRC-VND-0030,10213000.0,2025-01-06,2025-02-05,Paid
INV-2025-00081,CTR-2024-00043,PR-2024-00470,PRC-VND-0022,5415000.0,2025-02-22,2025-03-24,Paid
INV-2025-00082,CTR-2024-00044,PR-2024-00100,PRC-VND-0019,38556000.0,2025-01-22,2025-02-21,Paid
INV-2024-00083,CTR-2024-00045,PR-2024-00142,PRC-VND-0008,17963500.0,2024-12-24,2025-01-23,Paid
INV-2025-00084,CTR-2024-00045,PR-2024-00142,PRC-VND-0008,17963500.0,2025-02-20,2025-03-22,Paid
INV-2024-00085,CTR-2024-00046,PR-2024-00247,PRC-VND-0047,21783000.0,2024-12-22,2025-01-21,Paid
INV-2024-00086,CTR-2024-00047,PR-2024-00414,PRC-VND-0046,515666.67,2024-11-19,2024-12-19,Paid
INV-2024-00087,CTR-2024-00047,PR-2024-00414,PRC-VND-0046,515666.67,2024-12-18,2025-01-17,Paid
INV-2025-00088,CTR-2024-00047,PR-2024-00414,PRC-VND-0046,515666.66,2025-01-16,2025-02-15,Paid
INV-2025-00089,CTR-2024-00048,PR-2024-00015,PRC-VND-0038,18788000.0,2025-01-03,2025-02-02,Paid
INV-2025-00090,CTR-2024-00048,PR-2024-00015,PRC-VND-0038,18788000.0,2025-03-07,2025-04-06,Paid
INV-2024-00091,CTR-2024-00049,PR-2024-00512,PRC-VND-0012,6298333.33,2024-12-27,2025-01-26,Paid
INV-2025-00092,CTR-2024-00049,PR-2024-00512,PRC-VND-0012,6298333.33,2025-02-18,2025-03-20,Paid
INV-2025-00093,CTR-2024-00049,PR-2024-00512,PRC-VND-0012,6298333.34,2025-04-12,2025-05-12,Paid
INV-2024-00094,CTR-2024-00050,PR-2024-00539,PRC-VND-0085,2836333.33,2024-12-01,2024-12-31,Paid
INV-2024-00095,CTR-2024-00050,PR-2024-00539,PRC-VND-0085,2836333.33,2024-12-27,2025-01-26,Paid
INV-2025-00096,CTR-2024-00050,PR-2024-00539,PRC-VND-0085,2836333.34,2025-01-22,2025-02-21,Paid
INV-2024-00097,CTR-2024-00051,PR-2024-00570,PRC-VND-0049,1936333.33,2024-11-27,2024-12-27,Paid
INV-2025-00098,CTR-2024-00051,PR-2024-00570,PRC-VND-0049,1936333.33,2025-01-09,2025-02-08,Paid
INV-2025-00099,CTR-2024-00051,PR-2024-00570,PRC-VND-0049,1936333.34,2025-02-21,2025-03-23,Paid
INV-2025-00100,CTR-2024-00052,PR-2024-00552,PRC-VND-0036,33655000.0,2025-02-16,2025-03-18,Paid
INV-2024-00101,CTR-2024-00053,PR-2024-00673,PRC-VND-0082,1000333.33,2024-11-23,2024-12-23,Paid
INV-2024-00102,CTR-2024-00053,PR-2024-00673,PRC-VND-0082,1000333.33,2024-12-25,2025-01-24,Paid
INV-2025-00103,CTR-2024-00053,PR-2024-00673,PRC-VND-0082,1000333.34,2025-01-25,2025-02-24,Paid
INV-2024-00104,CTR-2024-00054,PR-2024-00667,PRC-VND-0105,38703000.0,2024-12-26,2025-01-25,Paid
INV-2025-00105,CTR-2024-00055,PR-2024-00233,PRC-VND-0022,9405666.67,2025-01-11,2025-02-10,Paid
INV-2025-00106,CTR-2024-00055,PR-2024-00233,PRC-VND-0022,9405666.67,2025-03-09,2025-04-08,Paid
INV-2025-00107,CTR-2024-00055,PR-2024-00233,PRC-VND-0022,9405666.66,2025-05-05,2025-06-04,Paid
INV-2025-00108,CTR-2024-00056,PR-2024-00124,PRC-VND-0022,39632000.0,2025-01-06,2025-02-05,Paid
INV-2024-00109,CTR-2024-00057,PR-2024-00757,PRC-VND-0090,2527666.67,2024-12-06,2025-01-05,Paid
INV-2025-00110,CTR-2024-00057,PR-2024-00757,PRC-VND-0090,2527666.67,2025-01-21,2025-02-20,Paid
INV-2025-00111,CTR-2024-00057,PR-2024-00757,PRC-VND-0090,2527666.66,2025-03-08,2025-04-07,Paid
INV-2024-00112,CTR-2024-00058,PR-2024-00096,PRC-VND-0008,17477500.0,2024-12-09,2025-01-08,Paid
INV-2025-00113,CTR-2024-00058,PR-2024-00096,PRC-VND-0008,17477500.0,2025-01-15,2025-02-14,Paid
INV-2024-00114,CTR-2024-00059,PR-2024-00341,PRC-VND-0119,12686666.67,2024-12-22,2025-01-21,Paid
INV-2025-00115,CTR-2024-00059,PR-2024-00341,PRC-VND-0119,12686666.67,2025-02-13,2025-03-15,Paid
INV-2025-00116,CTR-2024-00059,PR-2024-00341,PRC-VND-0119,12686666.66,2025-04-07,2025-05-07,Paid
INV-2024-00117,CTR-2024-00060,PR-2024-00027,PRC-VND-0118,1255000.0,2024-12-19,2025-01-18,Paid
INV-2025-00118,CTR-2024-00060,PR-2024-00027,PRC-VND-0118,1255000.0,2025-01-30,2025-03-01,Paid
INV-2025-00119,CTR-2024-00060,PR-2024-00027,PRC-VND-0118,1255000.0,2025-03-13,2025-04-12,Paid
INV-2025-00120,CTR-2024-00061,PR-2024-00302,PRC-VND-0019,22063000.0,2025-02-06,2025-03-08,Paid
INV-2025-00121,CTR-2024-00062,PR-2024-00390,PRC-VND-0065,19774000.0,2025-02-13,2025-03-15,Paid
INV-2025-00122,CTR-2024-00063,PR-2024-00547,PRC-VND-0041,12670000.0,2025-01-13,2025-02-12,Paid
INV-2025-00123,CTR-2024-00064,PR-2024-00086,PRC-VND-0106,13335500.0,2025-01-12,2025-02-11,Paid
INV-2025-00124,CTR-2024-00064,PR-2024-00086,PRC-VND-0106,13335500.0,2025-03-06,2025-04-05,Paid
INV-2024-00125,CTR-2024-00065,PR-2024-00288,PRC-VND-0067,5327333.33,2024-12-21,2025-01-20,Paid
INV-2025-00126,CTR-2024-00065,PR-2024-00288,PRC-VND-0067,5327333.33,2025-01-25,2025-02-24,Paid
INV-2025-00127,CTR-2024-00065,PR-2024-00288,PRC-VND-0067,5327333.34,2025-03-01,2025-03-31,Paid
INV-2024-00128,CTR-2024-00066,PR-2024-00409,PRC-VND-0026,11006000.0,2024-12-13,2025-01-12,Paid
INV-2025-00129,CTR-2024-00066,PR-2024-00409,PRC-VND-0026,11006000.0,2025-01-24,2025-02-23,Paid
INV-2025-00130,CTR-2024-00067,PR-2024-00489,PRC-VND-0038,2643000.0,2025-02-10,2025-03-12,Paid
INV-2025-00131,CTR-2024-00068,PR-2024-00647,PRC-VND-0063,31050000.0,2025-02-15,2025-03-17,Paid
INV-2025-00132,CTR-2024-00069,PR-2024-00627,PRC-VND-0087,1293000.0,2025-01-01,2025-01-31,Paid
INV-2025-00133,CTR-2024-00069,PR-2024-00627,PRC-VND-0087,1293000.0,2025-02-21,2025-03-23,Paid
INV-2025-00134,CTR-2024-00069,PR-2024-00627,PRC-VND-0087,1293000.0,2025-04-13,2025-05-13,Paid
INV-2024-00135,CTR-2024-00070,PR-2024-00069,PRC-VND-0019,7588333.33,2024-12-24,2025-01-23,Paid
INV-2025-00136,CTR-2024-00070,PR-2024-00069,PRC-VND-0019,7588333.33,2025-01-20,2025-02-19,Paid
INV-2025-00137,CTR-2024-00070,PR-2024-00069,PRC-VND-0019,7588333.34,2025-02-16,2025-03-18,Paid
INV-2025-00138,CTR-2024-00071,PR-2024-00637,PRC-VND-0018,16038000.0,2025-01-30,2025-03-01,Paid
INV-2025-00139,CTR-2024-00071,PR-2024-00637,PRC-VND-0018,16038000.0,2025-04-10,2025-05-10,Paid
INV-2025-00140,CTR-2024-00072,PR-2024-00190,PRC-VND-0081,4799000.0,2025-01-22,2025-02-21,Paid
INV-2025-00141,CTR-2024-00072,PR-2024-00190,PRC-VND-0081,4799000.0,2025-03-16,2025-04-15,Paid
INV-2025-00142,CTR-2024-00072,PR-2024-00190,PRC-VND-0081,4799000.0,2025-05-08,2025-06-07,Paid
INV-2024-00143,CTR-2024-00073,PR-2024-00691,PRC-VND-0080,4409333.33,2024-12-17,2025-01-16,Paid
INV-2025-00144,CTR-2024-00073,PR-2024-00691,PRC-VND-0080,4409333.33,2025-01-23,2025-02-22,Paid
INV-2025-00145,CTR-2024-00073,PR-2024-00691,PRC-VND-0080,4409333.34,2025-03-01,2025-03-31,Paid
INV-2025-00146,CTR-2024-00074,PR-2024-00032,PRC-VND-0045,3620000.0,2025-01-19,2025-02-18,Paid
INV-2025-00147,CTR-2024-00075,PR-2024-00030,PRC-VND-0056,9419000.0,2025-02-15,2025-03-17,Paid
INV-2025-00148,CTR-2024-00076,PR-2024-00031,PRC-VND-0040,33139000.0,2025-03-16,2025-04-15,Paid
INV-2025-00149,CTR-2024-00077,PR-2024-00692,PRC-VND-0117,8059333.33,2025-01-03,2025-02-02,Paid
INV-2025-00150,CTR-2024-00077,PR-2024-00692,PRC-VND-0117,8059333.33,2025-02-11,2025-03-13,Paid
INV-2025-00151,CTR-2024-00077,PR-2024-00692,PRC-VND-0117,8059333.34,2025-03-22,2025-04-21,Paid
INV-2025-00152,CTR-2024-00078,PR-2024-00481,PRC-VND-0115,11485666.67,2025-01-24,2025-02-23,Paid
INV-2025-00153,CTR-2024-00078,PR-2024-00481,PRC-VND-0115,11485666.67,2025-03-23,2025-04-22,Paid
INV-2025-00154,CTR-2024-00078,PR-2024-00481,PRC-VND-0115,11485666.66,2025-05-20,2025-06-19,Paid
INV-2025-00155,CTR-2024-00079,PR-2024-00700,PRC-VND-0116,14181000.0,2025-01-14,2025-02-13,Paid
INV-2025-00156,CTR-2024-00079,PR-2024-00700,PRC-VND-0116,14181000.0,2025-02-26,2025-03-28,Paid
INV-2025-00157,CTR-2024-00079,PR-2024-00700,PRC-VND-0116,14181000.0,2025-04-10,2025-05-10,Paid
INV-2025-00158,CTR-2024-00080,PR-2024-00779,PRC-VND-0059,8317333.33,2025-01-18,2025-02-17,Paid
INV-2025-00159,CTR-2024-00080,PR-2024-00779,PRC-VND-0059,8317333.33,2025-03-03,2025-04-02,Paid
INV-2025-00160,CTR-2024-00080,PR-2024-00779,PRC-VND-0059,8317333.34,2025-04-16,2025-05-16,Paid
INV-2025-00161,CTR-2024-00081,PR-2024-00337,PRC-VND-0003,30504000.0,2025-01-20,2025-02-19,Paid
INV-2025-00162,CTR-2024-00082,PR-2024-00147,PRC-VND-0018,18972000.0,2025-02-26,2025-03-28,Paid
INV-2025-00163,CTR-2024-00083,PR-2024-00425,PRC-VND-0043,8973000.0,2025-02-22,2025-03-24,Paid
INV-2025-00164,CTR-2024-00084,PR-2024-00433,PRC-VND-0012,5066333.33,2025-01-28,2025-02-27,Paid
INV-2025-00165,CTR-2024-00084,PR-2024-00433,PRC-VND-0012,5066333.33,2025-03-26,2025-04-25,Paid
INV-2025-00166,CTR-2024-00084,PR-2024-00433,PRC-VND-0012,5066333.34,2025-05-22,2025-06-21,Paid
INV-2025-00167,CTR-2024-00085,PR-2024-00370,PRC-VND-0114,39791000.0,2025-02-10,2025-03-12,Paid
INV-2025-00168,CTR-2024-00086,PR-2024-00588,PRC-VND-0024,4896000.0,2025-02-08,2025-03-10,Paid
INV-2025-00169,CTR-2024-00087,PR-2024-00529,PRC-VND-0023,11495500.0,2025-02-26,2025-03-28,Paid
INV-2025-00170,CTR-2024-00087,PR-2024-00529,PRC-VND-0023,11495500.0,2025-05-04,2025-06-03,Paid
INV-2025-00171,CTR-2024-00088,PR-2024-00651,PRC-VND-0079,4863000.0,2025-02-22,2025-03-24,Paid
INV-2025-00172,CTR-2024-00089,PR-2024-00659,PRC-VND-0120,19211500.0,2025-01-19,2025-02-18,Paid
INV-2025-00173,CTR-2024-00089,PR-2024-00659,PRC-VND-0120,19211500.0,2025-03-04,2025-04-03,Paid
INV-2025-00174,CTR-2024-00090,PR-2024-00742,PRC-VND-0054,5523666.67,2025-02-09,2025-03-11,Paid
INV-2025-00175,CTR-2024-00090,PR-2024-00742,PRC-VND-0054,5523666.67,2025-04-08,2025-05-08,Paid
INV-2025-00176,CTR-2024-00090,PR-2024-00742,PRC-VND-0054,5523666.66,2025-06-05,2025-07-05,Paid
INV-2025-00177,CTR-2024-00091,PR-2024-00791,PRC-VND-0062,10291000.0,2025-01-10,2025-02-09,Paid
INV-2025-00178,CTR-2024-00091,PR-2024-00791,PRC-VND-0062,10291000.0,2025-02-02,2025-03-04,Paid
INV-2025-00179,CTR-2024-00091,PR-2024-00791,PRC-VND-0062,10291000.0,2025-02-25,2025-03-27,Paid
INV-2025-00180,CTR-2024-00092,PR-2024-00334,PRC-VND-0123,11722333.33,2025-01-17,2025-02-16,Paid
INV-2025-00181,CTR-2024-00092,PR-2024-00334,PRC-VND-0123,11722333.33,2025-02-16,2025-03-18,Paid
INV-2025-00182,CTR-2024-00092,PR-2024-00334,PRC-VND-0123,11722333.34,2025-03-17,2025-04-16,Paid
INV-2024-00183,CTR-2024-00093,PR-2024-00368,PRC-VND-0047,16873500.0,2024-12-31,2025-01-30,Paid
INV-2025-00184,CTR-2024-00093,PR-2024-00368,PRC-VND-0047,16873500.0,2025-01-31,2025-03-02,Paid
INV-2025-00185,CTR-2024-00094,PR-2024-00453,PRC-VND-0115,20667000.0,2025-03-18,2025-04-17,Paid
INV-2025-00186,CTR-2024-00094,PR-2024-00453,PRC-VND-0115,20667000.0,2025-06-03,2025-07-03,Paid
INV-2025-00187,CTR-2024-00095,PR-2024-00533,PRC-VND-0074,13896500.0,2025-03-13,2025-04-12,Paid
INV-2025-00188,CTR-2024-00095,PR-2024-00533,PRC-VND-0074,13896500.0,2025-05-31,2025-06-30,Paid
INV-2025-00189,CTR-2024-00096,PR-2024-00327,PRC-VND-0074,16791000.0,2025-02-15,2025-03-17,Paid
INV-2025-00190,CTR-2024-00097,PR-2024-00718,PRC-VND-0047,22030000.0,2025-02-07,2025-03-09,Paid
INV-2025-00191,CTR-2024-00098,PR-2024-00689,PRC-VND-0030,24875000.0,2025-02-02,2025-03-04,Paid
INV-2025-00192,CTR-2024-00099,PR-2024-00713,PRC-VND-0047,909666.67,2025-01-25,2025-02-24,Paid
INV-2025-00193,CTR-2024-00099,PR-2024-00713,PRC-VND-0047,909666.67,2025-03-02,2025-04-01,Paid
INV-2025-00194,CTR-2024-00099,PR-2024-00713,PRC-VND-0047,909666.66,2025-04-07,2025-05-07,Paid
INV-2025-00195,CTR-2024-00100,PR-2024-00388,PRC-VND-0076,15219000.0,2025-04-11,2025-05-11,Paid
INV-2025-00196,CTR-2024-00101,PR-2024-00609,PRC-VND-0124,21880000.0,2025-03-17,2025-04-16,Paid
INV-2025-00197,CTR-2024-00101,PR-2024-00609,PRC-VND-0124,21880000.0,2025-05-30,2025-06-29,Paid
INV-2025-00198,CTR-2024-00102,PR-2024-00072,PRC-VND-0031,10941666.67,2025-02-28,2025-03-30,Paid
INV-2025-00199,CTR-2024-00102,PR-2024-00072,PRC-VND-0031,10941666.67,2025-04-22,2025-05-22,Paid
INV-2025-00200,CTR-2024-00102,PR-2024-00072,PRC-VND-0031,10941666.66,2025-06-14,2025-07-14,Paid
INV-2025-00201,CTR-2024-00103,PR-2024-00485,PRC-VND-0104,4759333.33,2025-02-11,2025-03-13,Paid
INV-2025-00202,CTR-2024-00103,PR-2024-00485,PRC-VND-0104,4759333.33,2025-03-11,2025-04-10,Paid
INV-2025-00203,CTR-2024-00103,PR-2024-00485,PRC-VND-0104,4759333.34,2025-04-08,2025-05-08,Paid
INV-2025-00204,CTR-2024-00104,PR-2024-00088,PRC-VND-0045,1509500.0,2025-01-27,2025-02-26,Paid
INV-2025-00205,CTR-2024-00104,PR-2024-00088,PRC-VND-0045,1509500.0,2025-02-28,2025-03-30,Paid
INV-2025-00206,CTR-2025-00001,PR-2024-00056,PRC-VND-0055,2453000.0,2025-03-09,2025-04-08,Paid
INV-2025-00207,CTR-2025-00001,PR-2024-00056,PRC-VND-0055,2453000.0,2025-04-29,2025-05-29,Paid
INV-2025-00208,CTR-2024-00105,PR-2024-00452,PRC-VND-0078,792500.0,2025-02-21,2025-03-23,Paid
INV-2025-00209,CTR-2024-00105,PR-2024-00452,PRC-VND-0078,792500.0,2025-04-02,2025-05-02,Paid
INV-2025-00210,CTR-2024-00106,PR-2024-00465,PRC-VND-0123,12419000.0,2025-04-13,2025-05-13,Paid
INV-2025-00211,CTR-2024-00107,PR-2024-00082,PRC-VND-0038,6485666.67,2025-01-30,2025-03-01,Paid
INV-2025-00212,CTR-2024-00107,PR-2024-00082,PRC-VND-0038,6485666.67,2025-03-10,2025-04-09,Paid
INV-2025-00213,CTR-2024-00107,PR-2024-00082,PRC-VND-0038,6485666.66,2025-04-17,2025-05-17,Paid
INV-2025-00214,CTR-2024-00108,PR-2024-00258,PRC-VND-0030,9833666.67,2025-02-03,2025-03-05,Paid
INV-2025-00215,CTR-2024-00108,PR-2024-00258,PRC-VND-0030,9833666.67,2025-03-14,2025-04-13,Paid
INV-2025-00216,CTR-2024-00108,PR-2024-00258,PRC-VND-0030,9833666.66,2025-04-22,2025-05-22,Paid
INV-2025-00217,CTR-2024-00109,PR-2024-00655,PRC-VND-0048,3244666.67,2025-02-15,2025-03-17,Paid
INV-2025-00218,CTR-2024-00109,PR-2024-00655,PRC-VND-0048,3244666.67,2025-03-28,2025-04-27,Paid
INV-2025-00219,CTR-2024-00109,PR-2024-00655,PRC-VND-0048,3244666.66,2025-05-08,2025-06-07,Paid
INV-2025-00220,CTR-2024-00110,PR-2024-00303,PRC-VND-0092,8353333.33,2025-03-01,2025-03-31,Paid
INV-2025-00221,CTR-2024-00110,PR-2024-00303,PRC-VND-0092,8353333.33,2025-04-26,2025-05-26,Paid
INV-2025-00222,CTR-2024-00110,PR-2024-00303,PRC-VND-0092,8353333.34,2025-06-20,2025-07-20,Paid
INV-2025-00223,CTR-2024-00111,PR-2024-00114,PRC-VND-0002,15249000.0,2025-04-12,2025-05-12,Paid
INV-2025-00224,CTR-2024-00112,PR-2024-00301,PRC-VND-0053,29522000.0,2025-03-21,2025-04-20,Paid
INV-2025-00225,CTR-2024-00113,PR-2024-00310,PRC-VND-0061,5515000.0,2025-04-10,2025-05-10,Paid
INV-2025-00226,CTR-2025-00002,PR-2024-00694,PRC-VND-0121,4491333.33,2025-02-16,2025-03-18,Paid
INV-2025-00227,CTR-2025-00002,PR-2024-00694,PRC-VND-0121,4491333.33,2025-03-14,2025-04-13,Paid
INV-2025-00228,CTR-2025-00002,PR-2024-00694,PRC-VND-0121,4491333.34,2025-04-09,2025-05-09,Paid
INV-2025-00229,CTR-2024-00114,PR-2024-00708,PRC-VND-0099,7911500.0,2025-02-26,2025-03-28,Paid
INV-2025-00230,CTR-2024-00114,PR-2024-00708,PRC-VND-0099,7911500.0,2025-04-25,2025-05-25,Paid
INV-2025-00231,CTR-2024-00115,PR-2024-00374,PRC-VND-0117,5437000.0,2025-02-04,2025-03-06,Paid
INV-2025-00232,CTR-2024-00115,PR-2024-00374,PRC-VND-0117,5437000.0,2025-03-09,2025-04-08,Paid
INV-2025-00233,CTR-2024-00115,PR-2024-00374,PRC-VND-0117,5437000.0,2025-04-10,2025-05-10,Paid
INV-2025-00234,CTR-2024-00116,PR-2024-00509,PRC-VND-0005,2006333.33,2025-02-10,2025-03-12,Paid
INV-2025-00235,CTR-2024-00116,PR-2024-00509,PRC-VND-0005,2006333.33,2025-03-07,2025-04-06,Paid
INV-2025-00236,CTR-2024-00116,PR-2024-00509,PRC-VND-0005,2006333.34,2025-03-31,2025-04-30,Paid
INV-2025-00237,CTR-2025-00003,PR-2024-00616,PRC-VND-0016,6632000.0,2025-05-01,2025-05-31,Paid
INV-2025-00238,CTR-2025-00004,PR-2024-00679,PRC-VND-0020,14184500.0,2025-04-11,2025-05-11,Paid
INV-2025-00239,CTR-2025-00004,PR-2024-00679,PRC-VND-0020,14184500.0,2025-06-29,2025-07-29,Paid
INV-2025-00240,CTR-2025-00005,PR-2024-00359,PRC-VND-0119,8473333.33,2025-03-10,2025-04-09,Paid
INV-2025-00241,CTR-2025-00005,PR-2024-00359,PRC-VND-0119,8473333.33,2025-04-29,2025-05-29,Paid
INV-2025-00242,CTR-2025-00005,PR-2024-00359,PRC-VND-0119,8473333.34,2025-06-18,2025-07-18,Paid
INV-2025-00243,CTR-2025-00006,PR-2024-00057,PRC-VND-0092,5386333.33,2025-03-07,2025-04-06,Paid
INV-2025-00244,CTR-2025-00006,PR-2024-00057,PRC-VND-0092,5386333.33,2025-04-03,2025-05-03,Paid
INV-2025-00245,CTR-2025-00006,PR-2024-00057,PRC-VND-0092,5386333.34,2025-04-30,2025-05-30,Paid
INV-2025-00246,CTR-2025-00007,PR-2024-00525,PRC-VND-0031,5099666.67,2025-02-18,2025-03-20,Paid
INV-2025-00247,CTR-2025-00007,PR-2024-00525,PRC-VND-0031,5099666.67,2025-03-22,2025-04-21,Paid
INV-2025-00248,CTR-2025-00007,PR-2024-00525,PRC-VND-0031,5099666.66,2025-04-23,2025-05-23,Paid
INV-2025-00249,CTR-2025-00008,PR-2024-00497,PRC-VND-0070,10908666.67,2025-03-14,2025-04-13,Paid
INV-2025-00250,CTR-2025-00008,PR-2024-00497,PRC-VND-0070,10908666.67,2025-04-26,2025-05-26,Paid
INV-2025-00251,CTR-2025-00008,PR-2024-00497,PRC-VND-0070,10908666.66,2025-06-08,2025-07-08,Paid
INV-2025-00252,CTR-2025-00009,PR-2024-00102,PRC-VND-0045,1198000.0,2025-03-04,2025-04-03,Paid
INV-2025-00253,CTR-2025-00009,PR-2024-00102,PRC-VND-0045,1198000.0,2025-04-26,2025-05-26,Paid
INV-2025-00254,CTR-2025-00010,PR-2024-00060,PRC-VND-0116,9473000.0,2025-03-29,2025-04-28,Paid
INV-2025-00255,CTR-2025-00010,PR-2024-00060,PRC-VND-0116,9473000.0,2025-05-19,2025-06-18,Paid
INV-2025-00256,CTR-2025-00010,PR-2024-00060,PRC-VND-0116,9473000.0,2025-07-09,2025-08-08,Paid
INV-2025-00257,CTR-2025-00011,PR-2024-00245,PRC-VND-0115,4024000.0,2025-03-09,2025-04-08,Paid
INV-2025-00258,CTR-2025-00011,PR-2024-00245,PRC-VND-0115,4024000.0,2025-04-29,2025-05-29,Paid
INV-2025-00259,CTR-2025-00011,PR-2024-00245,PRC-VND-0115,4024000.0,2025-06-19,2025-07-19,Paid
INV-2025-00260,CTR-2025-00012,PR-2024-00126,PRC-VND-0021,14706500.0,2025-04-17,2025-05-17,Paid
INV-2025-00261,CTR-2025-00012,PR-2024-00126,PRC-VND-0021,14706500.0,2025-06-25,2025-07-25,Paid
INV-2025-00262,CTR-2025-00013,PR-2024-00225,PRC-VND-0040,9951333.33,2025-02-20,2025-03-22,Paid
INV-2025-00263,CTR-2025-00013,PR-2024-00225,PRC-VND-0040,9951333.33,2025-03-29,2025-04-28,Paid
INV-2025-00264,CTR-2025-00013,PR-2024-00225,PRC-VND-0040,9951333.34,2025-05-05,2025-06-04,Paid
INV-2025-00265,CTR-2025-00014,PR-2024-00364,PRC-VND-0072,10347666.67,2025-02-27,2025-03-29,Paid
INV-2025-00266,CTR-2025-00014,PR-2024-00364,PRC-VND-0072,10347666.67,2025-04-11,2025-05-11,Paid
INV-2025-00267,CTR-2025-00014,PR-2024-00364,PRC-VND-0072,10347666.66,2025-05-23,2025-06-22,Paid
INV-2025-00268,CTR-2025-00015,PR-2024-00665,PRC-VND-0100,21000500.0,2025-04-01,2025-05-01,Paid
INV-2025-00269,CTR-2025-00015,PR-2024-00665,PRC-VND-0100,21000500.0,2025-06-04,2025-07-04,Paid
INV-2025-00270,CTR-2025-00016,PR-2024-00271,PRC-VND-0104,29992000.0,2025-05-25,2025-06-24,Paid
INV-2025-00271,CTR-2025-00017,PR-2024-00793,PRC-VND-0113,9278000.0,2025-03-03,2025-04-02,Paid
INV-2025-00272,CTR-2025-00017,PR-2024-00793,PRC-VND-0113,9278000.0,2025-04-07,2025-05-07,Paid
INV-2025-00273,CTR-2025-00018,PR-2024-00141,PRC-VND-0087,20868000.0,2025-04-12,2025-05-12,Paid
INV-2025-00274,CTR-2025-00019,PR-2024-00191,PRC-VND-0060,43402000.0,2025-05-03,2025-06-02,Paid
INV-2025-00275,CTR-2025-00020,PR-2024-00265,PRC-VND-0014,14464000.0,2025-04-24,2025-05-24,Paid
INV-2025-00276,CTR-2025-00020,PR-2024-00265,PRC-VND-0014,14464000.0,2025-07-11,2025-08-10,Paid
INV-2025-00277,CTR-2025-00021,PR-2024-00590,PRC-VND-0025,33311000.0,2025-05-09,2025-06-08,Paid
INV-2025-00278,CTR-2025-00022,PR-2024-00707,PRC-VND-0025,2922500.0,2025-03-31,2025-04-30,Paid
INV-2025-00279,CTR-2025-00022,PR-2024-00707,PRC-VND-0025,2922500.0,2025-05-29,2025-06-28,Paid
INV-2025-00280,CTR-2025-00023,PR-2024-00459,PRC-VND-0090,7083000.0,2025-04-26,2025-05-26,Paid
INV-2025-00281,CTR-2025-00024,PR-2024-00768,PRC-VND-0001,10770500.0,2025-04-13,2025-05-13,Paid
INV-2025-00282,CTR-2025-00024,PR-2024-00768,PRC-VND-0001,10770500.0,2025-07-02,2025-08-01,Paid
INV-2025-00283,CTR-2025-00025,PR-2024-00179,PRC-VND-0055,6909500.0,2025-04-24,2025-05-24,Paid
INV-2025-00284,CTR-2025-00025,PR-2024-00179,PRC-VND-0055,6909500.0,2025-07-05,2025-08-04,Paid
INV-2025-00285,CTR-2025-00026,PR-2024-00781,PRC-VND-0035,50468000.0,2025-04-28,2025-05-28,Paid
INV-2025-00286,CTR-2025-00027,PR-2024-00556,PRC-VND-0031,23699000.0,2025-05-08,2025-06-07,Paid
INV-2025-00287,CTR-2025-00028,PR-2024-00508,PRC-VND-0093,48761000.0,2025-06-14,2025-07-14,Paid
INV-2025-00288,CTR-2025-00029,PR-2024-00241,PRC-VND-0091,10384000.0,2025-03-21,2025-04-20,Paid
INV-2025-00289,CTR-2025-00029,PR-2024-00241,PRC-VND-0091,10384000.0,2025-05-01,2025-05-31,Paid
INV-2025-00290,CTR-2025-00030,PR-2025-00741,PRC-VND-0079,19414500.0,2025-03-13,2025-04-12,Paid
INV-2025-00291,CTR-2025-00030,PR-2025-00741,PRC-VND-0079,19414500.0,2025-04-16,2025-05-16,Paid
INV-2025-00292,CTR-2025-00031,PR-2025-00214,PRC-VND-0068,22059500.0,2025-03-29,2025-04-28,Paid
INV-2025-00293,CTR-2025-00031,PR-2025-00214,PRC-VND-0068,22059500.0,2025-05-10,2025-06-09,Paid
INV-2025-00294,CTR-2025-00032,PR-2025-00619,PRC-VND-0023,20256000.0,2025-05-27,2025-06-26,Paid
INV-2025-00295,CTR-2025-00033,PR-2025-00697,PRC-VND-0047,23286000.0,2025-04-19,2025-05-19,Paid
INV-2025-00296,CTR-2025-00034,PR-2025-00460,PRC-VND-0121,9917000.0,2025-04-18,2025-05-18,Paid
INV-2025-00297,CTR-2025-00034,PR-2025-00460,PRC-VND-0121,9917000.0,2025-06-09,2025-07-09,Paid
INV-2025-00298,CTR-2025-00034,PR-2025-00460,PRC-VND-0121,9917000.0,2025-07-31,2025-08-30,Paid
INV-2025-00299,CTR-2025-00035,PR-2025-00468,PRC-VND-0020,25916000.0,2025-05-30,2025-06-29,Paid
INV-2025-00300,CTR-2025-00036,PR-2025-00746,PRC-VND-0128,6077000.0,2025-04-27,2025-05-27,Paid
INV-2025-00301,CTR-2025-00036,PR-2025-00746,PRC-VND-0128,6077000.0,2025-06-12,2025-07-12,Paid
INV-2025-00302,CTR-2025-00037,PR-2025-00538,PRC-VND-0103,37382000.0,2025-06-09,2025-07-09,Paid
INV-2025-00303,CTR-2025-00038,PR-2025-00548,PRC-VND-0019,2560666.67,2025-03-22,2025-04-21,Paid
INV-2025-00304,CTR-2025-00038,PR-2025-00548,PRC-VND-0019,2560666.67,2025-04-17,2025-05-17,Paid
INV-2025-00305,CTR-2025-00038,PR-2025-00548,PRC-VND-0019,2560666.66,2025-05-13,2025-06-12,Paid
INV-2025-00306,CTR-2025-00039,PR-2025-00065,PRC-VND-0020,1793000.0,2025-04-03,2025-05-03,Paid
INV-2025-00307,CTR-2025-00039,PR-2025-00065,PRC-VND-0020,1793000.0,2025-05-13,2025-06-12,Paid
INV-2025-00308,CTR-2025-00040,PR-2025-00448,PRC-VND-0050,28626000.0,2025-05-19,2025-06-18,Paid
INV-2025-00309,CTR-2025-00041,PR-2025-00235,PRC-VND-0100,8433000.0,2025-04-15,2025-05-15,Paid
INV-2025-00310,CTR-2025-00041,PR-2025-00235,PRC-VND-0100,8433000.0,2025-05-18,2025-06-17,Paid
INV-2025-00311,CTR-2025-00041,PR-2025-00235,PRC-VND-0100,8433000.0,2025-06-20,2025-07-20,Paid
INV-2025-00312,CTR-2025-00042,PR-2025-00220,PRC-VND-0016,37467000.0,2025-04-16,2025-05-16,Paid
INV-2025-00313,CTR-2025-00043,PR-2025-00450,PRC-VND-0037,27527000.0,2025-04-22,2025-05-22,Paid
INV-2025-00314,CTR-2025-00044,PR-2025-00682,PRC-VND-0113,10960666.67,2025-04-29,2025-05-29,Paid
INV-2025-00315,CTR-2025-00044,PR-2025-00682,PRC-VND-0113,10960666.67,2025-06-08,2025-07-08,Paid
INV-2025-00316,CTR-2025-00044,PR-2025-00682,PRC-VND-0113,10960666.66,2025-07-18,2025-08-17,Paid
INV-2025-00317,CTR-2025-00045,PR-2025-00381,PRC-VND-0013,12391666.67,2025-04-15,2025-05-15,Paid
INV-2025-00318,CTR-2025-00045,PR-2025-00381,PRC-VND-0013,12391666.67,2025-05-29,2025-06-28,Paid
INV-2025-00319,CTR-2025-00045,PR-2025-00381,PRC-VND-0013,12391666.66,2025-07-12,2025-08-11,Paid
INV-2025-00320,CTR-2025-00046,PR-2025-00021,PRC-VND-0054,18114000.0,2025-05-29,2025-06-28,Paid
INV-2025-00321,CTR-2025-00047,PR-2025-00197,PRC-VND-0043,5971000.0,2025-03-26,2025-04-25,Paid
INV-2025-00322,CTR-2025-00047,PR-2025-00197,PRC-VND-0043,5971000.0,2025-04-27,2025-05-27,Paid
INV-2025-00323,CTR-2025-00047,PR-2025-00197,PRC-VND-0043,5971000.0,2025-05-28,2025-06-27,Paid
INV-2025-00324,CTR-2025-00048,PR-2025-00445,PRC-VND-0110,6025333.33,2025-05-07,2025-06-06,Paid
INV-2025-00325,CTR-2025-00048,PR-2025-00445,PRC-VND-0110,6025333.33,2025-06-24,2025-07-24,Paid
INV-2025-00326,CTR-2025-00048,PR-2025-00445,PRC-VND-0110,6025333.34,2025-08-11,2025-09-10,Paid
INV-2025-00327,CTR-2025-00049,PR-2025-00567,PRC-VND-0026,9156000.0,2025-04-29,2025-05-29,Paid
INV-2025-00328,CTR-2025-00049,PR-2025-00567,PRC-VND-0026,9156000.0,2025-06-20,2025-07-20,Paid
INV-2025-00329,CTR-2025-00050,PR-2025-00035,PRC-VND-0051,7769500.0,2025-05-19,2025-06-18,Paid
INV-2025-00330,CTR-2025-00050,PR-2025-00035,PRC-VND-0051,7769500.0,2025-07-22,2025-08-21,Paid
INV-2025-00331,CTR-2025-00051,PR-2025-00026,PRC-VND-0003,14382000.0,2025-07-04,2025-08-03,Paid
INV-2025-00332,CTR-2025-00052,PR-2025-00189,PRC-VND-0035,34202000.0,2025-05-13,2025-06-12,Paid
INV-2025-00333,CTR-2025-00053,PR-2025-00217,PRC-VND-0083,9231666.67,2025-04-08,2025-05-08,Paid
INV-2025-00334,CTR-2025-00053,PR-2025-00217,PRC-VND-0083,9231666.67,2025-05-03,2025-06-02,Paid
INV-2025-00335,CTR-2025-00053,PR-2025-00217,PRC-VND-0083,9231666.66,2025-05-28,2025-06-27,Paid
INV-2025-00336,CTR-2025-00054,PR-2025-00563,PRC-VND-0029,38168000.0,2025-05-03,2025-06-02,Paid
INV-2025-00337,CTR-2025-00055,PR-2025-00621,PRC-VND-0004,11747666.67,2025-04-14,2025-05-14,Paid
INV-2025-00338,CTR-2025-00055,PR-2025-00621,PRC-VND-0004,11747666.67,2025-05-26,2025-06-25,Paid
INV-2025-00339,CTR-2025-00055,PR-2025-00621,PRC-VND-0004,11747666.66,2025-07-07,2025-08-06,Paid
INV-2025-00340,CTR-2025-00056,PR-2025-00606,PRC-VND-0087,12479333.33,2025-04-09,2025-05-09,Paid
INV-2025-00341,CTR-2025-00056,PR-2025-00606,PRC-VND-0087,12479333.33,2025-05-05,2025-06-04,Paid
INV-2025-00342,CTR-2025-00056,PR-2025-00606,PRC-VND-0087,12479333.34,2025-05-31,2025-06-30,Paid
INV-2025-00343,CTR-2025-00057,PR-2025-00171,PRC-VND-0079,2797000.0,2025-04-12,2025-05-12,Paid
INV-2025-00344,CTR-2025-00057,PR-2025-00171,PRC-VND-0079,2797000.0,2025-05-23,2025-06-22,Paid
INV-2025-00345,CTR-2025-00058,PR-2025-00395,PRC-VND-0082,16137500.0,2025-05-04,2025-06-03,Paid
INV-2025-00346,CTR-2025-00058,PR-2025-00395,PRC-VND-0082,16137500.0,2025-06-22,2025-07-22,Paid
INV-2025-00347,CTR-2025-00059,PR-2025-00404,PRC-VND-0009,2201000.0,2025-06-19,2025-07-19,Paid
INV-2025-00348,CTR-2025-00060,PR-2025-00351,PRC-VND-0008,11410000.0,2025-07-07,2025-08-06,Paid
INV-2025-00349,CTR-2025-00061,PR-2025-00709,PRC-VND-0119,8985000.0,2025-05-04,2025-06-03,Paid
INV-2025-00350,CTR-2025-00061,PR-2025-00709,PRC-VND-0119,8985000.0,2025-06-11,2025-07-11,Paid
INV-2025-00351,CTR-2025-00061,PR-2025-00709,PRC-VND-0119,8985000.0,2025-07-19,2025-08-18,Paid
INV-2025-00352,CTR-2025-00062,PR-2025-00335,PRC-VND-0058,10026666.67,2025-05-08,2025-06-07,Paid
INV-2025-00353,CTR-2025-00062,PR-2025-00335,PRC-VND-0058,10026666.67,2025-06-17,2025-07-17,Paid
INV-2025-00354,CTR-2025-00062,PR-2025-00335,PRC-VND-0058,10026666.66,2025-07-27,2025-08-26,Paid
INV-2025-00355,CTR-2025-00063,PR-2025-00663,PRC-VND-0071,9087000.0,2025-05-17,2025-06-16,Paid
INV-2025-00356,CTR-2025-00064,PR-2025-00004,PRC-VND-0110,27046000.0,2025-07-19,2025-08-18,Paid
INV-2025-00357,CTR-2025-00065,PR-2025-00473,PRC-VND-0092,2408666.67,2025-05-19,2025-06-18,Paid
INV-2025-00358,CTR-2025-00065,PR-2025-00473,PRC-VND-0092,2408666.67,2025-07-02,2025-08-01,Paid
INV-2025-00359,CTR-2025-00065,PR-2025-00473,PRC-VND-0092,2408666.66,2025-08-15,2025-09-14,Paid
INV-2025-00360,CTR-2025-00066,PR-2025-00067,PRC-VND-0013,27286000.0,2025-06-20,2025-07-20,Paid
INV-2025-00361,CTR-2025-00067,PR-2025-00279,PRC-VND-0051,14027000.0,2025-05-11,2025-06-10,Paid
INV-2025-00362,CTR-2025-00067,PR-2025-00279,PRC-VND-0051,14027000.0,2025-06-25,2025-07-25,Paid
INV-2025-00363,CTR-2025-00068,PR-2025-00531,PRC-VND-0118,3657000.0,2025-05-26,2025-06-25,Paid
INV-2025-00364,CTR-2025-00068,PR-2025-00531,PRC-VND-0118,3657000.0,2025-07-04,2025-08-03,Paid
INV-2025-00365,CTR-2025-00068,PR-2025-00531,PRC-VND-0118,3657000.0,2025-08-12,2025-09-11,Paid
INV-2025-00366,CTR-2025-00069,PR-2025-00257,PRC-VND-0090,28155000.0,2025-07-02,2025-08-01,Paid
INV-2025-00367,CTR-2025-00070,PR-2025-00765,PRC-VND-0041,2409666.67,2025-04-28,2025-05-28,Paid
INV-2025-00368,CTR-2025-00070,PR-2025-00765,PRC-VND-0041,2409666.67,2025-05-28,2025-06-27,Paid
INV-2025-00369,CTR-2025-00070,PR-2025-00765,PRC-VND-0041,2409666.66,2025-06-26,2025-07-26,Paid
INV-2025-00370,CTR-2025-00071,PR-2025-00733,PRC-VND-0004,6271000.0,2025-05-27,2025-06-26,Paid
INV-2025-00371,CTR-2025-00071,PR-2025-00733,PRC-VND-0004,6271000.0,2025-07-14,2025-08-13,Paid
INV-2025-00372,CTR-2025-00071,PR-2025-00733,PRC-VND-0004,6271000.0,2025-08-31,2025-09-30,Paid
INV-2025-00373,CTR-2025-00072,PR-2025-00129,PRC-VND-0075,48617000.0,2025-07-03,2025-08-02,Paid
INV-2025-00374,CTR-2025-00073,PR-2025-00693,PRC-VND-0103,4693000.0,2025-06-05,2025-07-05,Paid
INV-2025-00375,CTR-2025-00073,PR-2025-00693,PRC-VND-0103,4693000.0,2025-08-01,2025-08-31,Paid
INV-2025-00376,CTR-2025-00074,PR-2025-00144,PRC-VND-0086,6234666.67,2025-05-06,2025-06-05,Paid
INV-2025-00377,CTR-2025-00074,PR-2025-00144,PRC-VND-0086,6234666.67,2025-06-02,2025-07-02,Paid
INV-2025-00378,CTR-2025-00074,PR-2025-00144,PRC-VND-0086,6234666.66,2025-06-29,2025-07-29,Paid
INV-2025-00379,CTR-2025-00075,PR-2025-00284,PRC-VND-0125,14191500.0,2025-06-04,2025-07-04,Paid
INV-2025-00380,CTR-2025-00075,PR-2025-00284,PRC-VND-0125,14191500.0,2025-07-20,2025-08-19,Paid
INV-2025-00381,CTR-2025-00076,PR-2025-00329,PRC-VND-0058,4371000.0,2025-05-14,2025-06-13,Paid
INV-2025-00382,CTR-2025-00076,PR-2025-00329,PRC-VND-0058,4371000.0,2025-06-25,2025-07-25,Paid
INV-2025-00383,CTR-2025-00076,PR-2025-00329,PRC-VND-0058,4371000.0,2025-08-05,2025-09-04,Paid
INV-2025-00384,CTR-2025-00077,PR-2025-00530,PRC-VND-0016,19786000.0,2025-07-25,2025-08-24,Paid
INV-2025-00385,CTR-2025-00078,PR-2025-00495,PRC-VND-0023,9959333.33,2025-06-05,2025-07-05,Paid
INV-2025-00386,CTR-2025-00078,PR-2025-00495,PRC-VND-0023,9959333.33,2025-08-03,2025-09-02,Paid
INV-2025-00387,CTR-2025-00078,PR-2025-00495,PRC-VND-0023,9959333.34,2025-10-01,2025-10-31,Paid
INV-2025-00388,CTR-2025-00079,PR-2025-00243,PRC-VND-0111,2214000.0,2025-07-04,2025-08-03,Paid
INV-2025-00389,CTR-2025-00079,PR-2025-00243,PRC-VND-0111,2214000.0,2025-09-21,2025-10-21,Paid
INV-2025-00390,CTR-2025-00080,PR-2025-00039,PRC-VND-0043,46212000.0,2025-07-10,2025-08-09,Paid
INV-2025-00391,CTR-2025-00081,PR-2025-00687,PRC-VND-0007,17680500.0,2025-06-24,2025-07-24,Paid
INV-2025-00392,CTR-2025-00081,PR-2025-00687,PRC-VND-0007,17680500.0,2025-08-29,2025-09-28,Paid
INV-2025-00393,CTR-2025-00082,PR-2025-00348,PRC-VND-0036,729333.33,2025-05-31,2025-06-30,Paid
INV-2025-00394,CTR-2025-00082,PR-2025-00348,PRC-VND-0036,729333.33,2025-07-19,2025-08-18,Paid
INV-2025-00395,CTR-2025-00082,PR-2025-00348,PRC-VND-0036,729333.34,2025-09-05,2025-10-05,Paid
INV-2025-00396,CTR-2025-00083,PR-2025-00569,PRC-VND-0038,9926000.0,2025-05-19,2025-06-18,Paid
INV-2025-00397,CTR-2025-00084,PR-2025-00120,PRC-VND-0068,7270333.33,2025-06-12,2025-07-12,Paid
INV-2025-00398,CTR-2025-00084,PR-2025-00120,PRC-VND-0068,7270333.33,2025-08-05,2025-09-04,Paid
INV-2025-00399,CTR-2025-00084,PR-2025-00120,PRC-VND-0068,7270333.34,2025-09-27,2025-10-27,Paid
INV-2025-00400,CTR-2025-00085,PR-2025-00326,PRC-VND-0029,27511500.0,2025-06-14,2025-07-14,Paid
INV-2025-00401,CTR-2025-00085,PR-2025-00326,PRC-VND-0029,27511500.0,2025-07-27,2025-08-26,Paid
INV-2025-00402,CTR-2025-00086,PR-2025-00598,PRC-VND-0118,4861500.0,2025-06-24,2025-07-24,Paid
INV-2025-00403,CTR-2025-00086,PR-2025-00598,PRC-VND-0118,4861500.0,2025-08-19,2025-09-18,Paid
INV-2025-00404,CTR-2025-00087,PR-2025-00377,PRC-VND-0015,9442000.0,2025-06-06,2025-07-06,Paid
INV-2025-00405,CTR-2025-00087,PR-2025-00377,PRC-VND-0015,9442000.0,2025-07-15,2025-08-14,Paid
INV-2025-00406,CTR-2025-00088,PR-2025-00772,PRC-VND-0106,994333.33,2025-05-25,2025-06-24,Paid
INV-2025-00407,CTR-2025-00088,PR-2025-00772,PRC-VND-0106,994333.33,2025-06-22,2025-07-22,Paid
INV-2025-00408,CTR-2025-00088,PR-2025-00772,PRC-VND-0106,994333.34,2025-07-19,2025-08-18,Paid
INV-2025-00409,CTR-2025-00089,PR-2025-00543,PRC-VND-0079,6435000.0,2025-06-16,2025-07-16,Paid
INV-2025-00410,CTR-2025-00089,PR-2025-00543,PRC-VND-0079,6435000.0,2025-07-30,2025-08-29,Paid
INV-2025-00411,CTR-2025-00089,PR-2025-00543,PRC-VND-0079,6435000.0,2025-09-11,2025-10-11,Paid
INV-2025-00412,CTR-2025-00090,PR-2025-00408,PRC-VND-0060,8560000.0,2025-06-13,2025-07-13,Paid
INV-2025-00413,CTR-2025-00090,PR-2025-00408,PRC-VND-0060,8560000.0,2025-07-17,2025-08-16,Paid
INV-2025-00414,CTR-2025-00090,PR-2025-00408,PRC-VND-0060,8560000.0,2025-08-20,2025-09-19,Paid
INV-2025-00415,CTR-2025-00091,PR-2025-00121,PRC-VND-0107,36355000.0,2025-08-24,2025-09-23,Paid
INV-2025-00416,CTR-2025-00092,PR-2025-00127,PRC-VND-0134,18007000.0,2025-06-09,2025-07-09,Paid
INV-2025-00417,CTR-2025-00092,PR-2025-00127,PRC-VND-0134,18007000.0,2025-07-22,2025-08-21,Paid
INV-2025-00418,CTR-2025-00093,PR-2025-00532,PRC-VND-0118,3022000.0,2025-05-29,2025-06-28,Paid
INV-2025-00419,CTR-2025-00093,PR-2025-00532,PRC-VND-0118,3022000.0,2025-07-06,2025-08-05,Paid
INV-2025-00420,CTR-2025-00094,PR-2025-00516,PRC-VND-0047,11892000.0,2025-07-29,2025-08-28,Paid
INV-2025-00421,CTR-2025-00095,PR-2025-00083,PRC-VND-0021,22379000.0,2025-07-30,2025-08-29,Paid
INV-2025-00422,CTR-2025-00096,PR-2025-00159,PRC-VND-0009,4468500.0,2025-07-22,2025-08-21,Paid
INV-2025-00423,CTR-2025-00096,PR-2025-00159,PRC-VND-0009,4468500.0,2025-10-01,2025-10-31,Paid
INV-2025-00424,CTR-2025-00097,PR-2025-00349,PRC-VND-0075,14668000.0,2025-07-28,2025-08-27,Paid
INV-2025-00425,CTR-2025-00098,PR-2025-00417,PRC-VND-0037,3675000.0,2025-07-28,2025-08-27,Paid
INV-2025-00426,CTR-2025-00098,PR-2025-00417,PRC-VND-0037,3675000.0,2025-09-24,2025-10-24,Paid
INV-2025-00427,CTR-2025-00098,PR-2025-00417,PRC-VND-0037,3675000.0,2025-11-21,2025-12-21,Paid
INV-2025-00428,CTR-2025-00099,PR-2025-00535,PRC-VND-0071,2005000.0,2025-08-27,2025-09-26,Paid
INV-2025-00429,CTR-2025-00100,PR-2025-00213,PRC-VND-0029,32894000.0,2025-08-07,2025-09-06,Paid
INV-2025-00430,CTR-2025-00101,PR-2025-00192,PRC-VND-0044,11399500.0,2025-07-03,2025-08-02,Paid
INV-2025-00431,CTR-2025-00101,PR-2025-00192,PRC-VND-0044,11399500.0,2025-08-20,2025-09-19,Paid
INV-2025-00432,CTR-2025-00102,PR-2025-00683,PRC-VND-0132,29827000.0,2025-08-27,2025-09-26,Paid
INV-2025-00433,CTR-2025-00103,PR-2025-00785,PRC-VND-0120,10704333.33,2025-06-27,2025-07-27,Paid
INV-2025-00434,CTR-2025-00103,PR-2025-00785,PRC-VND-0120,10704333.33,2025-08-05,2025-09-04,Paid
INV-2025-00435,CTR-2025-00103,PR-2025-00785,PRC-VND-0120,10704333.34,2025-09-13,2025-10-13,Paid
INV-2025-00436,CTR-2025-00104,PR-2025-00200,PRC-VND-0018,9382000.0,2025-07-26,2025-08-25,Paid
INV-2025-00437,CTR-2025-00104,PR-2025-00200,PRC-VND-0018,9382000.0,2025-09-21,2025-10-21,Paid
INV-2025-00438,CTR-2025-00104,PR-2025-00200,PRC-VND-0018,9382000.0,2025-11-17,2025-12-17,Paid
INV-2025-00439,CTR-2025-00105,PR-2025-00091,PRC-VND-0031,15753000.0,2025-07-20,2025-08-19,Paid
INV-2025-00440,CTR-2025-00105,PR-2025-00091,PRC-VND-0031,15753000.0,2025-09-25,2025-10-25,Paid
INV-2025-00441,CTR-2025-00106,PR-2025-00451,PRC-VND-0132,32837000.0,2025-09-11,2025-10-11,Paid
INV-2025-00442,CTR-2025-00107,PR-2025-00599,PRC-VND-0034,8606000.0,2025-08-30,2025-09-29,Paid
INV-2025-00443,CTR-2025-00108,PR-2025-00172,PRC-VND-0077,14730000.0,2025-07-30,2025-08-29,Paid
INV-2025-00444,CTR-2025-00108,PR-2025-00172,PRC-VND-0077,14730000.0,2025-09-27,2025-10-27,Paid
INV-2025-00445,CTR-2025-00109,PR-2025-00256,PRC-VND-0006,4632000.0,2025-07-17,2025-08-16,Paid
INV-2025-00446,CTR-2025-00109,PR-2025-00256,PRC-VND-0006,4632000.0,2025-08-16,2025-09-15,Paid
INV-2025-00447,CTR-2025-00110,PR-2025-00455,PRC-VND-0108,13670500.0,2025-08-07,2025-09-06,Paid
INV-2025-00448,CTR-2025-00110,PR-2025-00455,PRC-VND-0108,13670500.0,2025-10-23,2025-11-22,Paid
INV-2025-00449,CTR-2025-00111,PR-2025-00678,PRC-VND-0129,15459000.0,2025-08-20,2025-09-19,Paid
INV-2025-00450,CTR-2025-00111,PR-2025-00678,PRC-VND-0129,15459000.0,2025-11-08,2025-12-08,Paid
INV-2025-00451,CTR-2025-00112,PR-2025-00346,PRC-VND-0089,10480000.0,2025-09-09,2025-10-09,Paid
INV-2025-00452,CTR-2025-00113,PR-2025-00521,PRC-VND-0064,8170000.0,2025-08-06,2025-09-05,Paid
INV-2025-00453,CTR-2025-00114,PR-2025-00592,PRC-VND-0096,418666.67,2025-07-25,2025-08-24,Paid
INV-2025-00454,CTR-2025-00114,PR-2025-00592,PRC-VND-0096,418666.67,2025-09-09,2025-10-09,Paid
INV-2025-00455,CTR-2025-00114,PR-2025-00592,PRC-VND-0096,418666.66,2025-10-25,2025-11-24,Paid
INV-2025-00456,CTR-2025-00115,PR-2025-00024,PRC-VND-0084,2782333.33,2025-07-10,2025-08-09,Paid
INV-2025-00457,CTR-2025-00115,PR-2025-00024,PRC-VND-0084,2782333.33,2025-08-11,2025-09-10,Paid
INV-2025-00458,CTR-2025-00115,PR-2025-00024,PRC-VND-0084,2782333.34,2025-09-12,2025-10-12,Paid
INV-2025-00459,CTR-2025-00116,PR-2025-00605,PRC-VND-0012,3691333.33,2025-08-08,2025-09-07,Paid
INV-2025-00460,CTR-2025-00116,PR-2025-00605,PRC-VND-0012,3691333.33,2025-09-30,2025-10-30,Paid
INV-2025-00461,CTR-2025-00116,PR-2025-00605,PRC-VND-0012,3691333.34,2025-11-22,2025-12-22,Paid
INV-2025-00462,CTR-2025-00117,PR-2025-00728,PRC-VND-0078,5388000.0,2025-08-13,2025-09-12,Paid
INV-2025-00463,CTR-2025-00117,PR-2025-00728,PRC-VND-0078,5388000.0,2025-10-08,2025-11-07,Paid
INV-2025-00464,CTR-2025-00117,PR-2025-00728,PRC-VND-0078,5388000.0,2025-12-03,2026-01-02,Paid
INV-2025-00465,CTR-2025-00118,PR-2025-00240,PRC-VND-0028,21639000.0,2025-09-12,2025-10-12,Paid
INV-2025-00466,CTR-2025-00119,PR-2025-00457,PRC-VND-0018,3785666.67,2025-08-11,2025-09-10,Paid
INV-2025-00467,CTR-2025-00119,PR-2025-00457,PRC-VND-0018,3785666.67,2025-10-04,2025-11-03,Paid
INV-2025-00468,CTR-2025-00119,PR-2025-00457,PRC-VND-0018,3785666.66,2025-11-27,2025-12-27,Paid
INV-2025-00469,CTR-2025-00120,PR-2025-00490,PRC-VND-0138,6282000.0,2025-08-29,2025-09-28,Paid
INV-2025-00470,CTR-2025-00121,PR-2025-00160,PRC-VND-0138,15169500.0,2025-09-01,2025-10-01,Paid
INV-2025-00471,CTR-2025-00121,PR-2025-00160,PRC-VND-0138,15169500.0,2025-11-11,2025-12-11,Paid
INV-2025-00472,CTR-2025-00122,PR-2025-00494,PRC-VND-0113,2963333.33,2025-07-29,2025-08-28,Paid
INV-2025-00473,CTR-2025-00122,PR-2025-00494,PRC-VND-0113,2963333.33,2025-08-27,2025-09-26,Paid
INV-2025-00474,CTR-2025-00122,PR-2025-00494,PRC-VND-0113,2963333.34,2025-09-25,2025-10-25,Paid
INV-2025-00475,CTR-2025-00123,PR-2025-00276,PRC-VND-0037,12652500.0,2025-08-24,2025-09-23,Paid
INV-2025-00476,CTR-2025-00123,PR-2025-00276,PRC-VND-0037,12652500.0,2025-10-18,2025-11-17,Paid
INV-2025-00477,CTR-2025-00124,PR-2025-00719,PRC-VND-0066,9295333.33,2025-07-28,2025-08-27,Paid
INV-2025-00478,CTR-2025-00124,PR-2025-00719,PRC-VND-0066,9295333.33,2025-09-01,2025-10-01,Paid
INV-2025-00479,CTR-2025-00124,PR-2025-00719,PRC-VND-0066,9295333.34,2025-10-06,2025-11-05,Paid
INV-2025-00480,CTR-2025-00125,PR-2025-00458,PRC-VND-0077,7718666.67,2025-07-30,2025-08-29,Paid
INV-2025-00481,CTR-2025-00125,PR-2025-00458,PRC-VND-0077,7718666.67,2025-09-02,2025-10-02,Paid
INV-2025-00482,CTR-2025-00125,PR-2025-00458,PRC-VND-0077,7718666.66,2025-10-06,2025-11-05,Paid
INV-2025-00483,CTR-2025-00126,PR-2025-00645,PRC-VND-0128,8999333.33,2025-08-10,2025-09-09,Paid
INV-2025-00484,CTR-2025-00126,PR-2025-00645,PRC-VND-0128,8999333.33,2025-09-18,2025-10-18,Paid
INV-2025-00485,CTR-2025-00126,PR-2025-00645,PRC-VND-0128,8999333.34,2025-10-26,2025-11-25,Paid
INV-2025-00486,CTR-2025-00127,PR-2025-00737,PRC-VND-0126,13197000.0,2025-10-02,2025-11-01,Paid
INV-2025-00487,CTR-2025-00128,PR-2025-00568,PRC-VND-0007,4658000.0,2025-08-27,2025-09-26,Paid
INV-2025-00488,CTR-2025-00128,PR-2025-00568,PRC-VND-0007,4658000.0,2025-10-21,2025-11-20,Paid
INV-2025-00489,CTR-2025-00129,PR-2025-00640,PRC-VND-0086,783000.0,2025-08-21,2025-09-20,Paid
INV-2025-00490,CTR-2025-00129,PR-2025-00640,PRC-VND-0086,783000.0,2025-10-12,2025-11-11,Paid
INV-2025-00491,CTR-2025-00130,PR-2025-00554,PRC-VND-0085,5449000.0,2025-09-02,2025-10-02,Paid
INV-2025-00492,CTR-2025-00130,PR-2025-00554,PRC-VND-0085,5449000.0,2025-10-24,2025-11-23,Paid
INV-2025-00493,CTR-2025-00130,PR-2025-00554,PRC-VND-0085,5449000.0,2025-12-15,2026-01-14,Paid
INV-2025-00494,CTR-2025-00131,PR-2025-00181,PRC-VND-0090,5062333.33,2025-08-23,2025-09-22,Paid
INV-2025-00495,CTR-2025-00131,PR-2025-00181,PRC-VND-0090,5062333.33,2025-10-14,2025-11-13,Paid
INV-2025-00496,CTR-2025-00131,PR-2025-00181,PRC-VND-0090,5062333.34,2025-12-04,2026-01-03,Paid
INV-2025-00497,CTR-2025-00132,PR-2025-00720,PRC-VND-0027,4176666.67,2025-08-12,2025-09-11,Paid
INV-2025-00498,CTR-2025-00132,PR-2025-00720,PRC-VND-0027,4176666.67,2025-09-20,2025-10-20,Paid
INV-2025-00499,CTR-2025-00132,PR-2025-00720,PRC-VND-0027,4176666.66,2025-10-29,2025-11-28,Paid
INV-2025-00500,CTR-2025-00133,PR-2025-00380,PRC-VND-0132,2242666.67,2025-08-01,2025-08-31,Paid
INV-2025-00501,CTR-2025-00133,PR-2025-00380,PRC-VND-0132,2242666.67,2025-09-03,2025-10-03,Paid
INV-2025-00502,CTR-2025-00133,PR-2025-00380,PRC-VND-0132,2242666.66,2025-10-06,2025-11-05,Paid
INV-2025-00503,CTR-2025-00134,PR-2025-00393,PRC-VND-0002,11437500.0,2025-09-05,2025-10-05,Paid
INV-2025-00504,CTR-2025-00134,PR-2025-00393,PRC-VND-0002,11437500.0,2025-10-30,2025-11-29,Paid
INV-2025-00505,CTR-2025-00135,PR-2025-00234,PRC-VND-0006,3042500.0,2025-10-02,2025-11-01,Paid
INV-2025-00506,CTR-2025-00135,PR-2025-00234,PRC-VND-0006,3042500.0,2025-12-20,2026-01-19,Paid
INV-2025-00507,CTR-2025-00136,PR-2025-00756,PRC-VND-0045,10791666.67,2025-09-06,2025-10-06,Paid
INV-2025-00508,CTR-2025-00136,PR-2025-00756,PRC-VND-0045,10791666.67,2025-10-25,2025-11-24,Paid
INV-2025-00509,CTR-2025-00136,PR-2025-00756,PRC-VND-0045,10791666.66,2025-12-12,2026-01-11,Paid
INV-2025-00510,CTR-2025-00137,PR-2025-00486,PRC-VND-0035,10614000.0,2025-09-17,2025-10-17,Paid
INV-2025-00511,CTR-2025-00137,PR-2025-00486,PRC-VND-0035,10614000.0,2025-11-08,2025-12-08,Paid
INV-2025-00512,CTR-2025-00137,PR-2025-00486,PRC-VND-0035,10614000.0,2025-12-30,2026-01-29,Paid
INV-2025-00513,CTR-2025-00138,PR-2025-00735,PRC-VND-0039,8234500.0,2025-09-16,2025-10-16,Paid
INV-2025-00514,CTR-2025-00138,PR-2025-00735,PRC-VND-0039,8234500.0,2025-11-06,2025-12-06,Paid
INV-2025-00515,CTR-2025-00139,PR-2025-00014,PRC-VND-0139,6323000.0,2025-09-18,2025-10-18,Paid
INV-2025-00516,CTR-2025-00139,PR-2025-00014,PRC-VND-0139,6323000.0,2025-11-28,2025-12-28,Paid
INV-2025-00517,CTR-2025-00140,PR-2025-00492,PRC-VND-0058,11387666.67,2025-08-15,2025-09-14,Paid
INV-2025-00518,CTR-2025-00140,PR-2025-00492,PRC-VND-0058,11387666.67,2025-09-17,2025-10-17,Paid
INV-2025-00519,CTR-2025-00140,PR-2025-00492,PRC-VND-0058,11387666.66,2025-10-20,2025-11-19,Paid
INV-2025-00520,CTR-2025-00141,PR-2025-00519,PRC-VND-0105,10401000.0,2025-08-27,2025-09-26,Paid
INV-2025-00521,CTR-2025-00141,PR-2025-00519,PRC-VND-0105,10401000.0,2025-10-15,2025-11-14,Paid
INV-2025-00522,CTR-2025-00142,PR-2025-00118,PRC-VND-0048,9543000.0,2025-08-23,2025-09-22,Paid
INV-2025-00523,CTR-2025-00143,PR-2025-00163,PRC-VND-0094,5566666.67,2025-08-11,2025-09-10,Paid
INV-2025-00524,CTR-2025-00143,PR-2025-00163,PRC-VND-0094,5566666.67,2025-09-07,2025-10-07,Paid
INV-2025-00525,CTR-2025-00143,PR-2025-00163,PRC-VND-0094,5566666.66,2025-10-04,2025-11-03,Paid
INV-2025-00526,CTR-2025-00144,PR-2025-00355,PRC-VND-0094,6159333.33,2025-08-23,2025-09-22,Paid
INV-2025-00527,CTR-2025-00144,PR-2025-00355,PRC-VND-0094,6159333.33,2025-09-28,2025-10-28,Paid
INV-2025-00528,CTR-2025-00144,PR-2025-00355,PRC-VND-0094,6159333.34,2025-11-02,2025-12-02,Paid
INV-2025-00529,CTR-2025-00145,PR-2025-00559,PRC-VND-0006,7475000.0,2025-09-27,2025-10-27,Paid
INV-2025-00530,CTR-2025-00146,PR-2025-00582,PRC-VND-0099,28060000.0,2025-09-23,2025-10-23,Paid
INV-2025-00531,CTR-2025-00147,PR-2025-00498,PRC-VND-0004,8560666.67,2025-09-15,2025-10-15,Paid
INV-2025-00532,CTR-2025-00147,PR-2025-00498,PRC-VND-0004,8560666.67,2025-10-30,2025-11-29,Paid
INV-2025-00533,CTR-2025-00147,PR-2025-00498,PRC-VND-0004,8560666.66,2025-12-14,2026-01-13,Paid
INV-2025-00534,CTR-2025-00148,PR-2025-00128,PRC-VND-0067,29253000.0,2025-10-21,2025-11-20,Paid
INV-2025-00535,CTR-2025-00149,PR-2025-00717,PRC-VND-0066,7220500.0,2025-09-01,2025-10-01,Paid
INV-2025-00536,CTR-2025-00149,PR-2025-00717,PRC-VND-0066,7220500.0,2025-10-09,2025-11-08,Paid
INV-2025-00537,CTR-2025-00150,PR-2025-00296,PRC-VND-0046,2857000.0,2025-09-03,2025-10-03,Paid
INV-2025-00538,CTR-2025-00150,PR-2025-00296,PRC-VND-0046,2857000.0,2025-09-29,2025-10-29,Paid
INV-2025-00539,CTR-2025-00150,PR-2025-00296,PRC-VND-0046,2857000.0,2025-10-24,2025-11-23,Paid
INV-2025-00540,CTR-2025-00151,PR-2025-00523,PRC-VND-0091,1657333.33,2025-09-18,2025-10-18,Paid
INV-2025-00541,CTR-2025-00151,PR-2025-00523,PRC-VND-0091,1657333.33,2025-11-15,2025-12-15,Paid
INV-2026-00542,CTR-2025-00151,PR-2025-00523,PRC-VND-0091,1657333.34,2026-01-11,2026-02-10,Paid
INV-2025-00543,CTR-2025-00152,PR-2025-00149,PRC-VND-0105,856000.0,2025-09-06,2025-10-06,Paid
INV-2025-00544,CTR-2025-00153,PR-2025-00344,PRC-VND-0001,6213333.33,2025-09-25,2025-10-25,Paid
INV-2025-00545,CTR-2025-00153,PR-2025-00344,PRC-VND-0001,6213333.33,2025-11-23,2025-12-23,Paid
INV-2026-00546,CTR-2025-00153,PR-2025-00344,PRC-VND-0001,6213333.34,2026-01-20,2026-02-19,Paid
INV-2025-00547,CTR-2025-00154,PR-2025-00755,PRC-VND-0088,10124000.0,2025-10-02,2025-11-01,Paid
INV-2025-00548,CTR-2025-00154,PR-2025-00755,PRC-VND-0088,10124000.0,2025-11-24,2025-12-24,Paid
INV-2025-00549,CTR-2025-00155,PR-2025-00224,PRC-VND-0065,1596333.33,2025-09-27,2025-10-27,Paid
INV-2025-00550,CTR-2025-00155,PR-2025-00224,PRC-VND-0065,1596333.33,2025-11-14,2025-12-14,Paid
INV-2026-00551,CTR-2025-00155,PR-2025-00224,PRC-VND-0065,1596333.34,2026-01-01,2026-01-31,Paid
INV-2025-00552,CTR-2025-00156,PR-2025-00589,PRC-VND-0074,39798000.0,2025-10-16,2025-11-15,Paid
INV-2025-00553,CTR-2025-00157,PR-2025-00704,PRC-VND-0119,3008333.33,2025-10-10,2025-11-09,Paid
INV-2025-00554,CTR-2025-00157,PR-2025-00704,PRC-VND-0119,3008333.33,2025-12-08,2026-01-07,Paid
INV-2026-00555,CTR-2025-00157,PR-2025-00704,PRC-VND-0119,3008333.34,2026-02-05,2026-03-07,Paid
INV-2025-00556,CTR-2025-00158,PR-2025-00731,PRC-VND-0055,41774000.0,2025-11-03,2025-12-03,Paid
INV-2025-00557,CTR-2025-00159,PR-2025-00579,PRC-VND-0001,21411000.0,2025-10-25,2025-11-24,Paid
INV-2026-00558,CTR-2025-00159,PR-2025-00579,PRC-VND-0001,21411000.0,2026-01-08,2026-02-07,Paid
INV-2025-00559,CTR-2025-00160,PR-2025-00478,PRC-VND-0112,26558000.0,2025-09-22,2025-10-22,Paid
INV-2025-00560,CTR-2025-00160,PR-2025-00478,PRC-VND-0112,26558000.0,2025-11-05,2025-12-05,Paid
INV-2025-00561,CTR-2025-00161,PR-2025-00644,PRC-VND-0036,43899000.0,2025-11-21,2025-12-21,Paid
INV-2025-00562,CTR-2025-00162,PR-2025-00025,PRC-VND-0111,1614000.0,2025-12-06,2026-01-05,Paid
INV-2025-00563,CTR-2025-00163,PR-2025-00354,PRC-VND-0001,10007000.0,2025-09-25,2025-10-25,Paid
INV-2025-00564,CTR-2025-00163,PR-2025-00354,PRC-VND-0001,10007000.0,2025-11-15,2025-12-15,Paid
INV-2026-00565,CTR-2025-00163,PR-2025-00354,PRC-VND-0001,10007000.0,2026-01-05,2026-02-04,Paid
INV-2025-00566,CTR-2025-00164,PR-2025-00424,PRC-VND-0091,6459333.33,2025-10-03,2025-11-02,Paid
INV-2025-00567,CTR-2025-00164,PR-2025-00424,PRC-VND-0091,6459333.33,2025-11-21,2025-12-21,Paid
INV-2026-00568,CTR-2025-00164,PR-2025-00424,PRC-VND-0091,6459333.34,2026-01-09,2026-02-08,Paid
INV-2025-00569,CTR-2025-00165,PR-2025-00467,PRC-VND-0069,18811000.0,2025-09-20,2025-10-20,Paid
INV-2025-00570,CTR-2025-00165,PR-2025-00467,PRC-VND-0069,18811000.0,2025-10-24,2025-11-23,Paid
INV-2025-00571,CTR-2025-00166,PR-2025-00006,PRC-VND-0036,14152000.0,2025-10-25,2025-11-24,Paid
INV-2025-00572,CTR-2025-00166,PR-2025-00006,PRC-VND-0036,14152000.0,2025-12-21,2026-01-20,Paid
INV-2025-00573,CTR-2025-00167,PR-2025-00058,PRC-VND-0122,13057000.0,2025-09-19,2025-10-19,Paid
INV-2025-00574,CTR-2025-00167,PR-2025-00058,PRC-VND-0122,13057000.0,2025-10-29,2025-11-28,Paid
INV-2025-00575,CTR-2025-00168,PR-2025-00386,PRC-VND-0029,20761000.0,2025-10-19,2025-11-18,Paid
INV-2025-00576,CTR-2025-00168,PR-2025-00386,PRC-VND-0029,20761000.0,2025-12-14,2026-01-13,Paid
INV-2025-00577,CTR-2025-00169,PR-2025-00176,PRC-VND-0089,9253666.67,2025-10-03,2025-11-02,Paid
INV-2025-00578,CTR-2025-00169,PR-2025-00176,PRC-VND-0089,9253666.67,2025-11-14,2025-12-14,Paid
INV-2025-00579,CTR-2025-00169,PR-2025-00176,PRC-VND-0089,9253666.66,2025-12-26,2026-01-25,Paid
INV-2025-00580,CTR-2025-00170,PR-2025-00736,PRC-VND-0067,26604000.0,2025-11-10,2025-12-10,Paid
INV-2025-00581,CTR-2025-00171,PR-2025-00413,PRC-VND-0144,19717000.0,2025-11-12,2025-12-12,Paid
INV-2026-00582,CTR-2025-00171,PR-2025-00413,PRC-VND-0144,19717000.0,2026-01-11,2026-02-10,Paid
INV-2025-00583,CTR-2025-00172,PR-2025-00572,PRC-VND-0141,8774000.0,2025-10-17,2025-11-16,Paid
INV-2025-00584,CTR-2025-00172,PR-2025-00572,PRC-VND-0141,8774000.0,2025-12-07,2026-01-06,Paid
INV-2026-00585,CTR-2025-00172,PR-2025-00572,PRC-VND-0141,8774000.0,2026-01-27,2026-02-26,Paid
INV-2025-00586,CTR-2025-00173,PR-2025-00297,PRC-VND-0122,2821000.0,2025-11-05,2025-12-05,Paid
INV-2025-00587,CTR-2025-00174,PR-2025-00710,PRC-VND-0072,15291000.0,2025-10-17,2025-11-16,Paid
INV-2025-00588,CTR-2025-00175,PR-2025-00499,PRC-VND-0061,8304500.0,2025-11-13,2025-12-13,Paid
INV-2026-00589,CTR-2025-00175,PR-2025-00499,PRC-VND-0061,8304500.0,2026-01-23,2026-02-22,Paid
INV-2025-00590,CTR-2025-00176,PR-2025-00040,PRC-VND-0142,4586000.0,2025-09-13,2025-10-13,Paid
INV-2025-00591,CTR-2025-00176,PR-2025-00040,PRC-VND-0142,4586000.0,2025-10-07,2025-11-06,Paid
INV-2025-00592,CTR-2025-00176,PR-2025-00040,PRC-VND-0142,4586000.0,2025-10-31,2025-11-30,Paid
INV-2025-00593,CTR-2025-00177,PR-2025-00420,PRC-VND-0091,2779500.0,2025-11-06,2025-12-06,Paid
INV-2026-00594,CTR-2025-00177,PR-2025-00420,PRC-VND-0091,2779500.0,2026-01-04,2026-02-03,Paid
INV-2025-00595,CTR-2025-00178,PR-2025-00431,PRC-VND-0039,7582000.0,2025-12-27,2026-01-26,Paid
INV-2025-00596,CTR-2025-00179,PR-2025-00454,PRC-VND-0121,24981000.0,2025-12-25,2026-01-24,Paid
INV-2025-00597,CTR-2025-00180,PR-2025-00551,PRC-VND-0004,14245000.0,2025-10-21,2025-11-20,Paid
INV-2025-00598,CTR-2025-00180,PR-2025-00551,PRC-VND-0004,14245000.0,2025-12-15,2026-01-14,Paid
INV-2025-00599,CTR-2025-00181,PR-2025-00437,PRC-VND-0031,40307000.0,2025-11-11,2025-12-11,Paid
INV-2025-00600,CTR-2025-00182,PR-2025-00502,PRC-VND-0091,2881000.0,2025-11-17,2025-12-17,Paid
INV-2026-00601,CTR-2025-00182,PR-2025-00502,PRC-VND-0091,2881000.0,2026-01-12,2026-02-11,Paid
INV-2026-00602,CTR-2025-00183,PR-2025-00002,PRC-VND-0093,44455000.0,2026-01-06,2026-02-05,Paid
INV-2025-00603,CTR-2025-00184,PR-2025-00277,PRC-VND-0106,11219000.0,2025-11-19,2025-12-19,Paid
INV-2025-00604,CTR-2025-00185,PR-2025-00702,PRC-VND-0109,3125333.33,2025-11-10,2025-12-10,Paid
INV-2026-00605,CTR-2025-00185,PR-2025-00702,PRC-VND-0109,3125333.33,2026-01-04,2026-02-03,Paid
INV-2026-00606,CTR-2025-00185,PR-2025-00702,PRC-VND-0109,3125333.34,2026-02-28,2026-03-30,Paid
INV-2025-00607,CTR-2025-00186,PR-2025-00608,PRC-VND-0042,2488500.0,2025-11-08,2025-12-08,Paid
INV-2026-00608,CTR-2025-00186,PR-2025-00608,PRC-VND-0042,2488500.0,2026-01-06,2026-02-05,Paid
INV-2025-00609,CTR-2025-00187,PR-2025-00660,PRC-VND-0003,7014000.0,2025-10-06,2025-11-05,Paid
INV-2025-00610,CTR-2025-00187,PR-2025-00660,PRC-VND-0003,7014000.0,2025-10-31,2025-11-30,Paid
INV-2025-00611,CTR-2025-00187,PR-2025-00660,PRC-VND-0003,7014000.0,2025-11-25,2025-12-25,Paid
INV-2025-00612,CTR-2025-00188,PR-2025-00546,PRC-VND-0132,4395000.0,2025-10-29,2025-11-28,Paid
INV-2025-00613,CTR-2025-00188,PR-2025-00546,PRC-VND-0132,4395000.0,2025-12-19,2026-01-18,Paid
INV-2025-00614,CTR-2025-00189,PR-2025-00319,PRC-VND-0093,2388000.0,2025-11-10,2025-12-10,Paid
INV-2025-00615,CTR-2025-00189,PR-2025-00319,PRC-VND-0093,2388000.0,2025-12-26,2026-01-25,Paid
INV-2026-00616,CTR-2025-00189,PR-2025-00319,PRC-VND-0093,2388000.0,2026-02-10,2026-03-12,Paid
INV-2025-00617,CTR-2025-00190,PR-2025-00751,PRC-VND-0144,14643000.0,2025-11-03,2025-12-03,Paid
INV-2025-00618,CTR-2025-00190,PR-2025-00751,PRC-VND-0144,14643000.0,2025-12-25,2026-01-24,Paid
INV-2026-00619,CTR-2025-00190,PR-2025-00751,PRC-VND-0144,14643000.0,2026-02-15,2026-03-17,Paid
INV-2025-00620,CTR-2025-00191,PR-2025-00122,PRC-VND-0006,15047000.0,2025-12-23,2026-01-22,Paid
INV-2026-00621,CTR-2025-00192,PR-2025-00328,PRC-VND-0136,26633000.0,2026-01-06,2026-02-05,Paid
INV-2025-00622,CTR-2025-00193,PR-2025-00587,PRC-VND-0040,6861000.0,2025-12-05,2026-01-04,Paid
INV-2026-00623,CTR-2025-00193,PR-2025-00587,PRC-VND-0040,6861000.0,2026-02-11,2026-03-13,Paid
INV-2025-00624,CTR-2025-00194,PR-2025-00107,PRC-VND-0037,1802000.0,2025-11-18,2025-12-18,Paid
INV-2026-00625,CTR-2025-00194,PR-2025-00107,PRC-VND-0037,1802000.0,2026-01-07,2026-02-06,Paid
INV-2026-00626,CTR-2025-00194,PR-2025-00107,PRC-VND-0037,1802000.0,2026-02-26,2026-03-28,Paid
INV-2025-00627,CTR-2025-00195,PR-2025-00059,PRC-VND-0119,14992000.0,2025-10-24,2025-11-23,Paid
INV-2025-00628,CTR-2025-00195,PR-2025-00059,PRC-VND-0119,14992000.0,2025-11-27,2025-12-27,Paid
INV-2025-00629,CTR-2025-00196,PR-2025-00028,PRC-VND-0079,17924000.0,2025-11-25,2025-12-25,Paid
INV-2025-00630,CTR-2025-00197,PR-2025-00038,PRC-VND-0145,33173000.0,2025-11-26,2025-12-26,Paid
INV-2025-00631,CTR-2025-00198,PR-2025-00672,PRC-VND-0009,16906000.0,2025-12-10,2026-01-09,Paid
INV-2025-00632,CTR-2025-00199,PR-2025-00402,PRC-VND-0005,13357000.0,2025-11-02,2025-12-02,Paid
INV-2025-00633,CTR-2025-00199,PR-2025-00402,PRC-VND-0005,13357000.0,2025-12-16,2026-01-15,Paid
INV-2026-00634,CTR-2025-00199,PR-2025-00402,PRC-VND-0005,13357000.0,2026-01-28,2026-02-27,Paid
INV-2025-00635,CTR-2025-00200,PR-2025-00484,PRC-VND-0080,3817666.67,2025-11-17,2025-12-17,Paid
INV-2025-00636,CTR-2025-00200,PR-2025-00484,PRC-VND-0080,3817666.67,2025-12-28,2026-01-27,Paid
INV-2026-00637,CTR-2025-00200,PR-2025-00484,PRC-VND-0080,3817666.66,2026-02-07,2026-03-09,Paid
INV-2025-00638,CTR-2025-00201,PR-2025-00623,PRC-VND-0012,21995000.0,2025-11-03,2025-12-03,Paid
INV-2025-00639,CTR-2025-00201,PR-2025-00623,PRC-VND-0012,21995000.0,2025-12-06,2026-01-05,Paid
INV-2025-00640,CTR-2025-00202,PR-2025-00475,PRC-VND-0040,14270000.0,2025-12-27,2026-01-26,Paid
INV-2025-00641,CTR-2025-00203,PR-2025-00078,PRC-VND-0123,10268500.0,2025-12-03,2026-01-02,Paid
INV-2026-00642,CTR-2025-00203,PR-2025-00078,PRC-VND-0123,10268500.0,2026-01-26,2026-02-25,Paid
INV-2025-00643,CTR-2025-00204,PR-2025-00264,PRC-VND-0092,13460000.0,2025-12-07,2026-01-06,Paid
INV-2025-00644,CTR-2025-00205,PR-2025-00685,PRC-VND-0017,7214666.67,2025-11-27,2025-12-27,Paid
INV-2026-00645,CTR-2025-00205,PR-2025-00685,PRC-VND-0017,7214666.67,2026-01-08,2026-02-07,Paid
INV-2026-00646,CTR-2025-00205,PR-2025-00685,PRC-VND-0017,7214666.66,2026-02-19,2026-03-21,Paid
INV-2025-00647,CTR-2025-00206,PR-2025-00571,PRC-VND-0116,11293666.67,2025-12-17,2026-01-16,Paid
INV-2026-00648,CTR-2025-00206,PR-2025-00571,PRC-VND-0116,11293666.67,2026-02-15,2026-03-17,Paid
INV-2026-00649,CTR-2025-00206,PR-2025-00571,PRC-VND-0116,11293666.66,2026-04-16,2026-05-16,Paid
INV-2025-00650,CTR-2025-00207,PR-2025-00034,PRC-VND-0118,5166000.0,2025-11-22,2025-12-22,Paid
INV-2026-00651,CTR-2025-00207,PR-2025-00034,PRC-VND-0118,5166000.0,2026-01-03,2026-02-02,Paid
INV-2025-00652,CTR-2025-00208,PR-2025-00308,PRC-VND-0112,30244000.0,2025-12-18,2026-01-17,Paid
INV-2025-00653,CTR-2025-00209,PR-2025-00119,PRC-VND-0087,7254000.0,2025-11-28,2025-12-28,Paid
INV-2026-00654,CTR-2025-00209,PR-2025-00119,PRC-VND-0087,7254000.0,2026-01-31,2026-03-02,Paid
INV-2025-00655,CTR-2025-00210,PR-2025-00009,PRC-VND-0018,4050333.33,2025-11-04,2025-12-04,Paid
INV-2025-00656,CTR-2025-00210,PR-2025-00009,PRC-VND-0018,4050333.33,2025-12-01,2025-12-31,Paid
INV-2025-00657,CTR-2025-00210,PR-2025-00009,PRC-VND-0018,4050333.34,2025-12-28,2026-01-27,Paid
INV-2025-00658,CTR-2025-00211,PR-2025-00428,PRC-VND-0010,12333000.0,2025-12-06,2026-01-05,Paid
INV-2026-00659,CTR-2025-00211,PR-2025-00428,PRC-VND-0010,12333000.0,2026-01-17,2026-02-16,Paid
INV-2025-00660,CTR-2025-00212,PR-2025-00421,PRC-VND-0113,8469000.0,2025-11-12,2025-12-12,Paid
INV-2025-00661,CTR-2025-00212,PR-2025-00421,PRC-VND-0113,8469000.0,2025-12-10,2026-01-09,Paid
INV-2026-00662,CTR-2025-00212,PR-2025-00421,PRC-VND-0113,8469000.0,2026-01-06,2026-02-05,Paid
INV-2025-00663,CTR-2025-00213,PR-2025-00195,PRC-VND-0017,18013000.0,2025-11-25,2025-12-25,Paid
INV-2026-00664,CTR-2025-00213,PR-2025-00195,PRC-VND-0017,18013000.0,2026-01-06,2026-02-05,Paid
INV-2025-00665,CTR-2025-00214,PR-2025-00207,PRC-VND-0043,4602666.67,2025-11-11,2025-12-11,Paid
INV-2025-00666,CTR-2025-00214,PR-2025-00207,PRC-VND-0043,4602666.67,2025-12-10,2026-01-09,Paid
INV-2026-00667,CTR-2025-00214,PR-2025-00207,PRC-VND-0043,4602666.66,2026-01-08,2026-02-07,Paid
INV-2025-00668,CTR-2025-00215,PR-2025-00777,PRC-VND-0028,9192500.0,2025-12-29,2026-01-28,Paid
INV-2026-00669,CTR-2025-00215,PR-2025-00777,PRC-VND-0028,9192500.0,2026-03-02,2026-04-01,Paid
INV-2025-00670,CTR-2025-00216,PR-2025-00267,PRC-VND-0004,23050000.0,2025-12-11,2026-01-10,Paid
INV-2026-00671,CTR-2025-00216,PR-2025-00267,PRC-VND-0004,23050000.0,2026-01-26,2026-02-25,Paid
INV-2025-00672,CTR-2025-00217,PR-2025-00242,PRC-VND-0066,10322000.0,2025-11-21,2025-12-21,Paid
INV-2025-00673,CTR-2025-00217,PR-2025-00242,PRC-VND-0066,10322000.0,2025-12-28,2026-01-27,Paid
INV-2025-00674,CTR-2025-00218,PR-2025-00300,PRC-VND-0031,23523000.0,2025-12-11,2026-01-10,Paid
INV-2025-00675,CTR-2025-00219,PR-2025-00010,PRC-VND-0009,12182000.0,2025-11-09,2025-12-09,Paid
INV-2025-00676,CTR-2025-00219,PR-2025-00010,PRC-VND-0009,12182000.0,2025-12-10,2026-01-09,Paid
INV-2025-00677,CTR-2025-00220,PR-2025-00315,PRC-VND-0011,8813000.0,2025-11-19,2025-12-19,Paid
INV-2025-00678,CTR-2025-00220,PR-2025-00315,PRC-VND-0011,8813000.0,2025-12-14,2026-01-13,Paid
INV-2026-00679,CTR-2025-00220,PR-2025-00315,PRC-VND-0011,8813000.0,2026-01-08,2026-02-07,Paid
INV-2025-00680,CTR-2025-00221,PR-2025-00012,PRC-VND-0017,2677333.33,2025-11-18,2025-12-18,Paid
INV-2025-00681,CTR-2025-00221,PR-2025-00012,PRC-VND-0017,2677333.33,2025-12-22,2026-01-21,Paid
INV-2026-00682,CTR-2025-00221,PR-2025-00012,PRC-VND-0017,2677333.34,2026-01-25,2026-02-24,Paid
INV-2025-00683,CTR-2025-00222,PR-2025-00237,PRC-VND-0049,22622000.0,2025-12-06,2026-01-05,Paid
INV-2025-00684,CTR-2025-00223,PR-2025-00782,PRC-VND-0140,1282000.0,2025-11-26,2025-12-26,Paid
INV-2026-00685,CTR-2025-00223,PR-2025-00782,PRC-VND-0140,1282000.0,2026-01-13,2026-02-12,Paid
INV-2026-00686,CTR-2025-00223,PR-2025-00782,PRC-VND-0140,1282000.0,2026-03-02,2026-04-01,Paid
INV-2025-00687,CTR-2025-00224,PR-2025-00295,PRC-VND-0001,1743666.67,2025-12-08,2026-01-07,Paid
INV-2026-00688,CTR-2025-00224,PR-2025-00295,PRC-VND-0001,1743666.67,2026-01-09,2026-02-08,Paid
INV-2026-00689,CTR-2025-00224,PR-2025-00295,PRC-VND-0001,1743666.66,2026-02-09,2026-03-11,Paid
INV-2026-00690,CTR-2025-00225,PR-2025-00397,PRC-VND-0065,2185000.0,2026-01-14,2026-02-13,Paid
INV-2025-00691,CTR-2025-00226,PR-2025-00205,PRC-VND-0073,5871000.0,2025-12-29,2026-01-28,Paid
INV-2025-00692,CTR-2025-00227,PR-2025-00071,PRC-VND-0061,7755000.0,2025-12-30,2026-01-29,Paid
INV-2026-00693,CTR-2025-00227,PR-2025-00071,PRC-VND-0061,7755000.0,2026-02-26,2026-03-28,Paid
INV-2025-00694,CTR-2025-00228,PR-2025-00649,PRC-VND-0068,6420000.0,2025-11-25,2025-12-25,Paid
INV-2025-00695,CTR-2025-00228,PR-2025-00649,PRC-VND-0068,6420000.0,2025-12-27,2026-01-26,Paid
INV-2026-00696,CTR-2025-00228,PR-2025-00649,PRC-VND-0068,6420000.0,2026-01-27,2026-02-26,Paid
INV-2025-00697,CTR-2025-00229,PR-2025-00383,PRC-VND-0068,16689000.0,2025-12-27,2026-01-26,Paid
INV-2026-00698,CTR-2025-00229,PR-2025-00383,PRC-VND-0068,16689000.0,2026-02-21,2026-03-23,Paid
INV-2025-00699,CTR-2025-00230,PR-2025-00476,PRC-VND-0138,11494500.0,2025-11-29,2025-12-29,Paid
INV-2026-00700,CTR-2025-00230,PR-2025-00476,PRC-VND-0138,11494500.0,2026-01-02,2026-02-01,Paid
INV-2026-00701,CTR-2025-00231,PR-2025-00716,PRC-VND-0061,3234000.0,2026-01-14,2026-02-13,Paid
INV-2025-00702,CTR-2025-00232,PR-2025-00418,PRC-VND-0135,16756000.0,2025-12-22,2026-01-21,Paid
INV-2026-00703,CTR-2025-00232,PR-2025-00418,PRC-VND-0135,16756000.0,2026-02-28,2026-03-30,Paid
INV-2026-00704,CTR-2025-00233,PR-2025-00449,PRC-VND-0032,33204000.0,2026-01-22,2026-02-21,Paid
INV-2026-00705,CTR-2025-00234,PR-2025-00412,PRC-VND-0033,21866000.0,2026-02-18,2026-03-20,Paid
INV-2025-00706,CTR-2025-00235,PR-2025-00022,PRC-VND-0077,9304000.0,2025-11-21,2025-12-21,Paid
INV-2025-00707,CTR-2025-00235,PR-2025-00022,PRC-VND-0077,9304000.0,2025-12-16,2026-01-15,Paid
INV-2026-00708,CTR-2025-00235,PR-2025-00022,PRC-VND-0077,9304000.0,2026-01-10,2026-02-09,Paid
INV-2026-00709,CTR-2025-00236,PR-2025-00436,PRC-VND-0037,39195000.0,2026-02-02,2026-03-04,Paid
INV-2026-00710,CTR-2025-00237,PR-2025-00607,PRC-VND-0085,15164500.0,2026-01-12,2026-02-11,Paid
INV-2026-00711,CTR-2025-00237,PR-2025-00607,PRC-VND-0085,15164500.0,2026-03-11,2026-04-10,Paid
INV-2026-00712,CTR-2025-00238,PR-2025-00150,PRC-VND-0128,24633000.0,2026-01-10,2026-02-09,Paid
INV-2025-00713,CTR-2025-00239,PR-2025-00799,PRC-VND-0014,4945333.33,2025-12-16,2026-01-15,Paid
INV-2026-00714,CTR-2025-00239,PR-2025-00799,PRC-VND-0014,4945333.33,2026-01-25,2026-02-24,Paid
INV-2026-00715,CTR-2025-00239,PR-2025-00799,PRC-VND-0014,4945333.34,2026-03-05,2026-04-04,Paid
INV-2026-00716,CTR-2025-00240,PR-2025-00156,PRC-VND-0135,18944000.0,2026-01-31,2026-03-02,Paid
INV-2026-00717,CTR-2025-00241,PR-2025-00199,PRC-VND-0103,12446666.67,2026-01-09,2026-02-08,Paid
INV-2026-00718,CTR-2025-00241,PR-2025-00199,PRC-VND-0103,12446666.67,2026-02-21,2026-03-23,Paid
INV-2026-00719,CTR-2025-00241,PR-2025-00199,PRC-VND-0103,12446666.66,2026-04-05,2026-05-05,Paid
INV-2026-00720,CTR-2025-00242,PR-2025-00210,PRC-VND-0019,30963000.0,2026-03-17,2026-04-16,Paid
INV-2026-00721,CTR-2025-00243,PR-2025-00016,PRC-VND-0081,9273500.0,2026-01-29,2026-02-28,Paid
INV-2026-00722,CTR-2025-00243,PR-2025-00016,PRC-VND-0081,9273500.0,2026-04-06,2026-05-06,Paid
INV-2025-00723,CTR-2025-00244,PR-2025-00461,PRC-VND-0127,1672666.67,2025-12-23,2026-01-22,Paid
INV-2026-00724,CTR-2025-00244,PR-2025-00461,PRC-VND-0127,1672666.67,2026-02-04,2026-03-06,Paid
INV-2026-00725,CTR-2025-00244,PR-2025-00461,PRC-VND-0127,1672666.66,2026-03-18,2026-04-17,Paid
INV-2025-00726,CTR-2025-00245,PR-2025-00631,PRC-VND-0127,8851333.33,2025-12-12,2026-01-11,Paid
INV-2026-00727,CTR-2025-00245,PR-2025-00631,PRC-VND-0127,8851333.33,2026-01-09,2026-02-08,Paid
INV-2026-00728,CTR-2025-00245,PR-2025-00631,PRC-VND-0127,8851333.34,2026-02-06,2026-03-08,Paid
INV-2026-00729,CTR-2025-00246,PR-2025-00273,PRC-VND-0076,9934000.0,2026-01-13,2026-02-12,Paid
INV-2026-00730,CTR-2025-00247,PR-2025-00653,PRC-VND-0063,492333.33,2026-01-29,2026-02-28,Paid
INV-2026-00731,CTR-2025-00247,PR-2025-00653,PRC-VND-0063,492333.33,2026-03-29,2026-04-28,Paid
INV-2026-00732,CTR-2025-00247,PR-2025-00653,PRC-VND-0063,492333.34,2026-05-27,2026-06-26,Paid
INV-2026-00733,CTR-2025-00248,PR-2025-00289,PRC-VND-0076,38213000.0,2026-03-26,2026-04-25,Paid
INV-2026-00734,CTR-2025-00249,PR-2025-00792,PRC-VND-0046,39725000.0,2026-03-02,2026-04-01,Paid
INV-2026-00735,CTR-2025-00250,PR-2025-00229,PRC-VND-0108,2711000.0,2026-02-11,2026-03-13,Paid
INV-2026-00736,CTR-2025-00250,PR-2025-00229,PRC-VND-0108,2711000.0,2026-04-30,2026-05-30,Paid
INV-2026-00737,CTR-2025-00251,PR-2025-00657,PRC-VND-0039,19132000.0,2026-01-29,2026-02-28,Paid
INV-2026-00738,CTR-2025-00251,PR-2025-00657,PRC-VND-0039,19132000.0,2026-04-04,2026-05-04,Paid
INV-2026-00739,CTR-2025-00252,PR-2025-00094,PRC-VND-0025,37840000.0,2026-03-14,2026-04-13,Paid
INV-2026-00740,CTR-2025-00253,PR-2025-00203,PRC-VND-0074,1296666.67,2026-01-14,2026-02-13,Paid
INV-2026-00741,CTR-2025-00253,PR-2025-00203,PRC-VND-0074,1296666.67,2026-03-12,2026-04-11,Paid
INV-2026-00742,CTR-2025-00253,PR-2025-00203,PRC-VND-0074,1296666.66,2026-05-07,2026-06-06,Paid
INV-2026-00743,CTR-2025-00254,PR-2025-00352,PRC-VND-0025,29345000.0,2026-03-23,2026-04-22,Paid
INV-2026-00744,CTR-2025-00255,PR-2025-00540,PRC-VND-0096,22260000.0,2026-01-25,2026-02-24,Paid
INV-2026-00745,CTR-2025-00256,PR-2025-00007,PRC-VND-0033,15702333.33,2026-02-07,2026-03-09,Paid
INV-2026-00746,CTR-2025-00256,PR-2025-00007,PRC-VND-0033,15702333.33,2026-04-05,2026-05-05,Paid
INV-2026-00747,CTR-2025-00256,PR-2025-00007,PRC-VND-0033,15702333.34,2026-06-01,2026-07-01,Paid
INV-2026-00748,CTR-2025-00257,PR-2025-00639,PRC-VND-0067,8569000.0,2026-01-16,2026-02-15,Paid
INV-2026-00749,CTR-2025-00257,PR-2025-00639,PRC-VND-0067,8569000.0,2026-03-02,2026-04-01,Paid
INV-2026-00750,CTR-2025-00258,PR-2025-00062,PRC-VND-0064,7881000.0,2026-03-11,2026-04-10,Paid
INV-2026-00751,CTR-2025-00259,PR-2025-00545,PRC-VND-0083,13368666.67,2026-02-03,2026-03-05,Paid
INV-2026-00752,CTR-2025-00259,PR-2025-00545,PRC-VND-0083,13368666.67,2026-03-22,2026-04-21,Paid
INV-2026-00753,CTR-2025-00259,PR-2025-00545,PRC-VND-0083,13368666.66,2026-05-08,2026-06-07,Paid
INV-2026-00754,CTR-2025-00260,PR-2025-00216,PRC-VND-0001,10627500.0,2026-02-13,2026-03-15,Paid
INV-2026-00755,CTR-2025-00260,PR-2025-00216,PRC-VND-0001,10627500.0,2026-05-01,2026-05-31,Paid
INV-2026-00756,CTR-2025-00261,PR-2025-00794,PRC-VND-0099,1871000.0,2026-02-14,2026-03-16,Paid
INV-2026-00757,CTR-2025-00261,PR-2025-00794,PRC-VND-0099,1871000.0,2026-04-23,2026-05-23,Paid
INV-2026-00758,CTR-2025-00262,PR-2025-00017,PRC-VND-0137,1962000.0,2026-03-08,2026-04-07,Paid
INV-2026-00759,CTR-2025-00262,PR-2025-00017,PRC-VND-0137,1962000.0,2026-05-21,2026-06-20,Paid
INV-2026-00760,CTR-2025-00263,PR-2025-00365,PRC-VND-0106,7203000.0,2026-01-30,2026-03-01,Paid
INV-2026-00761,CTR-2025-00263,PR-2025-00365,PRC-VND-0106,7203000.0,2026-03-23,2026-04-22,Paid
INV-2026-00762,CTR-2025-00264,PR-2025-00601,PRC-VND-0141,1596000.0,2026-03-01,2026-03-31,Paid
INV-2026-00763,CTR-2025-00264,PR-2025-00601,PRC-VND-0141,1596000.0,2026-05-08,2026-06-07,Paid
INV-2026-00764,CTR-2025-00265,PR-2025-00677,PRC-VND-0147,7486000.0,2026-02-28,2026-03-30,Paid
INV-2026-00765,CTR-2025-00266,PR-2025-00724,PRC-VND-0068,5364333.33,2026-01-19,2026-02-18,Paid
INV-2026-00766,CTR-2025-00266,PR-2025-00724,PRC-VND-0068,5364333.33,2026-02-15,2026-03-17,Paid
INV-2026-00767,CTR-2025-00266,PR-2025-00724,PRC-VND-0068,5364333.34,2026-03-13,2026-04-12,Paid
INV-2026-00768,CTR-2025-00267,PR-2025-00636,PRC-VND-0024,16048500.0,2026-03-01,2026-03-31,Paid
INV-2026-00769,CTR-2025-00267,PR-2025-00636,PRC-VND-0024,16048500.0,2026-05-12,2026-06-11,Paid
INV-2026-00770,CTR-2025-00268,PR-2025-00268,PRC-VND-0125,3725000.0,2026-04-12,2026-05-12,Paid
INV-2026-00771,CTR-2025-00269,PR-2025-00305,PRC-VND-0064,7299333.33,2026-02-17,2026-03-19,Paid
INV-2026-00772,CTR-2025-00269,PR-2025-00305,PRC-VND-0064,7299333.33,2026-04-10,2026-05-10,Paid
INV-2026-00773,CTR-2025-00269,PR-2025-00305,PRC-VND-0064,7299333.34,2026-05-31,2026-06-30,Paid
INV-2026-00774,CTR-2025-00270,PR-2025-00244,PRC-VND-0011,32389000.0,2026-02-24,2026-03-26,Paid
INV-2026-00775,CTR-2025-00271,PR-2025-00419,PRC-VND-0064,3475333.33,2026-01-28,2026-02-27,Paid
INV-2026-00776,CTR-2025-00271,PR-2025-00419,PRC-VND-0064,3475333.33,2026-03-15,2026-04-14,Paid
INV-2026-00777,CTR-2025-00271,PR-2025-00419,PRC-VND-0064,3475333.34,2026-04-30,2026-05-30,Paid
INV-2026-00778,CTR-2025-00272,PR-2025-00036,PRC-VND-0109,18930000.0,2026-02-07,2026-03-09,Paid
INV-2026-00779,CTR-2025-00273,PR-2025-00008,PRC-VND-0094,17676000.0,2026-02-24,2026-03-26,Paid
INV-2026-00780,CTR-2025-00273,PR-2025-00008,PRC-VND-0094,17676000.0,2026-05-12,2026-06-11,Paid
INV-2026-00781,CTR-2025-00274,PR-2025-00469,PRC-VND-0001,8370812.55,2026-04-22,2026-05-22,Paid
INV-2026-00782,CTR-2025-00275,PR-2025-00580,PRC-VND-0126,27385000.0,2026-04-11,2026-05-11,Paid
INV-2026-00783,CTR-2025-00276,PR-2025-00115,PRC-VND-0060,35314000.0,2026-04-03,2026-05-03,Paid
INV-2026-00784,CTR-2025-00277,PR-2025-00131,PRC-VND-0035,4023000.0,2026-02-13,2026-03-15,Paid
INV-2026-00785,CTR-2025-00277,PR-2025-00131,PRC-VND-0035,4023000.0,2026-03-29,2026-04-28,Paid
INV-2026-00786,CTR-2025-00278,PR-2025-00170,PRC-VND-0083,15863000.0,2026-02-19,2026-03-21,Paid
INV-2026-00787,CTR-2025-00278,PR-2025-00170,PRC-VND-0083,15863000.0,2026-04-22,2026-05-22,Paid
INV-2026-00788,CTR-2025-00279,PR-2025-00510,PRC-VND-0146,15130000.0,2026-02-16,2026-03-18,Paid
INV-2026-00789,CTR-2025-00279,PR-2025-00510,PRC-VND-0146,15130000.0,2026-03-20,2026-04-19,Paid
INV-2026-00790,CTR-2025-00280,PR-2025-00090,PRC-VND-0055,3906666.67,2026-02-24,2026-03-26,Paid
INV-2026-00791,CTR-2025-00280,PR-2025-00090,PRC-VND-0055,3906666.67,2026-04-11,2026-05-11,Paid
INV-2026-00792,CTR-2025-00280,PR-2025-00090,PRC-VND-0055,3906666.66,2026-05-27,2026-06-26,Paid
INV-2026-00793,CTR-2025-00281,PR-2025-00406,PRC-VND-0136,18337487.73,2026-04-26,2026-05-26,Paid
INV-2026-00794,CTR-2025-00282,PR-2025-00517,PRC-VND-0035,23551000.0,2026-04-12,2026-05-12,Paid
INV-2026-00795,CTR-2026-00001,PR-2025-00396,PRC-VND-0112,3081511.65,2026-04-06,2026-05-06,Paid
INV-2026-00796,CTR-2026-00001,PR-2025-00396,PRC-VND-0112,3081511.66,2026-06-22,2026-07-22,Paid
INV-2026-00797,CTR-2025-00283,PR-2025-00763,PRC-VND-0073,12615333.33,2026-02-14,2026-03-16,Paid
INV-2026-00798,CTR-2025-00283,PR-2025-00763,PRC-VND-0073,12615333.33,2026-03-19,2026-04-18,Paid
INV-2026-00799,CTR-2025-00283,PR-2025-00763,PRC-VND-0073,12615333.34,2026-04-20,2026-05-20,Paid
INV-2026-00800,CTR-2026-00002,PR-2025-00800,PRC-VND-0060,5725892.64,2026-03-04,2026-04-03,Paid
INV-2026-00801,CTR-2026-00002,PR-2025-00800,PRC-VND-0060,5725892.64,2026-04-28,2026-05-28,Paid
INV-2026-00802,CTR-2026-00002,PR-2025-00800,PRC-VND-0060,5725892.65,2026-06-21,2026-07-21,Paid
INV-2026-00803,CTR-2026-00003,PR-2025-00013,PRC-VND-0004,25251000.0,2026-04-06,2026-05-06,Paid
INV-2026-00804,CTR-2026-00004,PR-2025-00332,PRC-VND-0095,5286000.0,2026-04-11,2026-05-11,Paid
INV-2026-00805,CTR-2026-00005,PR-2025-00524,PRC-VND-0141,19691000.0,2026-02-25,2026-03-27,Paid
INV-2026-00806,CTR-2026-00005,PR-2025-00524,PRC-VND-0141,19691000.0,2026-04-07,2026-05-07,Paid
INV-2026-00807,CTR-2025-00284,PR-2025-00790,PRC-VND-0036,2991837.98,2026-03-19,2026-04-18,Paid
INV-2026-00808,CTR-2025-00284,PR-2025-00790,PRC-VND-0036,2991837.97,2026-06-03,2026-07-03,Paid
INV-2026-00809,CTR-2026-00006,PR-2025-00581,PRC-VND-0083,8991333.33,2026-03-04,2026-04-03,Paid
INV-2026-00810,CTR-2026-00006,PR-2025-00581,PRC-VND-0083,8991333.33,2026-04-20,2026-05-20,Paid
INV-2026-00811,CTR-2026-00006,PR-2025-00581,PRC-VND-0083,8991333.34,2026-06-06,2026-07-06,Paid
INV-2026-00812,CTR-2026-00007,PR-2025-00018,PRC-VND-0088,4998500.0,2026-03-08,2026-04-07,Paid
INV-2026-00813,CTR-2026-00007,PR-2025-00018,PRC-VND-0088,4998500.0,2026-04-28,2026-05-28,Paid
INV-2026-00814,CTR-2026-00008,PR-2025-00186,PRC-VND-0041,9685000.0,2026-04-01,2026-05-01,Paid
INV-2026-00815,CTR-2026-00008,PR-2025-00186,PRC-VND-0041,9685000.0,2026-05-21,2026-06-20,Paid
INV-2026-00816,CTR-2026-00009,PR-2025-00208,PRC-VND-0026,4854104.1,2026-03-25,2026-04-24,Paid
INV-2026-00817,CTR-2026-00009,PR-2025-00208,PRC-VND-0026,4854104.1,2026-05-21,2026-06-20,Paid
INV-2026-00818,CTR-2026-00009,PR-2025-00208,PRC-VND-0026,4854104.1,2026-07-16,2026-08-15,Paid
INV-2026-00819,CTR-2025-00285,PR-2025-00561,PRC-VND-0049,7123333.33,2026-02-07,2026-03-09,Paid
INV-2026-00820,CTR-2025-00285,PR-2025-00561,PRC-VND-0049,7123333.33,2026-03-07,2026-04-06,Paid
INV-2026-00821,CTR-2025-00285,PR-2025-00561,PRC-VND-0049,7123333.34,2026-04-04,2026-05-04,Paid
INV-2026-00822,CTR-2025-00286,PR-2025-00053,PRC-VND-0145,16974000.0,2026-02-13,2026-03-15,Paid
INV-2026-00823,CTR-2025-00286,PR-2025-00053,PRC-VND-0145,16974000.0,2026-03-22,2026-04-21,Paid
INV-2026-00824,CTR-2026-00010,PR-2025-00482,PRC-VND-0064,6745500.0,2026-03-23,2026-04-22,Paid
INV-2026-00825,CTR-2026-00010,PR-2025-00482,PRC-VND-0064,6745500.0,2026-05-15,2026-06-14,Paid
INV-2026-00826,CTR-2026-00011,PR-2025-00228,PRC-VND-0028,5440282.49,2026-04-08,2026-05-08,Paid
INV-2026-00827,CTR-2026-00011,PR-2025-00228,PRC-VND-0028,5440282.5,2026-06-19,2026-07-19,Paid
INV-2026-00828,CTR-2026-00012,PR-2025-00252,PRC-VND-0011,9900333.33,2026-03-05,2026-04-04,Paid
INV-2026-00829,CTR-2026-00012,PR-2025-00252,PRC-VND-0011,9900333.33,2026-04-16,2026-05-16,Paid
INV-2026-00830,CTR-2026-00012,PR-2025-00252,PRC-VND-0011,9900333.34,2026-05-27,2026-06-26,Paid
INV-2026-00831,CTR-2026-00013,PR-2025-00479,PRC-VND-0015,4303869.47,2026-03-15,2026-04-14,Paid
INV-2026-00832,CTR-2026-00013,PR-2025-00479,PRC-VND-0015,4303869.47,2026-05-06,2026-06-05,Paid
INV-2026-00833,CTR-2026-00013,PR-2025-00479,PRC-VND-0015,4303869.47,2026-06-26,2026-07-26,Paid
INV-2026-00834,CTR-2026-00014,PR-2025-00152,PRC-VND-0023,18207122.38,2026-05-20,2026-06-19,Paid
INV-2026-00835,CTR-2026-00015,PR-2025-00384,PRC-VND-0145,14761500.0,2026-03-24,2026-04-23,Paid
INV-2026-00836,CTR-2026-00015,PR-2025-00384,PRC-VND-0145,14761500.0,2026-05-21,2026-06-20,Paid
INV-2026-00837,CTR-2026-00016,PR-2025-00472,PRC-VND-0003,7349699.63,2026-05-13,2026-06-12,Paid
INV-2026-00838,CTR-2026-00017,PR-2025-00003,PRC-VND-0016,11290666.67,2026-03-09,2026-04-08,Paid
INV-2026-00839,CTR-2026-00017,PR-2025-00003,PRC-VND-0016,11290666.67,2026-04-13,2026-05-13,Paid
INV-2026-00840,CTR-2026-00017,PR-2025-00003,PRC-VND-0016,11290666.66,2026-05-18,2026-06-17,Paid
INV-2026-00841,CTR-2026-00018,PR-2025-00113,PRC-VND-0043,30510000.0,2026-03-28,2026-04-27,Paid
INV-2026-00842,CTR-2026-00019,PR-2025-00194,PRC-VND-0147,16803000.0,2026-04-29,2026-05-29,Paid
INV-2026-00843,CTR-2026-00020,PR-2025-00042,PRC-VND-0063,11131474.32,2026-05-17,2026-06-16,Paid
INV-2026-00844,CTR-2026-00021,PR-2025-00099,PRC-VND-0117,2427000.0,2026-03-24,2026-04-23,Paid
INV-2026-00845,CTR-2026-00021,PR-2025-00099,PRC-VND-0117,2427000.0,2026-04-22,2026-05-22,Paid
INV-2026-00846,CTR-2026-00021,PR-2025-00099,PRC-VND-0117,2427000.0,2026-05-21,2026-06-20,Paid
INV-2026-00847,CTR-2026-00022,PR-2025-00274,PRC-VND-0045,11807333.33,2026-03-02,2026-04-01,Paid
INV-2026-00848,CTR-2026-00022,PR-2025-00274,PRC-VND-0045,11807333.33,2026-03-27,2026-04-26,Paid
INV-2026-00849,CTR-2026-00022,PR-2025-00274,PRC-VND-0045,11807333.34,2026-04-21,2026-05-21,Paid
INV-2026-00850,CTR-2026-00023,PR-2025-00137,PRC-VND-0068,27272232.58,2026-05-08,2026-06-07,Paid
INV-2026-00851,CTR-2026-00024,PR-2025-00253,PRC-VND-0149,12498000.0,2026-03-07,2026-04-06,Paid
INV-2026-00852,CTR-2026-00024,PR-2025-00253,PRC-VND-0149,12498000.0,2026-04-02,2026-05-02,Paid
INV-2026-00853,CTR-2026-00024,PR-2025-00253,PRC-VND-0149,12498000.0,2026-04-28,2026-05-28,Paid
INV-2026-00854,CTR-2026-00025,PR-2025-00600,PRC-VND-0125,11535000.0,2026-04-01,2026-05-01,Paid
INV-2026-00855,CTR-2026-00025,PR-2025-00600,PRC-VND-0125,11535000.0,2026-05-22,2026-06-21,Paid
INV-2026-00856,CTR-2026-00026,PR-2026-00037,PRC-VND-0086,2872333.33,2026-03-17,2026-04-16,Paid
INV-2026-00857,CTR-2026-00026,PR-2026-00037,PRC-VND-0086,2872333.33,2026-04-09,2026-05-09,Paid
INV-2026-00858,CTR-2026-00026,PR-2026-00037,PRC-VND-0086,2872333.34,2026-05-02,2026-06-01,Paid
INV-2026-00859,CTR-2026-00027,PR-2026-00093,PRC-VND-0043,3891000.0,2026-03-04,2026-04-03,Paid
INV-2026-00860,CTR-2026-00027,PR-2026-00093,PRC-VND-0043,3891000.0,2026-04-10,2026-05-10,Paid
INV-2026-00861,CTR-2026-00028,PR-2026-00184,PRC-VND-0041,10389666.67,2026-03-30,2026-04-29,Paid
INV-2026-00862,CTR-2026-00028,PR-2026-00184,PRC-VND-0041,10389666.67,2026-04-29,2026-05-29,Paid
INV-2026-00863,CTR-2026-00028,PR-2026-00184,PRC-VND-0041,10389666.66,2026-05-29,2026-06-28,Paid
INV-2026-00864,CTR-2026-00029,PR-2026-00304,PRC-VND-0142,1746552.11,2026-04-25,2026-05-25,Paid
INV-2026-00865,CTR-2026-00029,PR-2026-00304,PRC-VND-0142,1746552.1,2026-06-30,2026-07-30,Paid
INV-2026-00866,CTR-2026-00030,PR-2026-00353,PRC-VND-0028,7567000.0,2026-05-19,2026-06-18,Paid
INV-2026-00867,CTR-2026-00031,PR-2026-00023,PRC-VND-0018,10841064.04,2026-06-06,2026-07-06,Paid
INV-2026-00868,CTR-2026-00032,PR-2026-00215,PRC-VND-0134,15936000.0,2026-04-23,2026-05-23,Paid
INV-2026-00869,CTR-2026-00033,PR-2026-00441,PRC-VND-0056,18292894.67,2026-06-04,2026-07-04,Paid
INV-2026-00870,CTR-2026-00034,PR-2026-00079,PRC-VND-0091,390329.52,2026-06-08,2026-07-08,Paid
INV-2026-00871,CTR-2026-00035,PR-2026-00246,PRC-VND-0094,1131327.14,2026-04-13,2026-05-13,Paid
INV-2026-00872,CTR-2026-00035,PR-2026-00246,PRC-VND-0094,1131327.14,2026-05-31,2026-06-30,Paid
INV-2026-00873,CTR-2026-00035,PR-2026-00246,PRC-VND-0094,1131327.15,2026-07-18,2026-08-17,Paid
INV-2026-00874,CTR-2026-00036,PR-2026-00322,PRC-VND-0118,5570000.0,2026-04-30,2026-05-30,Paid
INV-2026-00875,CTR-2026-00037,PR-2026-00104,PRC-VND-0095,2914616.63,2026-04-25,2026-05-25,Paid
INV-2026-00876,CTR-2026-00037,PR-2026-00104,PRC-VND-0095,2914616.63,2026-06-09,2026-07-09,Paid
INV-2026-00877,CTR-2026-00037,PR-2026-00104,PRC-VND-0095,2914616.62,2026-07-24,2026-08-23,Paid
INV-2026-00878,CTR-2026-00038,PR-2026-00043,PRC-VND-0112,5808333.33,2026-03-30,2026-04-29,Paid
INV-2026-00879,CTR-2026-00038,PR-2026-00043,PRC-VND-0112,5808333.33,2026-04-27,2026-05-27,Paid
INV-2026-00880,CTR-2026-00038,PR-2026-00043,PRC-VND-0112,5808333.34,2026-05-24,2026-06-23,Paid
INV-2026-00881,CTR-2026-00039,PR-2026-00534,PRC-VND-0103,9801062.07,2026-06-10,2026-07-10,Paid
INV-2026-00882,CTR-2026-00040,PR-2026-00238,PRC-VND-0121,8769000.0,2026-04-14,2026-05-14,Paid
INV-2026-00883,CTR-2026-00040,PR-2026-00238,PRC-VND-0121,8769000.0,2026-05-18,2026-06-17,Paid
INV-2026-00884,CTR-2026-00040,PR-2026-00238,PRC-VND-0121,8769000.0,2026-06-21,2026-07-21,Paid
INV-2026-00885,CTR-2026-00041,PR-2026-00202,PRC-VND-0107,14269681.39,2026-07-26,2026-08-25,Paid
INV-2026-00886,CTR-2026-00042,PR-2026-00560,PRC-VND-0035,946189.53,2026-05-13,2026-06-12,Paid
INV-2026-00887,CTR-2026-00042,PR-2026-00560,PRC-VND-0035,946189.53,2026-06-26,2026-07-26,Paid
INV-2026-00888,CTR-2026-00043,PR-2026-00456,PRC-VND-0043,9424500.0,2026-04-19,2026-05-19,Paid
INV-2026-00889,CTR-2026-00043,PR-2026-00456,PRC-VND-0043,9424500.0,2026-05-23,2026-06-22,Paid
INV-2026-00890,CTR-2026-00044,PR-2026-00774,PRC-VND-0002,213387.79,2026-05-26,2026-06-25,Paid
INV-2026-00891,CTR-2026-00044,PR-2026-00774,PRC-VND-0002,213387.78,2026-07-28,2026-08-27,Paid
INV-2026-00892,CTR-2026-00045,PR-2026-00423,PRC-VND-0008,15241294.66,2026-06-06,2026-07-06,Paid
INV-2026-00893,CTR-2026-00046,PR-2026-00464,PRC-VND-0064,17582457.63,2026-06-17,2026-07-17,Paid
INV-2026-00894,CTR-2026-00047,PR-2026-00714,PRC-VND-0100,3282500.0,2026-04-25,2026-05-25,Paid
INV-2026-00895,CTR-2026-00047,PR-2026-00714,PRC-VND-0100,3282500.0,2026-05-26,2026-06-25,Paid
INV-2026-00896,CTR-2026-00048,PR-2026-00522,PRC-VND-0137,323173.12,2026-06-02,2026-07-02,Paid
INV-2026-00897,CTR-2026-00048,PR-2026-00522,PRC-VND-0137,323173.11,2026-07-31,2026-08-30,Paid
INV-2026-00898,CTR-2026-00049,PR-2026-00227,PRC-VND-0112,7833488.61,2026-06-03,2026-07-03,Paid
INV-2026-00899,CTR-2026-00050,PR-2026-00325,PRC-VND-0045,3610054.87,2026-06-04,2026-07-04,Paid
INV-2026-00900,CTR-2026-00050,PR-2026-00325,PRC-VND-0045,3610054.87,2026-08-01,2026-08-31,Paid
INV-2026-00901,CTR-2026-00051,PR-2026-00712,PRC-VND-0132,10410333.33,2026-04-26,2026-05-26,Paid
INV-2026-00902,CTR-2026-00051,PR-2026-00712,PRC-VND-0132,10410333.33,2026-05-19,2026-06-18,Paid
INV-2026-00903,CTR-2026-00051,PR-2026-00712,PRC-VND-0132,10410333.34,2026-06-11,2026-07-11,Paid
INV-2026-00904,CTR-2026-00052,PR-2026-00430,PRC-VND-0094,1675420.07,2026-05-23,2026-06-22,Paid
INV-2026-00905,CTR-2026-00052,PR-2026-00430,PRC-VND-0094,1675420.07,2026-07-02,2026-08-01,Paid
INV-2026-00906,CTR-2026-00053,PR-2026-00641,PRC-VND-0138,2954814.21,2026-05-11,2026-06-10,Paid
INV-2026-00907,CTR-2026-00053,PR-2026-00641,PRC-VND-0138,2954814.21,2026-06-20,2026-07-20,Paid
INV-2026-00908,CTR-2026-00053,PR-2026-00641,PRC-VND-0138,2954814.2,2026-07-30,2026-08-29,Paid
INV-2026-00909,CTR-2026-00054,PR-2026-00391,PRC-VND-0104,25042830.79,2026-06-10,2026-07-10,Paid
INV-2026-00910,CTR-2026-00055,PR-2026-00771,PRC-VND-0007,2130078.45,2026-05-16,2026-06-15,Paid
INV-2026-00911,CTR-2026-00055,PR-2026-00771,PRC-VND-0007,2130078.46,2026-06-25,2026-07-25,Paid
INV-2026-00912,CTR-2026-00056,PR-2026-00092,PRC-VND-0003,11954000.0,2026-06-08,2026-07-08,Paid
INV-2026-00913,CTR-2026-00057,PR-2026-00520,PRC-VND-0001,10060583.06,2026-07-18,2026-08-17,Paid
INV-2026-00914,CTR-2026-00058,PR-2026-00259,PRC-VND-0009,6034103.02,2026-05-23,2026-06-22,Paid
INV-2026-00915,CTR-2026-00058,PR-2026-00259,PRC-VND-0009,6034103.01,2026-07-10,2026-08-09,Paid
INV-2026-00916,CTR-2026-00059,PR-2026-00283,PRC-VND-0041,3550003.05,2026-06-05,2026-07-05,Paid
INV-2026-00917,CTR-2026-00059,PR-2026-00283,PRC-VND-0041,3550003.05,2026-08-02,2026-09-01,Paid
INV-2026-00918,CTR-2026-00060,PR-2026-00514,PRC-VND-0026,2308946.08,2026-06-14,2026-07-14,Paid
INV-2026-00919,CTR-2026-00061,PR-2026-00769,PRC-VND-0049,2369975.16,2026-05-22,2026-06-21,Paid
INV-2026-00920,CTR-2026-00061,PR-2026-00769,PRC-VND-0049,2369975.16,2026-07-05,2026-08-04,Paid
INV-2026-00921,CTR-2026-00062,PR-2026-00373,PRC-VND-0147,1350806.32,2026-06-02,2026-07-02,Paid
INV-2026-00922,CTR-2026-00062,PR-2026-00373,PRC-VND-0147,1350806.32,2026-07-21,2026-08-20,Paid
INV-2026-00923,CTR-2026-00063,PR-2026-00382,PRC-VND-0126,5589185.81,2026-07-03,2026-08-02,Paid
INV-2026-00924,CTR-2026-00064,PR-2026-00019,PRC-VND-0116,6078663.26,2026-05-17,2026-06-16,Paid
INV-2026-00925,CTR-2026-00064,PR-2026-00019,PRC-VND-0116,6078663.26,2026-07-04,2026-08-03,Paid
INV-2026-00926,CTR-2026-00065,PR-2026-00286,PRC-VND-0020,5537666.67,2026-05-08,2026-06-07,Paid
INV-2026-00927,CTR-2026-00065,PR-2026-00286,PRC-VND-0020,5537666.67,2026-06-01,2026-07-01,Paid
INV-2026-00928,CTR-2026-00065,PR-2026-00286,PRC-VND-0020,5537666.66,2026-06-25,2026-07-25,Paid
INV-2026-00929,CTR-2026-00066,PR-2026-00591,PRC-VND-0117,4528002.03,2026-06-04,2026-07-04,Paid
INV-2026-00930,CTR-2026-00066,PR-2026-00591,PRC-VND-0117,4528002.03,2026-07-12,2026-08-11,Paid
INV-2026-00931,CTR-2026-00067,PR-2026-00466,PRC-VND-0119,20837000.0,2026-06-02,2026-07-02,Paid
INV-2026-00932,CTR-2026-00068,PR-2026-00652,PRC-VND-0044,19942000.0,2026-05-24,2026-06-23,Paid
INV-2026-00933,CTR-2026-00069,PR-2026-00603,PRC-VND-0107,6942684.46,2026-06-17,2026-07-17,Paid
INV-2026-00934,CTR-2026-00070,PR-2026-00624,PRC-VND-0132,8978185.79,2026-06-16,2026-07-16,Paid
INV-2026-00935,CTR-2026-00071,PR-2026-00051,PRC-VND-0076,11235744.71,2026-07-25,2026-08-24,Paid
INV-2026-00936,CTR-2026-00072,PR-2026-00493,PRC-VND-0126,6146326.08,2026-07-01,2026-07-31,Paid
INV-2026-00937,CTR-2026-00073,PR-2026-00635,PRC-VND-0135,13996467.06,2026-06-29,2026-07-29,Paid
INV-2026-00938,CTR-2026-00074,PR-2026-00629,PRC-VND-0024,2051234.64,2026-05-31,2026-06-30,Paid
INV-2026-00939,CTR-2026-00074,PR-2026-00629,PRC-VND-0024,2051234.64,2026-07-04,2026-08-03,Paid
INV-2026-00940,CTR-2026-00075,PR-2026-00766,PRC-VND-0001,1727665.95,2026-05-31,2026-06-30,Paid
INV-2026-00941,CTR-2026-00075,PR-2026-00766,PRC-VND-0001,1727665.95,2026-07-06,2026-08-05,Paid
INV-2026-00942,CTR-2026-00076,PR-2026-00182,PRC-VND-0090,2429781.37,2026-07-03,2026-08-02,Paid
INV-2026-00943,CTR-2026-00077,PR-2026-00226,PRC-VND-0113,13671666.67,2026-05-26,2026-06-25,Paid
INV-2026-00944,CTR-2026-00077,PR-2026-00226,PRC-VND-0113,13671666.67,2026-06-18,2026-07-18,Paid
INV-2026-00945,CTR-2026-00077,PR-2026-00226,PRC-VND-0113,13671666.66,2026-07-11,2026-08-10,Paid
INV-2026-00946,CTR-2026-00078,PR-2026-00157,PRC-VND-0074,4315096.68,2026-06-01,2026-07-01,Paid
INV-2026-00947,CTR-2026-00078,PR-2026-00157,PRC-VND-0074,4315096.68,2026-06-29,2026-07-29,Paid
INV-2026-00948,CTR-2026-00078,PR-2026-00157,PRC-VND-0074,4315096.67,2026-07-27,2026-08-26,Paid
INV-2026-00949,CTR-2026-00079,PR-2026-00367,PRC-VND-0076,6755118.71,2026-06-29,2026-07-29,Paid
INV-2026-00950,CTR-2026-00080,PR-2026-00787,PRC-VND-0037,5060907.11,2026-06-11,2026-07-11,Paid
INV-2026-00951,CTR-2026-00080,PR-2026-00787,PRC-VND-0037,5060907.11,2026-07-11,2026-08-10,Paid
INV-2026-00952,CTR-2026-00081,PR-2026-00594,PRC-VND-0126,1067265.06,2026-06-10,2026-07-10,Paid
INV-2026-00953,CTR-2026-00081,PR-2026-00594,PRC-VND-0126,1067265.06,2026-08-02,2026-09-01,Paid
INV-2026-00954,CTR-2026-00082,PR-2026-00740,PRC-VND-0117,7673689.22,2026-06-05,2026-07-05,Paid
INV-2026-00955,CTR-2026-00082,PR-2026-00740,PRC-VND-0117,7673689.23,2026-07-08,2026-08-07,Paid
INV-2026-00956,CTR-2026-00083,PR-2026-00340,PRC-VND-0015,2492996.31,2026-07-04,2026-08-03,Paid
INV-2026-00957,CTR-2026-00084,PR-2026-00061,PRC-VND-0092,3492995.14,2026-06-25,2026-07-25,Paid
INV-2026-00958,CTR-2026-00085,PR-2026-00330,PRC-VND-0058,4236927.98,2026-06-24,2026-07-24,Paid
INV-2026-00959,CTR-2026-00086,PR-2026-00405,PRC-VND-0034,8911547.05,2026-07-12,2026-08-11,Paid
INV-2026-00960,CTR-2026-00087,PR-2026-00316,PRC-VND-0143,4056700.74,2026-06-20,2026-07-20,Paid
INV-2026-00961,CTR-2026-00087,PR-2026-00316,PRC-VND-0143,4056700.74,2026-07-27,2026-08-26,Paid
INV-2026-00962,CTR-2026-00088,PR-2026-00797,PRC-VND-0089,2492738.45,2026-07-08,2026-08-07,Paid
INV-2026-00963,CTR-2026-00089,PR-2026-00668,PRC-VND-0050,597265.51,2026-07-10,2026-08-09,Paid
INV-2026-00964,CTR-2026-00090,PR-2026-00650,PRC-VND-0092,5362967.22,2026-07-08,2026-08-07,Paid
INV-2026-00965,CTR-2026-00091,PR-2026-00750,PRC-VND-0143,8963290.31,2026-07-30,2026-08-29,Paid
INV-2026-00966,CTR-2026-00093,PR-2026-00566,PRC-VND-0037,8277860.91,2026-07-05,2026-08-04,Paid
INV-2026-00967,CTR-2026-00095,PR-2026-00261,PRC-VND-0082,5822368.75,2026-07-04,2026-08-03,Paid
INV-2026-00968,CTR-2026-00095,PR-2026-00261,PRC-VND-0082,5822368.75,2026-07-30,2026-08-29,Paid
INV-2026-00969,CTR-2026-00096,PR-2026-00239,PRC-VND-0116,11001834.68,2026-07-24,2026-08-23,Paid
INV-2026-00970,CTR-2026-00097,PR-2026-00518,PRC-VND-0094,4948023.84,2026-06-25,2026-07-25,Paid
INV-2026-00971,CTR-2026-00097,PR-2026-00518,PRC-VND-0094,4948023.84,2026-07-22,2026-08-21,Paid
INV-2026-00972,CTR-2026-00100,PR-2026-00506,PRC-VND-0065,6280678.44,2026-06-21,2026-07-21,Paid
INV-2026-00973,CTR-2026-00100,PR-2026-00506,PRC-VND-0065,6280678.44,2026-07-20,2026-08-19,Paid
INV-2026-00974,CTR-2026-00102,PR-2026-00615,PRC-VND-0107,1663430.49,2026-07-05,2026-08-04,Paid
INV-2026-00975,CTR-2026-00103,PR-2026-00011,PRC-VND-0025,3569569.85,2026-07-08,2026-08-07,Paid
INV-2026-00976,CTR-2026-00105,PR-2026-00528,PRC-VND-0038,5802658.97,2026-07-17,2026-08-16,Paid
INV-2026-00977,CTR-2026-00108,PR-2026-00612,PRC-VND-0147,4389262.85,2026-07-24,2026-08-23,Paid
INV-2026-00978,CTR-2026-00110,PR-2026-00272,PRC-VND-0034,1553719.71,2026-07-20,2026-08-19,Paid
INV-2026-00979,CTR-2026-00111,PR-2026-00389,PRC-VND-0113,1453186.4,2026-07-30,2026-08-29,Paid
INV-2026-00980,CTR-2026-00113,PR-2026-00564,PRC-VND-0127,3053413.99,2026-07-31,2026-08-30,Paid
INV-2026-00981,CTR-2026-00114,PR-2026-00250,PRC-VND-0143,4657938.82,2026-07-29,2026-08-28,Paid
INV-2026-00982,CTR-2026-00120,PR-2026-00254,PRC-VND-0129,2013652.31,2026-07-26,2026-08-25,Paid
